ut_steps,perplexity,avg_loss
2,0.6969004714311567,2.0075206756591797
