ut_steps,perplexity,avg_loss
2,2.8912086486816406,1.0616745623675259
