ut_steps,perplexity,avg_loss
2,0.5915065092346572,1.8067080974578857
