ut_steps,perplexity,avg_loss
4,0.40756662700927837,1.5031555891036987
