ut_steps,perplexity,avg_loss
2,0.6311411857336168,1.8797545433044434
