ut_steps,perplexity,avg_loss
2,0.6641593866063684,1.9428565502166748
