ut_steps,perplexity,avg_loss
1,7.375720500946045,1.9981936758214778
