task_type,ut_steps,accuracy,std,n_samples,accuracy_pct
igsm,4,0.19,0.3942772444036626,100,19.0
n_ary,4,0.026,0.15929453694021634,500,2.6
p_hop,4,0.19666666666666666,0.3981422858999375,300,19.666666666666664
