ut_steps,is_correct,generation_time,effective_depth,depth_efficiency,accuracy_pct
4,0.10111111111111111,21.227995010211135,96,0.0010532407407407407,10.11111111111111
