ut_steps,is_correct,model_size_b,param_efficiency,accuracy_pct
4,0.10111111111111111,1.4,0.07222222222222223,10.11111111111111
