ut_steps,is_correct,generation_time,generated_tokens,tokens_per_sec,accuracy_pct,accuracy_per_sec
4,0.10111111111111111,21.227995010211135,11.492222222222223,0.5413710629145244,10.11111111111111,0.004763102264838221
