ut_steps,perplexity,avg_loss
2,0.5730780934398603,1.7737183570861816
