task_type,ut_steps,accuracy,std,n_samples,accuracy_pct
igsm,3,0.12,0.3265986323710904,100,12.0
n_ary,3,0.294,0.45604819911917194,500,29.4
p_hop,3,0.28,0.4497490939308704,300,28.000000000000004
