ut_steps,perplexity,avg_loss
3,0.2410782402749798,1.2726205587387085
