depth,variant,ut_steps,accuracy,std,n_samples,accuracy_pct
0,code,3,0.97,0.17144660799776523,100,97.0
0,equation,3,1.0,0.0,100,100.0
0,math,3,1.0,0.0,100,100.0
1,code,3,0.89,0.3144660377352202,100,89.0
1,equation,3,0.88,0.3265986323710904,100,88.0
1,math,3,0.93,0.25643239997624273,100,93.0
