ut_steps,is_correct,generation_time,generated_tokens,tokens_per_sec,accuracy_pct,accuracy_per_sec
3,0.27,6.029577916571109,6.338888888888889,1.0512989427448476,27.0,0.044779253827694654
