ut_steps,perplexity,avg_loss
2,0.706465326088312,2.0268144607543945
