ut_steps,perplexity,avg_loss
4,0.471730665178881,1.602765679359436
