ut_steps,perplexity,avg_loss
1,7.139639377593994,1.965662186796015
