ut_steps,perplexity,avg_loss
12,0.4571382748461494,1.5795472860336304
