ut_steps,perplexity,avg_loss
4,0.46758282130838374,1.596131443977356
