ut_steps,perplexity,avg_loss
2,0.6958115807568103,2.005335807800293
