ut_steps,perplexity,avg_loss
4,0.5355821506053622,1.7084424495697021
