ut_steps,perplexity,avg_loss
1,8.984060287475586,2.1954520398920234
