ut_steps,perplexity,avg_loss
2,0.6807570574055827,1.9753726720809937
