ut_steps,perplexity,avg_loss
2,0.5580256366951059,1.747219443321228
