task_type,ut_steps,accuracy,std,n_samples,accuracy_pct
igsm,8,0.22,0.41633319989322654,100,22.0
n_ary,8,0.048,0.21398031486634606,500,4.8
p_hop,8,0.2866666666666667,0.45296004041888327,300,28.666666666666668
