ut_steps,perplexity,avg_loss
8,0.23617070790221192,1.2663904428482056
