depth,variant,ut_steps,accuracy,std,n_samples,accuracy_pct
0,code,8,0.2,0.4020151261036849,100,20.0
0,equation,8,0.31,0.4648231987117318,100,31.0
0,math,8,0.28,0.451260859854213,100,28.000000000000004
1,code,8,0.19,0.3942772444036625,100,19.0
1,equation,8,0.2,0.4020151261036848,100,20.0
1,math,8,0.26,0.44084400227680803,100,26.0
