variant,ut_steps,accuracy,std,n_samples,accuracy_pct
code,8,0.195,0.3971949384061652,200,19.5
equation,8,0.255,0.4369549727846178,200,25.5
math,8,0.27,0.4450735357907799,200,27.0
