ut_steps,perplexity,avg_loss
1,9.169760704040527,2.2159111391414297
