ut_steps,perplexity,avg_loss
4,0.4713824343606068,1.6022076606750488
