task_type,ut_steps,accuracy,std,n_samples,accuracy_pct
igsm,1,0.09,0.2876234912646614,100,9.0
n_ary,1,0.102,0.30295141379144674,500,10.2
p_hop,1,0.0033333333333333335,0.05773502691896258,300,0.33333333333333337
