ut_steps,is_correct,generation_time,effective_depth,depth_efficiency,accuracy_pct
1,0.06777777777777778,2.3377693980499985,24,0.0028240740740740743,6.777777777777779
