ut_steps,main_accuracy,primitives_accuracy,main_accuracy_pct,primitives_accuracy_pct,gap
1,0.06777777777777778,0.5866666666666667,6.777777777777779,58.666666666666664,-51.888888888888886
