ut_steps,is_correct,model_size_b,param_efficiency,accuracy_pct
1,0.06777777777777778,1.4,0.04841269841269842,6.777777777777779
