ut_steps,perplexity,avg_loss
1,0.30153366440142126,1.3519306182861328
