depth,variant,ut_steps,accuracy,std,n_samples,accuracy_pct
0,code,1,0.55,0.5,100,55.00000000000001
0,equation,1,0.66,0.47609522856952324,100,66.0
0,math,1,0.57,0.4975698519562429,100,56.99999999999999
1,code,1,0.49,0.5024183937956914,100,49.0
1,equation,1,0.65,0.47937248544110217,100,65.0
1,math,1,0.6,0.4923659639173309,100,60.0
