ut_steps,is_correct,generation_time,generated_tokens,tokens_per_sec,accuracy_pct,accuracy_per_sec
1,0.06777777777777778,2.3377693980499985,5.417777777777777,2.317498801334684,6.777777777777779,0.028992499360421607
