ut_steps,perplexity,avg_loss
2,0.6163052748608718,1.8520724773406982
