task_type,difficulty,test_input,expected_answer,prediction,is_correct,test_id,ut_steps,full_response,generation_time,generated_tokens,input_tokens,is_degenerate
n_ary,2_ops,871 + 556 =,1427,1427,True,79c641e4,4,[FINAL]  1427 [END],7.896389068999952,8,846,False
n_ary,2_ops,888 + 759 =,1647,1647,True,5ca9e316,4,[FINAL]  1647 [END],7.889067531000137,8,846,False
n_ary,2_ops,670 + 418 =,1088,1088,True,f45d66a6,4,[FINAL]  1088 [END],7.787266907999992,8,846,False
n_ary,2_ops,661 + 544 =,1205,1205,True,d333d682,4,[FINAL]  1205 [END],7.745990308000046,8,846,False
n_ary,2_ops,328 + 902 =,1230,1230,True,508bcc7b,4,[FINAL]  1230 [END],8.159482855000078,8,846,False
n_ary,2_ops,696 + 243 =,939,939,True,7d6f48ef,4,[FINAL]  939 [END],7.548912193999968,7,846,False
n_ary,2_ops,810 + 357 =,1167,1167,True,a04564cd,4,[FINAL]  1167 [END],7.687724160000016,8,846,False
n_ary,2_ops,191 + 780 =,971,971,True,2beef17d,4,[FINAL]  971 [END],7.640172968999877,7,846,False
n_ary,2_ops,933 + 652 =,1585,1585,True,ae954ab6,4,[FINAL]  1585 [END],7.776815185000032,8,846,False
n_ary,2_ops,995 + 551 =,1546,1546,True,cf933cbf,4,[FINAL]  1546 [END],7.7510316989998955,8,846,False
n_ary,2_ops,227 + 885 =,1112,1112,True,3c7a8694,4,[FINAL]  1112 [END],7.831265107000036,8,846,False
n_ary,2_ops,395 + 913 =,1308,1308,True,1534f4e1,4,[FINAL]  1308 [END],7.790484136000032,8,846,False
n_ary,2_ops,661 + 800 =,1461,1461,True,acea4092,4,[FINAL]  1461 [END],8.216540570999996,8,846,False
n_ary,2_ops,262 + 254 =,516,516,True,c6d77350,4,[FINAL]  516 [END],7.525886338999953,7,846,False
n_ary,2_ops,244 + 977 =,1221,1221,True,7d21bd53,4,[FINAL]  1221 [END],7.755013362,8,846,False
n_ary,2_ops,433 + 105 =,538,538,True,7366764f,4,[FINAL]  538 [END],7.533390386999827,7,846,False
n_ary,2_ops,594 + 781 =,1375,1375,True,5af05db5,4,[FINAL]  1375 [END],7.807225656000128,8,846,False
n_ary,2_ops,587 + 573 =,1160,1160,True,f91c0ede,4,[FINAL]  1160 [END],7.804807668999956,8,846,False
n_ary,2_ops,191 + 618 =,809,809,True,be0bc17a,4,[FINAL]  809 [END],7.672000123999851,7,846,False
n_ary,2_ops,682 + 984 =,1666,1666,True,9c5642c0,4,[FINAL]  1666 [END],7.789002865999919,8,846,False
n_ary,2_ops,795 + 227 =,1022,1022,True,a2ba9095,4,[FINAL]  1022 [END],8.1611358629998,8,846,False
n_ary,2_ops,919 + 109 =,1028,1028,True,e37961af,4,[FINAL]  1028 [END],7.755977196999993,8,846,False
n_ary,2_ops,471 + 164 =,635,635,True,45186f7e,4,[FINAL]  635 [END],7.53466027699983,7,846,False
n_ary,2_ops,851 + 650 =,1501,1401,False,131a9162,4,[FINAL]  1401 [END],7.753154233000032,8,846,False
n_ary,2_ops,882 + 157 =,1039,1039,True,414ed408,4,[FINAL]  1039 [END],7.818653189000088,8,846,False
n_ary,2_ops,341 + 322 =,663,663,True,e6b4db98,4,[FINAL]  663 [END],7.645420538000053,7,846,False
n_ary,2_ops,814 + 812 =,1626,1626,True,d8f15a69,4,[FINAL]  1626 [END],7.717362788999935,8,846,False
n_ary,2_ops,524 + 231 =,755,755,True,01cd48ab,4,[FINAL]  755 [END],7.603912783999931,7,846,False
n_ary,2_ops,818 + 463 =,1281,1281,True,bba9e421,4,[FINAL]  1281 [END],8.22476411499997,8,846,False
n_ary,2_ops,725 + 384 =,1109,1109,True,351c8126,4,[FINAL]  1109 [END],7.782983834999868,8,846,False
n_ary,2_ops,165 + 142 =,307,307,True,ab72c775,4,[FINAL]  307 [END],7.595757335999906,7,846,False
n_ary,2_ops,078 + 742 =,820,820,True,7f6e3d9f,4,[FINAL]  820 [END],7.5941848310001205,7,846,False
n_ary,2_ops,020 + 992 =,1012,1012,True,fb33ca93,4,[FINAL]  1012 [END],7.790858279000076,8,846,False
n_ary,2_ops,176 + 446 =,622,622,True,baf2242c,4,[FINAL]  622 [END],7.642585949000022,7,846,False
n_ary,2_ops,104 + 856 =,960,960,True,6c8e5831,4,[FINAL]  960 [END],7.607774151000058,7,846,False
n_ary,2_ops,401 + 405 =,806,806,True,4633ae0c,4,[FINAL]  806 [END],7.493417747999956,7,846,False
n_ary,2_ops,507 + 084 =,591,591,True,f067e942,4,[FINAL]  591 [END],8.036841322999862,7,846,False
n_ary,2_ops,475 + 089 =,564,564,True,7f91b417,4,[FINAL]  564 [END],7.639834487999906,7,846,False
n_ary,2_ops,066 + 868 =,934,934,True,d323c2c5,4,[FINAL]  934 [END],7.586604849999958,7,846,False
n_ary,2_ops,322 + 290 =,612,612,True,66c2a4f5,4,[FINAL]  612 [END],7.574250442999983,7,846,False
n_ary,2_ops,574 + 902 =,1476,1476,True,20c2e47b,4,[FINAL]  1476 [END],7.829037112000151,8,846,False
n_ary,2_ops,098 + 767 =,865,865,True,855015b7,4,[FINAL]  865 [END],7.650701621999815,7,846,False
n_ary,2_ops,379 + 372 =,751,751,True,a262aa97,4,[FINAL]  751 [END],7.58620673900009,7,846,False
n_ary,2_ops,105 + 123 =,228,228,True,388058b4,4,[FINAL]  228 [END],7.568598411000039,7,846,False
n_ary,2_ops,202 + 195 =,397,397,True,7f932f10,4,[FINAL]  397 [END],7.979810036999879,7,846,False
n_ary,2_ops,695 + 944 =,1639,1639,True,a4a1d810,4,[FINAL]  1639 [END],7.695676928000012,8,846,False
n_ary,2_ops,560 + 719 =,1279,1279,True,8e1717a6,4,[FINAL]  1279 [END],7.663716303000001,8,846,False
n_ary,2_ops,516 + 546 =,1062,1062,True,38586378,4,[FINAL]  1062 [END],7.766909407999947,8,846,False
n_ary,2_ops,802 + 300 =,1102,1102,True,099271f0,4,[FINAL]  1102 [END],7.817883268999822,8,846,False
n_ary,2_ops,682 + 019 =,701,691,False,31c9d0f2,4,[FINAL]  691 [END],7.6298340180001105,7,846,False
n_ary,2_ops,543 + 874 =,1417,1417,True,b26ed775,4,[FINAL]  1417 [END],7.833614822999834,8,846,False
n_ary,2_ops,761 + 884 =,1645,1645,True,7b9edbd1,4,[FINAL]  1645 [END],7.711924601999954,8,846,False
n_ary,2_ops,685 + 169 =,854,854,True,ca20f611,4,[FINAL]  854 [END],8.03851524200013,7,846,False
n_ary,2_ops,536 + 175 =,711,711,True,04b6684d,4,[FINAL]  711 [END],7.519741995000004,7,846,False
n_ary,2_ops,788 + 307 =,1095,1095,True,e7cac9f8,4,[FINAL]  1095 [END],7.7101786610001,8,846,False
n_ary,2_ops,190 + 700 =,890,890,True,5f268c6c,4,[FINAL]  890 [END],7.620803882000018,7,846,False
n_ary,2_ops,634 + 466 =,1100,1090,False,adc09dd8,4,[FINAL]  1090 [END],7.841428697000083,8,846,False
n_ary,2_ops,615 + 126 =,741,741,True,76da673e,4,[FINAL]  741 [END],7.643456392999951,7,846,False
n_ary,2_ops,771 + 891 =,1662,1662,True,78790dfe,4,[FINAL]  1662 [END],7.767687728000055,8,846,False
n_ary,2_ops,034 + 496 =,530,530,True,de2d0fa1,4,[FINAL]  530 [END],7.5754671100000905,7,846,False
n_ary,2_ops,125 + 876 =,1001,1001,True,9d8dcab4,4,[FINAL]  1001 [END],7.756525034000106,8,846,False
n_ary,2_ops,174 + 419 =,593,593,True,f32455a5,4,[FINAL]  593 [END],8.008443536999948,7,846,False
n_ary,2_ops,593 + 573 =,1166,1166,True,460863f6,4,[FINAL]  1166 [END],7.714881511000158,8,846,False
n_ary,2_ops,357 + 257 =,614,614,True,247e20e7,4,[FINAL]  614 [END],7.603012218999993,7,846,False
n_ary,2_ops,002 + 470 =,472,472,True,801e9336,4,[FINAL]  472 [END],7.57279199200002,7,846,False
n_ary,2_ops,561 + 864 =,1425,1425,True,f4c9af9d,4,[FINAL]  1425 [END],7.762910340999952,8,846,False
n_ary,2_ops,341 + 016 =,357,357,True,7ca81c19,4,[FINAL]  357 [END],7.559796848000133,7,846,False
n_ary,2_ops,325 + 686 =,1011,1011,True,3cc10d46,4,[FINAL]  1011 [END],7.721933507999893,8,846,False
n_ary,2_ops,868 + 549 =,1417,1417,True,a93b775b,4,[FINAL]  1417 [END],8.212952861999838,8,846,False
n_ary,2_ops,627 + 814 =,1441,1441,True,6390c8a7,4,[FINAL]  1441 [END],7.7588002379998215,8,846,False
n_ary,2_ops,455 + 760 =,1215,1215,True,8f0b968d,4,[FINAL]  1215 [END],7.745628691999855,8,846,False
n_ary,2_ops,467 + 012 =,479,479,True,d4f77ef2,4,[FINAL]  479 [END],7.666168028000129,7,846,False
n_ary,2_ops,084 + 579 =,663,663,True,1fb27064,4,[FINAL]  663 [END],7.585661113000015,7,846,False
n_ary,2_ops,499 + 713 =,1212,1212,True,34408909,4,[FINAL]  1212 [END],7.7082465200001025,8,846,False
n_ary,2_ops,279 + 446 =,725,725,True,85681280,4,[FINAL]  725 [END],7.568699318000199,7,846,False
n_ary,2_ops,284 + 232 =,516,516,True,2ede5177,4,[FINAL]  516 [END],7.576349399000037,7,846,False
n_ary,2_ops,680 + 246 =,926,926,True,07877f9c,4,[FINAL]  926 [END],7.995036748000075,7,846,False
n_ary,2_ops,878 + 401 =,1279,1279,True,93cf9a03,4,[FINAL]  1279 [END],7.696624029999839,8,846,False
n_ary,2_ops,209 + 362 =,571,571,True,2bb186e9,4,[FINAL]  571 [END],7.692746985999975,7,846,False
n_ary,2_ops,995 + 494 =,1489,1489,True,db802bce,4,[FINAL]  1489 [END],7.761200401999986,8,846,False
n_ary,2_ops,137 + 278 =,415,415,True,71f7c6d8,4,[FINAL]  415 [END],7.649281857000005,7,846,False
n_ary,2_ops,256 + 045 =,301,301,True,649cb398,4,[FINAL]  301 [END],7.593666577000022,7,846,False
n_ary,2_ops,255 + 585 =,840,840,True,9726fdca,4,[FINAL]  840 [END],7.592586641000025,7,846,False
n_ary,2_ops,059 + 353 =,412,412,True,117c6e8c,4,[FINAL]  412 [END],7.518910690999974,7,846,False
n_ary,2_ops,954 + 007 =,961,961,True,17093adf,4,[FINAL]  961 [END],7.989389783999968,7,846,False
n_ary,2_ops,243 + 548 =,791,791,True,fdb2069d,4,[FINAL]  791 [END],7.549836684999946,7,846,False
n_ary,2_ops,054 + 747 =,801,801,True,81155b3f,4,[FINAL]  801 [END],7.547945918999858,7,846,False
n_ary,2_ops,194 + 825 =,1019,1019,True,68213f05,4,[FINAL]  1019 [END],7.805779799999982,8,846,False
n_ary,2_ops,934 + 402 =,1336,1336,True,185edad5,4,[FINAL]  1336 [END],7.811806523000087,8,846,False
n_ary,2_ops,772 + 557 =,1329,1329,True,5bf1120d,4,[FINAL]  1329 [END],7.729364044000022,8,846,False
n_ary,2_ops,344 + 264 =,608,608,True,1175ea60,4,[FINAL]  608 [END],7.58385357200018,7,846,False
n_ary,2_ops,013 + 524 =,537,537,True,e80a0588,4,[FINAL]  537 [END],7.62901151799997,7,846,False
n_ary,2_ops,770 + 451 =,1221,1221,True,cacb62c1,4,[FINAL]  1221 [END],7.7064041650000945,8,846,False
n_ary,2_ops,303 + 209 =,512,512,True,b68954c9,4,[FINAL]  512 [END],8.008695845000148,7,846,False
n_ary,2_ops,321 + 804 =,1125,1125,True,1c41d0dd,4,[FINAL]  1125 [END],7.829429112000071,8,846,False
n_ary,2_ops,589 + 313 =,902,902,True,170ce2eb,4,[FINAL]  902 [END],7.560123456999918,7,846,False
n_ary,2_ops,170 + 522 =,692,692,True,ff1ac523,4,[FINAL]  692 [END],7.58154505199991,7,846,False
n_ary,2_ops,710 + 816 =,1526,1526,True,4efae169,4,[FINAL]  1526 [END],7.76480366900023,8,846,False
n_ary,2_ops,636 + 682 =,1318,1318,True,bc2a1e7e,4,[FINAL]  1318 [END],7.726177052999901,8,846,False
n_ary,2_ops,397 + 660 =,1057,1057,True,10b73590,4,[FINAL]  1057 [END],7.781637323999803,8,846,False
n_ary,4_ops,950 + 755 + 994 + 329 =,3028,2928,False,e966b536,4,[FINAL]  2928 [END],7.814052243999868,8,856,False
n_ary,4_ops,736 + 412 + 088 + 387 =,1623,1623,True,624d9a70,4,[FINAL]  1623 [END],8.142618722999941,8,856,False
n_ary,4_ops,753 + 339 + 879 + 891 =,2862,3462,False,5fa5f430,4,[FINAL]  3462 [END],7.77687779300004,8,856,False
n_ary,4_ops,275 + 325 + 508 + 714 =,1822,1812,False,e80704ef,4,[FINAL]  1812 [END],7.7386210650001885,8,856,False
n_ary,4_ops,364 + 364 + 250 + 530 =,1508,1408,False,149c597d,4,[FINAL]  1408 [END],7.78574152200008,8,856,False
n_ary,4_ops,935 + 994 + 509 + 813 =,3251,3251,True,e952fe63,4,[FINAL]  3251 [END],7.773903291999886,8,856,False
n_ary,4_ops,255 + 498 + 438 + 405 =,1596,1696,False,cb617301,4,[FINAL]  1696 [END],7.68601952400013,8,856,False
n_ary,4_ops,468 + 035 + 227 + 239 =,969,1069,False,0a382304,4,[FINAL]  1069 [END],7.66519774399967,8,856,False
n_ary,4_ops,665 + 304 + 526 + 303 =,1798,1800,False,0fefd5ba,4,[FINAL]  1800 [END],7.747177174000171,8,856,False
n_ary,4_ops,495 + 900 + 517 + 587 =,2499,2599,False,cbd6663f,4,[FINAL]  2599 [END],8.14711877200034,8,856,False
n_ary,4_ops,825 + 944 + 297 + 294 =,2360,2550,False,a0d037d5,4,[FINAL]  2550 [END],7.7785387439998885,8,856,False
n_ary,4_ops,765 + 307 + 249 + 787 =,2108,2108,True,29174476,4,[FINAL]  2108 [END],7.75650266599996,8,856,False
n_ary,4_ops,155 + 277 + 282 + 752 =,1466,1466,True,1e96c2d4,4,[FINAL]  1466 [END],7.83747392100031,8,856,False
n_ary,4_ops,009 + 470 + 325 + 499 =,1303,1393,False,9e4239a7,4,[FINAL]  1393 [END],7.823832230999869,8,856,False
n_ary,4_ops,855 + 459 + 091 + 180 =,1585,1585,True,a29b82d2,4,[FINAL]  1585 [END],7.759637999999995,8,856,False
n_ary,4_ops,507 + 089 + 087 + 048 =,731,721,False,f5309cae,4,[FINAL]  721 [END],7.498735045000103,7,856,False
n_ary,4_ops,976 + 206 + 812 + 298 =,2292,2282,False,b6ef1568,4,[FINAL]  2282 [END],7.695515155000066,8,856,False
n_ary,4_ops,574 + 983 + 449 + 071 =,2077,2097,False,24638f09,4,[FINAL]  2097 [END],8.146413046000362,8,856,False
n_ary,4_ops,656 + 191 + 321 + 614 =,1782,1782,True,acdf4d5f,4,[FINAL]  1782 [END],7.808704382999622,8,856,False
n_ary,4_ops,912 + 485 + 028 + 850 =,2275,2275,True,24e99827,4,[FINAL]  2275 [END],7.702823997999985,8,856,False
n_ary,4_ops,493 + 584 + 462 + 991 =,2530,2530,True,7eb2dc0a,4,[FINAL]  2530 [END],7.792999429999782,8,856,False
n_ary,4_ops,087 + 253 + 336 + 327 =,1003,1253,False,301322c7,4,[FINAL]  1253 [END],7.7478126790001625,8,856,False
n_ary,4_ops,471 + 537 + 249 + 938 =,2195,2295,False,62a45deb,4,[FINAL]  2295 [END],7.773661017999984,8,856,False
n_ary,4_ops,698 + 537 + 507 + 857 =,2599,2599,True,7ecdd310,4,[FINAL]  2599 [END],7.767689541000436,8,856,False
n_ary,4_ops,042 + 704 + 934 + 325 =,2005,2405,False,3ee85c70,4,[FINAL]  2405 [END],7.6746351570000115,8,856,False
n_ary,4_ops,765 + 869 + 357 + 801 =,2792,2892,False,3dd41e23,4,[FINAL]  2892 [END],8.170203389999642,8,856,False
n_ary,4_ops,162 + 786 + 745 + 399 =,2092,2612,False,d662050f,4,[FINAL]  2612 [END],7.740806340999825,8,856,False
n_ary,4_ops,790 + 481 + 146 + 926 =,2343,2243,False,e940fd06,4,[FINAL]  2243 [END],7.775884625999879,8,856,False
n_ary,4_ops,547 + 141 + 779 + 534 =,2001,2001,True,f767941f,4,[FINAL]  2001 [END],7.7218801429999075,8,856,False
n_ary,4_ops,570 + 037 + 142 + 083 =,832,832,True,c5dc74f6,4,[FINAL]  832 [END],7.581699656000183,7,856,False
n_ary,4_ops,943 + 645 + 374 + 332 =,2294,2294,True,edc186ec,4,[FINAL]  2294 [END],7.7606907489998775,8,856,False
n_ary,4_ops,462 + 976 + 726 + 421 =,2585,2585,True,b60a747d,4,[FINAL]  2585 [END],7.759805834999952,8,856,False
n_ary,4_ops,607 + 810 + 371 + 912 =,2700,2700,True,96f4ebc9,4,[FINAL]  2700 [END],8.203481281999757,8,856,False
n_ary,4_ops,246 + 069 + 217 + 191 =,723,713,False,ae7a111b,4,[FINAL]  713 [END],7.531117723000079,7,856,False
n_ary,4_ops,732 + 601 + 419 + 941 =,2693,2703,False,44fad801,4,[FINAL]  2703 [END],7.750985712999864,8,856,False
n_ary,4_ops,802 + 371 + 088 + 637 =,1898,1918,False,8ab6c554,4,[FINAL]  1918 [END],7.712685301999954,8,856,False
n_ary,4_ops,198 + 219 + 059 + 430 =,906,906,True,6e752908,4,[FINAL]  906 [END],7.6223501399999805,7,856,False
n_ary,4_ops,464 + 734 + 308 + 569 =,2075,2175,False,cf64a8c6,4,[FINAL]  2175 [END],7.709847743999944,8,856,False
n_ary,4_ops,543 + 727 + 204 + 400 =,1874,1874,True,f3bb5615,4,[FINAL]  1874 [END],7.738116266999896,8,856,False
n_ary,4_ops,746 + 277 + 470 + 649 =,2142,2142,True,d1ad526d,4,[FINAL]  2142 [END],7.713556715999857,8,856,False
n_ary,4_ops,388 + 860 + 856 + 019 =,2123,2123,True,ffb13636,4,[FINAL]  2123 [END],8.204170083999998,8,856,False
n_ary,4_ops,217 + 875 + 881 + 739 =,2712,3292,False,8594f513,4,[FINAL]  3292 [END],7.839980649000154,8,856,False
n_ary,4_ops,778 + 834 + 074 + 378 =,2064,2074,False,960fde41,4,[FINAL]  2074 [END],7.790552796000156,8,856,False
n_ary,4_ops,526 + 133 + 277 + 607 =,1543,1543,True,9b1a1b70,4,[FINAL]  1543 [END],7.725471169999764,8,856,False
n_ary,4_ops,146 + 711 + 893 + 164 =,1914,2214,False,890a4921,4,[FINAL]  2214 [END],7.747940756999924,8,856,False
n_ary,4_ops,787 + 660 + 983 + 204 =,2634,2634,True,4fbc9d86,4,[FINAL]  2634 [END],7.770824049000112,8,856,False
n_ary,4_ops,591 + 666 + 408 + 270 =,1935,1935,True,18b23fd8,4,[FINAL]  1935 [END],7.703209221999714,8,856,False
n_ary,4_ops,006 + 604 + 361 + 367 =,1338,1338,True,18a2d452,4,[FINAL]  1338 [END],7.70961846199998,8,856,False
n_ary,4_ops,224 + 650 + 599 + 027 =,1500,1550,False,bd5add08,4,[FINAL]  1550 [END],8.286384394999914,8,856,False
n_ary,4_ops,989 + 193 + 537 + 909 =,2628,3528,False,4b0799d0,4,[FINAL]  3528 [END],7.747939100000167,8,856,False
n_ary,4_ops,103 + 495 + 301 + 933 =,1832,1822,False,c4e880d4,4,[FINAL]  1822 [END],7.745925741999599,8,856,False
n_ary,4_ops,040 + 904 + 342 + 697 =,1983,1983,True,be37b1e7,4,[FINAL]  1983 [END],7.749502234999909,8,856,False
n_ary,4_ops,456 + 480 + 533 + 333 =,1802,1702,False,826a8c40,4,[FINAL]  1702 [END],7.73413725599994,8,856,False
n_ary,4_ops,161 + 373 + 167 + 216 =,917,917,True,0266fd98,4,[FINAL]  917 [END],7.559164489000068,7,856,False
n_ary,4_ops,179 + 785 + 017 + 087 =,1068,1088,False,482aa93f,4,[FINAL]  1088 [END],7.727473267999812,8,856,False
n_ary,4_ops,015 + 090 + 869 + 541 =,1515,1515,True,677da7e4,4,[FINAL]  1515 [END],7.701836612000079,8,856,False
n_ary,4_ops,617 + 886 + 169 + 047 =,1719,1629,False,59d6aaeb,4,[FINAL]  1629 [END],8.237589551999918,8,856,False
n_ary,4_ops,191 + 305 + 248 + 808 =,1552,1552,True,2014d263,4,[FINAL]  1552 [END],7.735797504000402,8,856,False
n_ary,4_ops,176 + 433 + 869 + 902 =,2380,2570,False,e98b76ee,4,[FINAL]  2570 [END],7.742098672000338,8,856,False
n_ary,4_ops,292 + 969 + 909 + 631 =,2801,3701,False,32d4897b,4,[FINAL]  3701 [END],7.740097404999688,8,856,False
n_ary,4_ops,283 + 738 + 746 + 116 =,1883,2583,False,07405400,4,[FINAL]  2583 [END],7.707621959999869,8,856,False
n_ary,4_ops,648 + 237 + 738 + 644 =,2267,2267,True,1d8ab0c7,4,[FINAL]  2267 [END],7.685262416000114,8,856,False
n_ary,4_ops,314 + 780 + 586 + 271 =,1951,1951,True,0db67365,4,[FINAL]  1951 [END],7.681912864999958,8,856,False
n_ary,4_ops,159 + 879 + 396 + 615 =,2049,2059,False,e11fd651,4,[FINAL]  2059 [END],7.766182271000162,8,856,False
n_ary,4_ops,266 + 765 + 765 + 594 =,2390,2970,False,a3bc20af,4,[FINAL]  2970 [END],8.251114827000038,8,856,False
n_ary,4_ops,196 + 151 + 866 + 055 =,1268,1298,False,e03472d0,4,[FINAL]  1298 [END],7.729131575999872,8,856,False
n_ary,4_ops,383 + 699 + 069 + 897 =,2048,2048,True,45c20620,4,[FINAL]  2048 [END],7.730233630999919,8,856,False
n_ary,4_ops,234 + 303 + 921 + 932 =,2390,2490,False,838dc0fd,4,[FINAL]  2490 [END],7.706045228000221,8,856,False
n_ary,4_ops,306 + 390 + 176 + 792 =,1664,1864,False,03ae58af,4,[FINAL]  1864 [END],7.793159184999695,8,856,False
n_ary,4_ops,082 + 942 + 942 + 984 =,2950,3730,False,7180b361,4,[FINAL]  3730 [END],7.701727074000246,8,856,False
n_ary,4_ops,874 + 052 + 788 + 727 =,2441,3031,False,df01abda,4,[FINAL]  3031 [END],7.699103040999944,8,856,False
n_ary,4_ops,900 + 858 + 140 + 689 =,2587,2587,True,0e18f8e1,4,[FINAL]  2587 [END],7.764287874000274,8,856,False
n_ary,4_ops,510 + 338 + 265 + 090 =,1203,1193,False,be65feb5,4,[FINAL]  1193 [END],7.833946803999879,8,856,False
n_ary,4_ops,845 + 989 + 389 + 146 =,2369,2379,False,7d9b37f6,4,[FINAL]  2379 [END],8.210088041999825,8,856,False
n_ary,4_ops,104 + 787 + 937 + 587 =,2415,2365,False,c675a904,4,[FINAL]  2365 [END],7.682250319000104,8,856,False
n_ary,4_ops,195 + 401 + 392 + 871 =,1859,2559,False,e12d3ee8,4,[FINAL]  2559 [END],7.729238557999906,8,856,False
n_ary,4_ops,896 + 815 + 747 + 924 =,3382,3472,False,0487f8c1,4,[FINAL]  3472 [END],7.7684118070001205,8,856,False
n_ary,4_ops,448 + 389 + 302 + 127 =,1266,1366,False,abd22346,4,[FINAL]  1366 [END],7.69769240100004,8,856,False
n_ary,4_ops,145 + 224 + 728 + 416 =,1513,1513,True,0e52566e,4,[FINAL]  1513 [END],7.7409590279999065,8,856,False
n_ary,4_ops,505 + 501 + 533 + 404 =,1943,1943,True,4047191c,4,[FINAL]  1943 [END],7.7041766079996705,8,856,False
n_ary,4_ops,766 + 718 + 653 + 348 =,2485,2525,False,e3174889,4,[FINAL]  2525 [END],8.22420631399973,8,856,False
n_ary,4_ops,052 + 820 + 365 + 174 =,1411,1411,True,94c88d1f,4,[FINAL]  1411 [END],7.75304436999977,8,856,False
n_ary,4_ops,151 + 020 + 698 + 793 =,1662,1652,False,a517f30a,4,[FINAL]  1652 [END],7.742922317000193,8,856,False
n_ary,4_ops,704 + 411 + 794 + 099 =,2008,2008,True,18261546,4,[FINAL]  2008 [END],7.8331360800002585,8,856,False
n_ary,4_ops,145 + 373 + 531 + 603 =,1652,1652,True,69e6899e,4,[FINAL]  1652 [END],7.706812086999889,8,856,False
n_ary,4_ops,871 + 524 + 264 + 069 =,1728,1718,False,0f7ba911,4,[FINAL]  1718 [END],7.750727385999653,8,856,False
n_ary,4_ops,746 + 880 + 907 + 025 =,2558,2558,True,3dd0a114,4,[FINAL]  2558 [END],7.7287331369998356,8,856,False
n_ary,4_ops,534 + 133 + 980 + 044 =,1691,1691,True,cf0b3ec6,4,[FINAL]  1691 [END],7.765787692000231,8,856,False
n_ary,4_ops,910 + 840 + 573 + 541 =,2864,2864,True,a2910425,4,[FINAL]  2864 [END],8.257712003000051,8,856,False
n_ary,4_ops,581 + 752 + 433 + 854 =,2620,2520,False,0ce884f8,4,[FINAL]  2520 [END],7.677977586999987,8,856,False
n_ary,4_ops,605 + 937 + 191 + 122 =,1855,1855,True,7b6a48da,4,[FINAL]  1855 [END],7.67922137000005,8,856,False
n_ary,4_ops,728 + 121 + 019 + 360 =,1228,1238,False,04186efa,4,[FINAL]  1238 [END],7.7844483530002435,8,856,False
n_ary,4_ops,840 + 990 + 159 + 890 =,2879,3629,False,e7bee6ec,4,[FINAL]  3629 [END],7.702913416999763,8,856,False
n_ary,4_ops,378 + 751 + 875 + 929 =,2933,378,False,c13bce51,4,[FINAL]  378 + 751 + 875 + ,9.028973954999856,16,856,False
n_ary,4_ops,113 + 487 + 796 + 745 =,2141,2121,False,abedcbbf,4,[FINAL]  2121 [END],7.767773061000298,8,856,False
n_ary,4_ops,986 + 197 + 047 + 277 =,1507,1407,False,90c4a9f4,4,[FINAL]  1407 [END],7.70790150699986,8,856,False
n_ary,4_ops,849 + 468 + 542 + 421 =,2280,2280,True,f0c74551,4,[FINAL]  2280 [END],8.152389491000122,8,856,False
n_ary,4_ops,822 + 773 + 320 + 564 =,2479,2579,False,d0b67fa7,4,[FINAL]  2579 [END],7.670154274000197,8,856,False
n_ary,4_ops,440 + 418 + 958 + 794 =,2610,2610,True,efde6641,4,[FINAL]  2610 [END],7.684715832000165,8,856,False
n_ary,4_ops,783 + 552 + 317 + 921 =,2573,2573,True,aaff7663,4,[FINAL]  2573 [END],7.723684547000175,8,856,False
n_ary,8_ops,992 + 523 + 224 + 838 + 857 + 407 + 252 + 810 =,4903,4086,False,b16de280,4,[FINAL]  4086 [END],7.808382871000049,8,876,False
n_ary,8_ops,324 + 822 + 430 + 694 + 881 + 497 + 701 + 384 =,4733,4633,False,bcb96515,4,[FINAL]  4633 [END],7.82110647699983,8,876,False
n_ary,8_ops,037 + 354 + 386 + 588 + 275 + 832 + 054 + 827 =,3353,3760,False,8ca1683b,4,[FINAL]  3760 [END],7.816685221000171,8,876,False
n_ary,8_ops,799 + 680 + 894 + 862 + 712 + 286 + 938 + 475 =,5646,5301,False,f4258a67,4,[FINAL]  5301 [END],7.805656472999999,8,876,False
n_ary,8_ops,922 + 939 + 285 + 928 + 476 + 328 + 446 + 992 =,5316,5100,False,ffad6f80,4,[FINAL]  5100 [END],8.2332218319998,8,876,False
n_ary,8_ops,850 + 381 + 755 + 546 + 803 + 879 + 541 + 177 =,4932,4722,False,80b9cd0a,4,[FINAL]  4722 [END],7.758797648999916,8,876,False
n_ary,8_ops,491 + 370 + 627 + 593 + 255 + 543 + 333 + 605 =,3817,3422,False,2b2f0fd4,4,[FINAL]  3422 [END],7.806363991000126,8,876,False
n_ary,8_ops,152 + 086 + 769 + 910 + 778 + 498 + 567 + 558 =,4318,4804,False,d08d6115,4,[FINAL]  4804 [END],7.827343916000245,8,876,False
n_ary,8_ops,481 + 215 + 805 + 384 + 553 + 814 + 338 + 981 =,4571,4681,False,a218e8c6,4,[FINAL]  4681 [END],7.847339636000015,8,876,False
n_ary,8_ops,963 + 784 + 226 + 461 + 601 + 703 + 394 + 492 =,4624,3914,False,47422503,4,[FINAL]  3914 [END],7.797942137000064,8,876,False
n_ary,8_ops,182 + 094 + 202 + 102 + 528 + 766 + 094 + 592 =,2560,3194,False,b550c96e,4,[FINAL]  3194 [END],7.843214572999841,8,876,False
n_ary,8_ops,703 + 406 + 809 + 719 + 234 + 546 + 966 + 682 =,5065,4775,False,6c5fb6c7,4,[FINAL]  4775 [END],7.75374491599996,8,876,False
n_ary,8_ops,112 + 844 + 902 + 662 + 117 + 663 + 082 + 930 =,4312,3376,False,5e128866,4,[FINAL]  3376 [END],8.161477932999787,8,876,False
n_ary,8_ops,057 + 490 + 439 + 133 + 074 + 630 + 732 + 033 =,2588,3408,False,efef01fc,4,[FINAL]  3408 [END],7.8280436280001595,8,876,False
n_ary,8_ops,225 + 514 + 629 + 113 + 801 + 862 + 444 + 299 =,3887,3857,False,2e6e4693,4,[FINAL]  3857 [END],7.827548043000206,8,876,False
n_ary,8_ops,279 + 754 + 178 + 522 + 014 + 203 + 894 + 108 =,2952,3106,False,970c11d4,4,[FINAL]  3106 [END],7.781490469000346,8,876,False
n_ary,8_ops,282 + 637 + 509 + 991 + 131 + 968 + 934 + 425 =,4877,5006,False,d4a215a9,4,[FINAL]  5006 [END],7.789897310000015,8,876,False
n_ary,8_ops,074 + 461 + 239 + 115 + 249 + 644 + 858 + 261 =,2901,3191,False,f5a1700f,4,[FINAL]  3191 [END],7.8292582590001984,8,876,False
n_ary,8_ops,739 + 301 + 113 + 078 + 609 + 814 + 946 + 934 =,4534,5004,False,476f5174,4,[FINAL]  5004 [END],7.836904697000136,8,876,False
n_ary,8_ops,934 + 945 + 832 + 298 + 959 + 860 + 815 + 278 =,5921,5905,False,816860dc,4,[FINAL]  5905 [END],7.792336378000073,8,876,False
n_ary,8_ops,944 + 232 + 466 + 155 + 808 + 044 + 859 + 796 =,4304,4759,False,891c1046,4,[FINAL]  4759 [END],7.7520325750001575,8,876,False
n_ary,8_ops,654 + 276 + 070 + 518 + 521 + 740 + 919 + 051 =,3749,4500,False,5e4b0981,4,[FINAL]  4500 [END],8.17387687900009,8,876,False
n_ary,8_ops,928 + 478 + 234 + 091 + 387 + 931 + 438 + 009 =,3496,3470,False,a87c2d81,4,[FINAL]  3470 [END],7.758800994000012,8,876,False
n_ary,8_ops,452 + 979 + 122 + 651 + 107 + 722 + 397 + 674 =,4104,4006,False,c94ffd24,4,[FINAL]  4006 [END],7.749973176999902,8,876,False
n_ary,8_ops,410 + 384 + 120 + 265 + 210 + 299 + 863 + 004 =,2555,2635,False,a4c23a4c,4,[FINAL]  2635 [END],7.786177221999878,8,876,False
n_ary,8_ops,206 + 370 + 266 + 293 + 489 + 197 + 893 + 450 =,3164,3144,False,d4df3181,4,[FINAL]  3144 [END],7.800397289000102,8,876,False
n_ary,8_ops,695 + 701 + 049 + 666 + 642 + 255 + 580 + 317 =,3905,3955,False,aa81754b,4,[FINAL]  3955 [END],7.829167935999976,8,876,False
n_ary,8_ops,730 + 296 + 300 + 525 + 542 + 423 + 698 + 198 =,3712,3720,False,dea4afa8,4,[FINAL]  3720 [END],7.788699039000221,8,876,False
n_ary,8_ops,003 + 375 + 844 + 045 + 100 + 622 + 268 + 401 =,2658,2628,False,257b9080,4,[FINAL]  2628 [END],8.289620042000024,8,876,False
n_ary,8_ops,253 + 183 + 318 + 920 + 120 + 325 + 000 + 938 =,3057,2731,False,687048f4,4,[FINAL]  2731 [END],7.7862378729996635,8,876,False
n_ary,8_ops,931 + 097 + 677 + 784 + 603 + 380 + 763 + 667 =,4902,5100,False,cd63752d,4,[FINAL]  5100 [END],7.7616994159998285,8,876,False
n_ary,8_ops,568 + 331 + 615 + 948 + 027 + 941 + 732 + 755 =,4917,5006,False,e328335b,4,[FINAL]  5006 [END],7.776282759999958,8,876,False
n_ary,8_ops,575 + 138 + 974 + 818 + 631 + 405 + 903 + 053 =,4497,5002,False,546f6132,4,[FINAL]  5002 [END],7.757814846999736,8,876,False
n_ary,8_ops,039 + 864 + 618 + 414 + 576 + 693 + 261 + 108 =,3573,3547,False,08bf7ab6,4,[FINAL]  3547 [END],7.781769051999618,8,876,False
n_ary,8_ops,692 + 858 + 340 + 690 + 578 + 904 + 216 + 498 =,4776,4500,False,1d4a7b93,4,[FINAL]  4500 [END],7.737130528999842,8,876,False
n_ary,8_ops,414 + 747 + 902 + 264 + 869 + 987 + 474 + 637 =,5294,5006,False,7aad4fdf,4,[FINAL]  5006 [END],7.7557550709998395,8,876,False
n_ary,8_ops,547 + 767 + 735 + 911 + 233 + 461 + 633 + 231 =,4518,4600,False,8c52c751,4,[FINAL]  4600 [END],8.20407192499988,8,876,False
n_ary,8_ops,051 + 146 + 045 + 657 + 635 + 006 + 851 + 309 =,2700,3149,False,2149b56f,4,[FINAL]  3149 [END],7.807306841999889,8,876,False
n_ary,8_ops,900 + 466 + 000 + 011 + 512 + 720 + 381 + 706 =,3696,3776,False,1cf85304,4,[FINAL]  3776 [END],7.848255012000209,8,876,False
n_ary,8_ops,407 + 005 + 761 + 402 + 486 + 065 + 050 + 428 =,2604,2744,False,99f861e6,4,[FINAL]  2744 [END],7.874472322999736,8,876,False
n_ary,8_ops,051 + 063 + 649 + 032 + 923 + 367 + 611 + 659 =,3355,3366,False,d7506d47,4,[FINAL]  3366 [END],7.847438504000365,8,876,False
n_ary,8_ops,584 + 787 + 195 + 159 + 123 + 689 + 504 + 790 =,3831,4131,False,7036938b,4,[FINAL]  4131 [END],7.787282129000232,8,876,False
n_ary,8_ops,011 + 195 + 322 + 381 + 499 + 438 + 806 + 515 =,3167,3501,False,793d0309,4,[FINAL]  3501 [END],7.793957777999822,8,876,False
n_ary,8_ops,698 + 668 + 748 + 571 + 415 + 642 + 940 + 564 =,5246,4996,False,daff7de6,4,[FINAL]  4996 [END],7.674373352999737,8,876,False
n_ary,8_ops,705 + 442 + 560 + 374 + 151 + 600 + 765 + 196 =,3793,3903,False,415eadd5,4,[FINAL]  3903 [END],8.262807732000056,8,876,False
n_ary,8_ops,267 + 914 + 435 + 617 + 915 + 774 + 095 + 609 =,4626,4522,False,8d793b53,4,[FINAL]  4522 [END],7.773383157999888,8,876,False
n_ary,8_ops,920 + 516 + 060 + 077 + 146 + 918 + 962 + 017 =,3616,4606,False,9297e078,4,[FINAL]  4606 [END],7.732655023000007,8,876,False
n_ary,8_ops,049 + 092 + 028 + 935 + 038 + 772 + 427 + 769 =,3110,3006,False,ca0eaf7a,4,[FINAL]  3006 [END],7.8557165419997546,8,876,False
n_ary,8_ops,493 + 977 + 303 + 057 + 638 + 955 + 888 + 433 =,4744,493,False,8f03a7bd,4,[FINAL]  493 + 977 + 303 + ,9.155465308000203,16,876,False
n_ary,8_ops,454 + 778 + 686 + 023 + 636 + 643 + 795 + 855 =,4870,5100,False,ed480890,4,[FINAL]  5100 [END],7.808440055000119,8,876,False
n_ary,8_ops,053 + 488 + 755 + 501 + 311 + 550 + 817 + 010 =,3485,3945,False,9232df6c,4,[FINAL]  3945 [END],7.728423229999862,8,876,False
n_ary,8_ops,009 + 047 + 869 + 631 + 053 + 959 + 232 + 872 =,3672,4103,False,e1d60356,4,[FINAL]  4103 [END],7.698226307999903,8,876,False
n_ary,8_ops,776 + 399 + 359 + 331 + 775 + 726 + 121 + 218 =,3705,3707,False,58f7aa4d,4,[FINAL]  3707 [END],8.22335640600022,8,876,False
n_ary,8_ops,796 + 947 + 910 + 257 + 273 + 298 + 597 + 357 =,4435,4106,False,4e33d2d3,4,[FINAL]  4106 [END],7.792744003999815,8,876,False
n_ary,8_ops,656 + 706 + 100 + 289 + 467 + 602 + 281 + 005 =,3106,2706,False,536ec7d0,4,[FINAL]  2706 [END],7.722561035000126,8,876,False
n_ary,8_ops,557 + 194 + 690 + 177 + 089 + 902 + 136 + 226 =,2971,3329,False,940d5da0,4,[FINAL]  3329 [END],7.888419265000266,8,876,False
n_ary,8_ops,713 + 138 + 720 + 469 + 931 + 476 + 518 + 127 =,4092,4502,False,97ac0a91,4,[FINAL]  4502 [END],7.817431075000059,8,876,False
n_ary,8_ops,078 + 558 + 483 + 685 + 413 + 069 + 596 + 420 =,3302,3402,False,492e39fd,4,[FINAL]  3402 [END],7.807392770000206,8,876,False
n_ary,8_ops,406 + 413 + 275 + 085 + 295 + 425 + 270 + 879 =,3048,3603,False,0854e1f5,4,[FINAL]  3603 [END],7.79096147700011,8,876,False
n_ary,8_ops,585 + 423 + 475 + 648 + 730 + 574 + 846 + 872 =,5153,4623,False,16acf4b6,4,[FINAL]  4623 [END],7.721397109999998,8,876,False
n_ary,8_ops,446 + 126 + 806 + 456 + 451 + 253 + 666 + 865 =,4069,4001,False,68faaf54,4,[FINAL]  4001 [END],8.199352701999942,8,876,False
n_ary,8_ops,463 + 884 + 454 + 848 + 097 + 098 + 782 + 182 =,3808,4426,False,8e3c4aee,4,[FINAL]  4426 [END],7.756826422999893,8,876,False
n_ary,8_ops,251 + 801 + 993 + 188 + 996 + 239 + 247 + 422 =,4137,4027,False,23aecceb,4,[FINAL]  4027 [END],7.718559561999882,8,876,False
n_ary,8_ops,477 + 398 + 539 + 568 + 355 + 721 + 575 + 790 =,4423,4233,False,d88b98e8,4,[FINAL]  4233 [END],7.855431531000249,8,876,False
n_ary,8_ops,111 + 425 + 331 + 881 + 978 + 988 + 026 + 072 =,3812,4633,False,34782f05,4,[FINAL]  4633 [END],7.861096516000089,8,876,False
n_ary,8_ops,143 + 761 + 520 + 784 + 157 + 150 + 048 + 847 =,3410,3600,False,eded117f,4,[FINAL]  3600 [END],7.808444885999961,8,876,False
n_ary,8_ops,394 + 536 + 176 + 781 + 632 + 588 + 391 + 687 =,4185,4105,False,1591c58e,4,[FINAL]  4105 [END],7.818959444000029,8,876,False
n_ary,8_ops,398 + 427 + 319 + 266 + 576 + 921 + 813 + 585 =,4305,4305,True,7ec9d78d,4,[FINAL]  4305 [END],7.740244359999906,8,876,False
n_ary,8_ops,281 + 432 + 137 + 579 + 709 + 873 + 336 + 541 =,3888,3908,False,272bdfcf,4,[FINAL]  3908 [END],7.750881391999883,8,876,False
n_ary,8_ops,024 + 909 + 597 + 365 + 351 + 656 + 319 + 278 =,3499,3503,False,5997d1ef,4,[FINAL]  3503 [END],8.256989591000092,8,876,False
n_ary,8_ops,454 + 465 + 985 + 702 + 209 + 246 + 917 + 942 =,4920,5000,False,24327dc6,4,[FINAL]  5000 [END],7.767245096999886,8,876,False
n_ary,8_ops,734 + 295 + 531 + 772 + 377 + 202 + 674 + 582 =,4167,3903,False,8d50a965,4,[FINAL]  3903 [END],7.8360226479999255,8,876,False
n_ary,8_ops,013 + 895 + 627 + 516 + 344 + 420 + 062 + 216 =,3093,3109,False,660ebcf3,4,[FINAL]  3109 [END],7.8089171530000385,8,876,False
n_ary,8_ops,964 + 076 + 621 + 795 + 544 + 687 + 477 + 626 =,4790,4934,False,255a99cf,4,[FINAL]  4934 [END],7.792568274000132,8,876,False
n_ary,8_ops,924 + 391 + 219 + 326 + 951 + 737 + 180 + 135 =,3863,4303,False,295f539b,4,[FINAL]  4303 [END],7.770518558999811,8,876,False
n_ary,8_ops,803 + 393 + 635 + 539 + 730 + 517 + 791 + 568 =,4976,4726,False,ab09fc74,4,[FINAL]  4726 [END],7.782764319999842,8,876,False
n_ary,8_ops,432 + 783 + 240 + 854 + 536 + 987 + 830 + 818 =,5480,5000,False,995f1b9a,4,[FINAL]  5000 [END],8.140946522999911,8,876,False
n_ary,8_ops,391 + 191 + 054 + 317 + 042 + 998 + 656 + 949 =,3598,4638,False,25b0df49,4,[FINAL]  4638 [END],7.740549505000217,8,876,False
n_ary,8_ops,422 + 374 + 941 + 522 + 582 + 515 + 186 + 535 =,4077,3503,False,98fa22e2,4,[FINAL]  3503 [END],7.752955593000024,8,876,False
n_ary,8_ops,673 + 391 + 408 + 200 + 485 + 413 + 620 + 392 =,3582,3572,False,b7095d24,4,[FINAL]  3572 [END],7.8456807130000925,8,876,False
n_ary,8_ops,533 + 666 + 072 + 664 + 996 + 482 + 925 + 058 =,4396,5000,False,86961b70,4,[FINAL]  5000 [END],7.825575218000267,8,876,False
n_ary,8_ops,692 + 078 + 440 + 654 + 942 + 503 + 662 + 798 =,4769,5003,False,f74ed4f9,4,[FINAL]  5003 [END],7.755779305000033,8,876,False
n_ary,8_ops,359 + 996 + 494 + 738 + 120 + 494 + 383 + 547 =,4131,4124,False,d59108e7,4,[FINAL]  4124 [END],7.763091831000111,8,876,False
n_ary,8_ops,449 + 914 + 990 + 745 + 900 + 668 + 664 + 799 =,6129,5629,False,a9ef9cc1,4,[FINAL]  5629 [END],7.7845894309998585,8,876,False
n_ary,8_ops,889 + 300 + 015 + 832 + 187 + 245 + 088 + 219 =,2775,3255,False,b94900de,4,[FINAL]  3255 [END],8.19758786400007,8,876,False
n_ary,8_ops,988 + 428 + 602 + 488 + 584 + 094 + 391 + 556 =,4131,4031,False,1c44dcf4,4,[FINAL]  4031 [END],7.888259328000004,8,876,False
n_ary,8_ops,226 + 935 + 242 + 121 + 746 + 420 + 509 + 761 =,3960,3600,False,7ae3514a,4,[FINAL]  3600 [END],7.79780624499972,8,876,False
n_ary,8_ops,915 + 984 + 445 + 793 + 594 + 856 + 939 + 281 =,5807,5303,False,f9312a84,4,[FINAL]  5303 [END],7.839138427999842,8,876,False
n_ary,8_ops,146 + 485 + 856 + 969 + 169 + 542 + 492 + 054 =,3713,4007,False,7a8d4a4e,4,[FINAL]  4007 [END],7.814351300999988,8,876,False
n_ary,8_ops,380 + 129 + 297 + 685 + 733 + 124 + 019 + 762 =,3129,3239,False,734908e4,4,[FINAL]  3239 [END],7.839461506999669,8,876,False
n_ary,8_ops,904 + 429 + 425 + 688 + 983 + 577 + 002 + 830 =,4838,4739,False,b32402ea,4,[FINAL]  4739 [END],7.765511463999701,8,876,False
n_ary,8_ops,980 + 800 + 591 + 614 + 609 + 034 + 560 + 424 =,4612,4512,False,7aea877a,4,[FINAL]  4512 [END],7.725176291000025,8,876,False
n_ary,8_ops,191 + 112 + 817 + 665 + 789 + 996 + 460 + 083 =,4113,5002,False,6c79bb10,4,[FINAL]  5002 [END],8.200442742000178,8,876,False
n_ary,8_ops,649 + 030 + 046 + 385 + 705 + 148 + 421 + 795 =,3179,3993,False,9c196b94,4,[FINAL]  3993 [END],7.725624115999835,8,876,False
n_ary,8_ops,108 + 124 + 453 + 211 + 496 + 780 + 126 + 576 =,2874,3264,False,3e7b9a7b,4,[FINAL]  3264 [END],7.822035327999856,8,876,False
n_ary,8_ops,021 + 443 + 717 + 277 + 577 + 836 + 837 + 884 =,4592,4560,False,626b1a66,4,[FINAL]  4560 [END],7.811862691999977,8,876,False
n_ary,8_ops,060 + 377 + 220 + 000 + 100 + 074 + 342 + 984 =,2157,2292,False,47e65036,4,[FINAL]  2292 [END],7.852355365999756,8,876,False
n_ary,8_ops,112 + 230 + 649 + 419 + 342 + 090 + 318 + 243 =,2403,2953,False,652d5158,4,[FINAL]  2953 [END],7.76357964700037,8,876,False
n_ary,8_ops,705 + 333 + 921 + 003 + 758 + 029 + 766 + 833 =,4348,4802,False,c9135e3f,4,[FINAL]  4802 [END],7.75798934400018,8,876,False
n_ary,8_ops,657 + 931 + 051 + 262 + 396 + 636 + 569 + 968 =,4470,4924,False,80922a59,4,[FINAL]  4924 [END],7.784194962999663,8,876,False
n_ary,16_ops,085 + 924 + 145 + 640 + 527 + 413 + 521 + 882 + 682 + 105 + 790 + 627 + 504 + 120 + 910 + 654 =,8529,10000,False,f4d7b8b2,4,[FINAL]  10000 [END],8.689740170999812,9,916,False
n_ary,16_ops,984 + 560 + 114 + 017 + 357 + 889 + 871 + 113 + 371 + 828 + 596 + 944 + 329 + 990 + 919 + 299 =,9181,10000,False,514453bc,4,[FINAL]  10000 [END],8.301930567,9,916,False
n_ary,16_ops,833 + 419 + 255 + 046 + 661 + 914 + 304 + 243 + 792 + 610 + 518 + 757 + 653 + 483 + 962 + 749 =,9199,10000,False,39751f34,4,[FINAL]  10000 [END],8.290646527999797,9,916,False
n_ary,16_ops,402 + 995 + 554 + 518 + 358 + 844 + 595 + 818 + 423 + 073 + 540 + 423 + 662 + 029 + 065 + 212 =,7511,6323,False,f414d2ad,4,[FINAL]  6323 [END],8.083921041000394,8,916,False
n_ary,16_ops,322 + 689 + 818 + 298 + 583 + 183 + 428 + 164 + 939 + 999 + 322 + 215 + 606 + 261 + 485 + 118 =,7430,6723,False,24f5377d,4,[FINAL]  6723 [END],8.092183960000057,8,916,False
n_ary,16_ops,346 + 213 + 349 + 719 + 255 + 900 + 297 + 949 + 822 + 119 + 204 + 621 + 121 + 168 + 899 + 815 =,7797,10000,False,74dce1fb,4,[FINAL]  10000 [END],8.23089918200003,9,916,False
n_ary,16_ops,443 + 613 + 284 + 623 + 568 + 338 + 254 + 603 + 018 + 260 + 027 + 251 + 185 + 368 + 704 + 094 =,5633,5000,False,1a2c8a34,4,[FINAL]  5000 [END],8.093335447999834,8,916,False
n_ary,16_ops,965 + 263 + 585 + 763 + 776 + 962 + 178 + 320 + 663 + 470 + 466 + 792 + 673 + 972 + 452 + 253 =,9553,10000,False,f30ba48a,4,[FINAL]  10000 [END],8.267592784000044,9,916,False
n_ary,16_ops,032 + 402 + 257 + 449 + 458 + 623 + 427 + 515 + 584 + 660 + 076 + 375 + 027 + 615 + 855 + 766 =,7121,6322,False,6babcab4,4,[FINAL]  6322 [END],8.601408683000045,8,916,False
n_ary,16_ops,169 + 142 + 718 + 456 + 937 + 263 + 950 + 889 + 553 + 234 + 958 + 759 + 947 + 953 + 074 + 425 =,9427,10000,False,2ecd93df,4,[FINAL]  10000 [END],8.261008317000233,9,916,False
n_ary,16_ops,836 + 104 + 859 + 667 + 726 + 748 + 402 + 953 + 553 + 169 + 684 + 101 + 418 + 731 + 961 + 763 =,9675,10000,False,c8e92ae5,4,[FINAL]  10000 [END],8.270789898999737,9,916,False
n_ary,16_ops,126 + 916 + 896 + 122 + 964 + 544 + 223 + 182 + 700 + 549 + 817 + 646 + 939 + 385 + 015 + 678 =,8702,10000,False,426a2f76,4,[FINAL]  10000 [END],8.265891643000032,9,916,False
n_ary,16_ops,685 + 694 + 910 + 744 + 841 + 371 + 118 + 466 + 015 + 776 + 300 + 883 + 772 + 668 + 000 + 050 =,8293,10000,False,91fd462f,4,[FINAL]  10000 [END],8.248055812000075,9,916,False
n_ary,16_ops,316 + 019 + 342 + 974 + 548 + 201 + 019 + 294 + 934 + 898 + 709 + 682 + 498 + 810 + 819 + 139 =,8202,ERROR,False,b1c86844,4,Experiment failed: 5 repeated outputs,0.0,0,0,False
n_ary,16_ops,098 + 900 + 376 + 982 + 140 + 638 + 278 + 153 + 799 + 771 + 334 + 975 + 323 + 174 + 608 + 761 =,8310,7320,False,be21b0ee,4,[FINAL]  7320 [END],8.049414438999975,8,916,False
n_ary,16_ops,785 + 085 + 511 + 167 + 739 + 269 + 461 + 409 + 933 + 156 + 226 + 208 + 392 + 991 + 654 + 593 =,7579,7323,False,d7a67aef,4,[FINAL]  7323 [END],8.07499561900022,8,916,False
n_ary,16_ops,209 + 089 + 844 + 762 + 665 + 385 + 336 + 177 + 023 + 811 + 133 + 375 + 172 + 658 + 957 + 861 =,7457,10000,False,ee8cbec6,4,[FINAL]  10000 [END],8.76478156300027,9,916,False
n_ary,16_ops,351 + 394 + 828 + 081 + 732 + 144 + 161 + 792 + 287 + 710 + 053 + 502 + 993 + 196 + 085 + 989 =,7298,10000,False,69dbd3e3,4,[FINAL]  10000 [END],8.234376092000275,9,916,False
n_ary,16_ops,713 + 091 + 128 + 914 + 005 + 412 + 774 + 899 + 161 + 420 + 897 + 369 + 431 + 674 + 583 + 996 =,8467,10000,False,f941662f,4,[FINAL]  10000 [END],8.257628682999893,9,916,False
n_ary,16_ops,870 + 212 + 670 + 073 + 079 + 980 + 796 + 671 + 662 + 373 + 262 + 706 + 324 + 288 + 058 + 184 =,7208,7320,False,0dd310a6,4,[FINAL]  7320 [END],8.091198044000066,8,916,False
n_ary,16_ops,551 + 670 + 657 + 325 + 492 + 957 + 251 + 205 + 968 + 249 + 463 + 547 + 043 + 623 + 126 + 143 =,7270,6390,False,f43270ad,4,[FINAL]  6390 [END],8.11099150200016,8,916,False
n_ary,16_ops,413 + 217 + 999 + 010 + 996 + 451 + 399 + 490 + 182 + 556 + 835 + 497 + 224 + 560 + 964 + 479 =,8272,10000,False,b1411f69,4,[FINAL]  10000 [END],8.310679323000386,9,916,False
n_ary,16_ops,693 + 385 + 289 + 501 + 871 + 772 + 738 + 575 + 086 + 898 + 883 + 304 + 406 + 789 + 060 + 910 =,9160,10000,False,23684677,4,[FINAL]  10000 [END],8.25934988300014,9,916,False
n_ary,16_ops,783 + 194 + 850 + 311 + 678 + 239 + 618 + 026 + 554 + 920 + 843 + 307 + 229 + 591 + 837 + 848 =,8828,10000,False,7a9315cd,4,[FINAL]  10000 [END],8.30523635199961,9,916,False
n_ary,16_ops,664 + 228 + 775 + 076 + 323 + 516 + 291 + 460 + 871 + 748 + 603 + 713 + 313 + 936 + 237 + 681 =,8435,10000,False,455089c9,4,[FINAL]  10000 [END],8.772833480000372,9,916,False
n_ary,16_ops,242 + 464 + 321 + 501 + 389 + 846 + 729 + 433 + 286 + 942 + 784 + 554 + 312 + 881 + 293 + 972 =,8949,ERROR,False,aaa07ecf,4,Experiment failed: 5 repeated outputs,0.0,0,0,False
n_ary,16_ops,033 + 911 + 728 + 873 + 703 + 646 + 273 + 824 + 644 + 087 + 599 + 623 + 210 + 355 + 412 + 301 =,8222,6390,False,b3fef7cd,4,[FINAL]  6390 [END],8.089868847999696,8,916,False
n_ary,16_ops,765 + 973 + 822 + 013 + 200 + 717 + 158 + 155 + 791 + 817 + 498 + 770 + 441 + 858 + 467 + 521 =,8966,10000,False,617f66b4,4,[FINAL]  10000 [END],8.302812608000295,9,916,False
n_ary,16_ops,267 + 777 + 738 + 985 + 401 + 474 + 558 + 749 + 498 + 971 + 079 + 499 + 360 + 735 + 098 + 536 =,8725,6723,False,a9f01958,4,[FINAL]  6723 [END],8.127462013999775,8,916,False
n_ary,16_ops,292 + 359 + 895 + 695 + 004 + 479 + 255 + 083 + 494 + 507 + 182 + 902 + 335 + 494 + 389 + 284 =,6649,6320,False,2dff5af4,4,[FINAL]  6320 [END],8.157572802999766,8,916,False
n_ary,16_ops,934 + 069 + 847 + 780 + 324 + 997 + 349 + 907 + 994 + 419 + 235 + 296 + 991 + 238 + 567 + 248 =,9195,10000,False,544be08d,4,[FINAL]  10000 [END],8.26016179699991,9,916,False
n_ary,16_ops,583 + 212 + 261 + 230 + 915 + 132 + 494 + 380 + 206 + 918 + 069 + 031 + 893 + 657 + 557 + 904 =,7442,6720,False,4dd4ddb8,4,[FINAL]  6720 [END],8.140953595000155,8,916,False
n_ary,16_ops,908 + 805 + 872 + 181 + 775 + 894 + 598 + 878 + 151 + 583 + 342 + 014 + 665 + 068 + 809 + 509 =,9052,10000,False,d9a037a2,4,[FINAL]  10000 [END],8.688365841000177,9,916,False
n_ary,16_ops,159 + 696 + 236 + 295 + 840 + 667 + 110 + 013 + 691 + 009 + 441 + 738 + 296 + 812 + 315 + 842 =,7160,7323,False,c4e1189a,4,[FINAL]  7323 [END],8.129547832000299,8,916,False
n_ary,16_ops,280 + 532 + 918 + 223 + 179 + 251 + 600 + 267 + 178 + 027 + 205 + 696 + 616 + 431 + 548 + 664 =,6615,6300,False,e1fb7918,4,[FINAL]  6300 [END],8.081058359000053,8,916,False
n_ary,16_ops,148 + 644 + 271 + 251 + 921 + 671 + 927 + 620 + 858 + 287 + 031 + 098 + 955 + 035 + 547 + 262 =,7526,6320,False,75166da4,4,[FINAL]  6320 [END],8.125066514000082,8,916,False
n_ary,16_ops,317 + 098 + 534 + 535 + 980 + 806 + 489 + 060 + 128 + 304 + 418 + 227 + 131 + 789 + 212 + 873 =,6901,6300,False,39a1df92,4,[FINAL]  6300 [END],8.089558674999807,8,916,False
n_ary,16_ops,830 + 371 + 826 + 597 + 544 + 079 + 243 + 857 + 967 + 300 + 287 + 177 + 356 + 780 + 970 + 296 =,8480,10000,False,db525ef0,4,[FINAL]  10000 [END],8.298708348000218,9,916,False
n_ary,16_ops,551 + 939 + 981 + 255 + 144 + 980 + 873 + 126 + 691 + 225 + 789 + 731 + 412 + 275 + 945 + 151 =,9068,10000,False,ea67be2e,4,[FINAL]  10000 [END],8.355275797000104,9,916,False
n_ary,16_ops,065 + 106 + 408 + 900 + 759 + 738 + 760 + 475 + 453 + 642 + 469 + 612 + 619 + 512 + 187 + 334 =,8039,7320,False,97d681d6,4,[FINAL]  7320 [END],8.098506627000006,8,916,False
n_ary,16_ops,359 + 950 + 410 + 879 + 300 + 789 + 120 + 021 + 956 + 942 + 084 + 535 + 723 + 175 + 245 + 392 =,7880,7320,False,b7070b7f,4,[FINAL]  7320 [END],8.530772136999985,8,916,False
n_ary,16_ops,081 + 467 + 390 + 053 + 059 + 902 + 768 + 411 + 624 + 371 + 361 + 657 + 451 + 103 + 466 + 160 =,6324,6320,False,56ad1bdb,4,[FINAL]  6320 [END],8.032233884000107,8,916,False
n_ary,16_ops,097 + 651 + 367 + 547 + 611 + 469 + 738 + 580 + 643 + 890 + 925 + 846 + 211 + 217 + 927 + 150 =,8869,10000,False,6baca548,4,[FINAL]  10000 [END],8.243294429000343,9,916,False
n_ary,16_ops,420 + 548 + 596 + 608 + 563 + 759 + 985 + 780 + 801 + 374 + 140 + 972 + 967 + 808 + 717 + 748 =,10786,10000,False,b7d54222,4,[FINAL]  10000 [END],8.224029730999973,9,916,False
n_ary,16_ops,721 + 390 + 562 + 571 + 038 + 706 + 431 + 928 + 428 + 347 + 533 + 203 + 021 + 073 + 642 + 999 =,7593,6723,False,8a716da7,4,[FINAL]  6723 [END],8.17382273000021,8,916,False
n_ary,16_ops,659 + 088 + 213 + 896 + 457 + 149 + 050 + 279 + 300 + 374 + 173 + 709 + 428 + 126 + 977 + 511 =,6389,7300,False,2e2fe2b9,4,[FINAL]  7300 [END],8.154580359000192,8,916,False
n_ary,16_ops,732 + 804 + 153 + 039 + 682 + 731 + 760 + 906 + 235 + 434 + 506 + 335 + 623 + 470 + 697 + 456 =,8563,732,False,70a8582c,4,[FINAL]  732 + 804 + 153 + ,9.440707834000023,16,916,False
n_ary,16_ops,331 + 992 + 143 + 193 + 232 + 883 + 540 + 510 + 426 + 859 + 159 + 302 + 588 + 948 + 645 + 188 =,7939,10000,False,ddb936b3,4,[FINAL]  10000 [END],8.297711318000438,9,916,False
n_ary,16_ops,726 + 402 + 642 + 168 + 177 + 483 + 599 + 225 + 139 + 852 + 863 + 720 + 340 + 103 + 912 + 965 =,8316,10000,False,7baba811,4,[FINAL]  10000 [END],8.71363618300029,9,916,False
n_ary,16_ops,679 + 632 + 124 + 986 + 641 + 862 + 947 + 769 + 099 + 805 + 197 + 573 + 408 + 062 + 832 + 136 =,8752,10000,False,59cd031c,4,[FINAL]  10000 [END],8.274068758999874,9,916,False
n_ary,16_ops,277 + 382 + 084 + 201 + 917 + 422 + 870 + 173 + 185 + 325 + 278 + 606 + 985 + 782 + 783 + 954 =,8224,10000,False,ae53a567,4,[FINAL]  10000 [END],8.20998053700032,9,916,False
n_ary,16_ops,261 + 535 + 612 + 482 + 467 + 579 + 563 + 337 + 996 + 307 + 979 + 409 + 508 + 171 + 898 + 100 =,8204,7723,False,7e63dd36,4,[FINAL]  7723 [END],8.11927994799953,8,916,False
n_ary,16_ops,643 + 548 + 698 + 087 + 565 + 396 + 010 + 921 + 285 + 685 + 113 + 825 + 409 + 928 + 211 + 280 =,7604,10000,False,e59a9312,4,[FINAL]  10000 [END],8.271147008000298,9,916,False
n_ary,16_ops,358 + 289 + 132 + 231 + 994 + 659 + 654 + 326 + 067 + 032 + 510 + 592 + 185 + 500 + 209 + 276 =,6014,6300,False,e484e091,4,[FINAL]  6300 [END],8.1271437230007,8,916,False
n_ary,16_ops,566 + 489 + 894 + 874 + 488 + 151 + 673 + 570 + 625 + 893 + 220 + 303 + 873 + 555 + 461 + 205 =,8840,10000,False,a4652243,4,[FINAL]  10000 [END],8.253578187999665,9,916,False
n_ary,16_ops,658 + 041 + 243 + 774 + 399 + 506 + 530 + 619 + 889 + 514 + 787 + 290 + 715 + 298 + 230 + 965 =,8458,10000,False,142193fc,4,[FINAL]  10000 [END],8.297497890000159,9,916,False
n_ary,16_ops,145 + 557 + 345 + 036 + 667 + 067 + 704 + 959 + 895 + 592 + 899 + 089 + 771 + 604 + 104 + 465 =,7899,10000,False,51b2daf6,4,[FINAL]  10000 [END],8.311735498999951,9,916,False
n_ary,16_ops,855 + 030 + 004 + 173 + 528 + 267 + 600 + 570 + 704 + 137 + 313 + 316 + 632 + 172 + 381 + 606 =,6288,6000,False,abb19be8,4,[FINAL]  6000 [END],8.528816457000175,8,916,False
n_ary,16_ops,056 + 012 + 344 + 506 + 712 + 557 + 226 + 311 + 127 + 140 + 699 + 657 + 731 + 556 + 442 + 653 =,6729,7323,False,4188e720,4,[FINAL]  7323 [END],8.096013361000587,8,916,False
n_ary,16_ops,117 + 291 + 330 + 419 + 440 + 538 + 812 + 143 + 447 + 353 + 666 + 999 + 334 + 363 + 357 + 929 =,7538,6300,False,22b6613a,4,[FINAL]  6300 [END],8.134599105000234,8,916,False
n_ary,16_ops,824 + 213 + 135 + 083 + 271 + 327 + 829 + 403 + 413 + 574 + 807 + 115 + 644 + 518 + 604 + 308 =,7068,6300,False,13cb1842,4,[FINAL]  6300 [END],8.122757619999902,8,916,False
n_ary,16_ops,828 + 545 + 582 + 361 + 314 + 699 + 197 + 717 + 618 + 170 + 897 + 878 + 044 + 923 + 571 + 254 =,8598,10000,False,cf95ba5b,4,[FINAL]  10000 [END],8.274578285000644,9,916,False
n_ary,16_ops,879 + 662 + 523 + 757 + 336 + 926 + 375 + 307 + 517 + 629 + 731 + 915 + 144 + 687 + 732 + 583 =,9703,10000,False,a9d540d5,4,[FINAL]  10000 [END],8.272398274000807,9,916,False
n_ary,16_ops,574 + 926 + 060 + 756 + 167 + 864 + 948 + 510 + 439 + 511 + 948 + 564 + 769 + 903 + 268 + 772 =,9979,10230,False,5289c90d,4,[FINAL]  10230 [END],8.266046906000156,9,916,False
n_ary,16_ops,586 + 599 + 354 + 683 + 392 + 120 + 772 + 782 + 798 + 753 + 085 + 517 + 565 + 200 + 433 + 749 =,8388,6723,False,da25bc75,4,[FINAL]  6723 [END],8.600993602000017,8,916,False
n_ary,16_ops,233 + 690 + 246 + 714 + 139 + 035 + 249 + 195 + 443 + 194 + 018 + 568 + 418 + 521 + 026 + 906 =,5595,6300,False,a5b51698,4,[FINAL]  6300 [END],8.171333418999893,8,916,False
n_ary,16_ops,015 + 450 + 860 + 735 + 449 + 342 + 269 + 975 + 196 + 013 + 161 + 053 + 753 + 324 + 616 + 377 =,6588,6300,False,d145492d,4,[FINAL]  6300 [END],8.188532426000165,8,916,False
n_ary,16_ops,344 + 155 + 993 + 130 + 487 + 883 + 982 + 838 + 311 + 538 + 692 + 765 + 225 + 817 + 289 + 906 =,9355,10000,False,00ba82c2,4,[FINAL]  10000 [END],8.29408045800028,9,916,False
n_ary,16_ops,012 + 154 + 385 + 963 + 257 + 701 + 757 + 388 + 969 + 250 + 224 + 046 + 306 + 190 + 688 + 040 =,6330,6300,False,58515848,4,[FINAL]  6300 [END],8.143732776999968,8,916,False
n_ary,16_ops,662 + 275 + 315 + 345 + 602 + 660 + 233 + 833 + 516 + 590 + 174 + 655 + 147 + 573 + 866 + 929 =,8375,10000,False,3d6a6cf3,4,[FINAL]  10000 [END],8.288951310999437,9,916,False
n_ary,16_ops,935 + 155 + 180 + 958 + 804 + 250 + 023 + 155 + 925 + 567 + 161 + 682 + 949 + 294 + 727 + 802 =,8567,10000,False,a9a72843,4,[FINAL]  10000 [END],8.246684514000663,9,916,False
n_ary,16_ops,837 + 828 + 394 + 612 + 176 + 426 + 024 + 267 + 211 + 648 + 002 + 263 + 896 + 756 + 086 + 194 =,6620,6323,False,6c72eb8b,4,[FINAL]  6323 [END],8.08156251499986,8,916,False
n_ary,16_ops,745 + 830 + 494 + 658 + 955 + 040 + 568 + 595 + 437 + 757 + 784 + 827 + 910 + 958 + 065 + 346 =,9969,10000,False,f5bf4e47,4,[FINAL]  10000 [END],8.713357567999992,9,916,False
n_ary,16_ops,619 + 716 + 716 + 100 + 996 + 102 + 840 + 479 + 594 + 258 + 770 + 528 + 144 + 951 + 499 + 854 =,9166,10000,False,18906c24,4,[FINAL]  10000 [END],8.316264723000131,9,916,False
n_ary,16_ops,452 + 513 + 544 + 397 + 113 + 699 + 937 + 991 + 853 + 926 + 940 + 225 + 526 + 962 + 702 + 206 =,9986,10000,False,cf100849,4,[FINAL]  10000 [END],8.338774122000359,9,916,False
n_ary,16_ops,315 + 655 + 752 + 562 + 941 + 150 + 538 + 168 + 731 + 035 + 567 + 486 + 415 + 543 + 718 + 002 =,7578,6723,False,29471021,4,[FINAL]  6723 [END],8.13020950399914,8,916,False
n_ary,16_ops,119 + 054 + 299 + 843 + 564 + 164 + 829 + 681 + 871 + 113 + 430 + 465 + 118 + 468 + 753 + 912 =,7683,10000,False,1c5eadd4,4,[FINAL]  10000 [END],8.30847662799988,9,916,False
n_ary,16_ops,525 + 312 + 765 + 162 + 197 + 015 + 047 + 130 + 749 + 204 + 794 + 404 + 123 + 905 + 585 + 554 =,6471,7123,False,82a20d26,4,[FINAL]  7123 [END],8.085466535000705,8,916,False
n_ary,16_ops,996 + 477 + 030 + 933 + 495 + 515 + 215 + 338 + 600 + 563 + 484 + 372 + 562 + 515 + 628 + 133 =,7856,7200,False,8fe5de45,4,[FINAL]  7200 [END],8.09694177900019,8,916,False
n_ary,16_ops,859 + 340 + 912 + 041 + 788 + 043 + 233 + 038 + 363 + 327 + 787 + 797 + 009 + 646 + 248 + 160 =,6591,6322,False,7c2d6b17,4,[FINAL]  6322 [END],8.139263666999796,8,916,False
n_ary,16_ops,463 + 679 + 074 + 969 + 986 + 534 + 161 + 447 + 057 + 469 + 357 + 866 + 205 + 089 + 344 + 964 =,7664,10000,False,bc14236f,4,[FINAL]  10000 [END],8.246605919000103,9,916,False
n_ary,16_ops,257 + 105 + 799 + 559 + 362 + 047 + 262 + 105 + 133 + 420 + 017 + 629 + 152 + 513 + 647 + 174 =,5181,6000,False,90fa4639,4,[FINAL]  6000 [END],8.586933993999992,8,916,False
n_ary,16_ops,499 + 669 + 792 + 527 + 491 + 989 + 775 + 551 + 839 + 889 + 925 + 950 + 642 + 708 + 055 + 906 =,11207,10230,False,1e8ad439,4,[FINAL]  10230 [END],8.308010290999846,9,916,False
n_ary,16_ops,119 + 709 + 680 + 933 + 515 + 131 + 477 + 634 + 381 + 784 + 058 + 506 + 170 + 658 + 976 + 406 =,8137,7300,False,b201cb40,4,[FINAL]  7300 [END],8.118546628999866,8,916,False
n_ary,16_ops,896 + 630 + 479 + 313 + 276 + 505 + 376 + 558 + 418 + 130 + 964 + 637 + 191 + 217 + 779 + 612 =,7981,7323,False,4817975d,4,[FINAL]  7323 [END],8.133016011999644,8,916,False
n_ary,16_ops,057 + 408 + 117 + 572 + 355 + 339 + 997 + 329 + 649 + 315 + 427 + 465 + 812 + 525 + 065 + 363 =,6795,6000,False,133ffedb,4,[FINAL]  6000 [END],8.133684929000083,8,916,False
n_ary,16_ops,565 + 063 + 743 + 926 + 948 + 077 + 249 + 943 + 790 + 225 + 168 + 278 + 401 + 130 + 610 + 284 =,7400,10000,False,fd7966cf,4,[FINAL]  10000 [END],8.269441720999566,9,916,False
n_ary,16_ops,317 + 196 + 239 + 016 + 014 + 984 + 665 + 943 + 108 + 172 + 302 + 834 + 154 + 725 + 192 + 525 =,6386,7323,False,87d2443d,4,[FINAL]  7323 [END],8.189822794000065,8,916,False
n_ary,16_ops,163 + 331 + 847 + 295 + 733 + 848 + 773 + 560 + 565 + 768 + 040 + 014 + 181 + 163 + 308 + 356 =,6945,6300,False,24b6a77a,4,[FINAL]  6300 [END],8.10628510099923,8,916,False
n_ary,16_ops,198 + 535 + 628 + 478 + 816 + 412 + 130 + 110 + 956 + 083 + 093 + 917 + 362 + 034 + 640 + 024 =,6416,6323,False,f158646a,4,[FINAL]  6323 [END],8.616436451000482,8,916,False
n_ary,16_ops,321 + 990 + 854 + 000 + 471 + 302 + 640 + 427 + 495 + 439 + 087 + 506 + 259 + 194 + 105 + 111 =,6201,6000,False,e0890336,4,[FINAL]  6000 [END],8.141665570000441,8,916,False
n_ary,16_ops,772 + 935 + 820 + 218 + 750 + 446 + 653 + 493 + 594 + 686 + 086 + 176 + 392 + 492 + 781 + 473 =,8767,6700,False,03a7219b,4,[FINAL]  6700 [END],8.111031069000092,8,916,False
n_ary,16_ops,095 + 023 + 008 + 721 + 951 + 722 + 995 + 432 + 568 + 489 + 755 + 378 + 498 + 496 + 770 + 957 =,8858,7320,False,7c0e0d28,4,[FINAL]  7320 [END],8.112753243000043,8,916,False
n_ary,16_ops,264 + 045 + 788 + 948 + 627 + 129 + 899 + 386 + 108 + 815 + 338 + 607 + 298 + 520 + 070 + 406 =,7248,7323,False,f7336937,4,[FINAL]  7323 [END],8.141221152999606,8,916,False
n_ary,16_ops,032 + 869 + 405 + 698 + 677 + 009 + 723 + 361 + 215 + 270 + 351 + 042 + 380 + 551 + 874 + 665 =,7122,6322,False,1e90dd60,4,[FINAL]  6322 [END],8.093169607000164,8,916,False
n_ary,16_ops,988 + 653 + 147 + 170 + 310 + 096 + 245 + 370 + 683 + 036 + 364 + 428 + 931 + 745 + 980 + 370 =,7516,6723,False,6debf5e6,4,[FINAL]  6723 [END],8.136025067000446,8,916,False
n_ary,16_ops,857 + 772 + 608 + 760 + 176 + 168 + 174 + 533 + 809 + 156 + 992 + 095 + 858 + 080 + 808 + 097 =,7943,10000,False,cc06f680,4,[FINAL]  10000 [END],8.801157480999791,9,916,False
n_ary,16_ops,082 + 836 + 054 + 179 + 990 + 522 + 825 + 813 + 849 + 545 + 743 + 956 + 715 + 421 + 077 + 422 =,9029,10000,False,bdc1510c,4,[FINAL]  10000 [END],8.328795573999741,9,916,False
n_ary,16_ops,579 + 642 + 899 + 131 + 352 + 800 + 345 + 937 + 533 + 803 + 504 + 733 + 367 + 302 + 810 + 592 =,9329,7320,False,c97e64a2,4,[FINAL]  7320 [END],8.07563500500055,8,916,False
n_ary,16_ops,831 + 398 + 571 + 280 + 956 + 847 + 901 + 140 + 604 + 073 + 918 + 897 + 966 + 439 + 955 + 595 =,10371,10230,False,bcafa457,4,[FINAL]  10230 [END],8.245163178000439,9,916,False
n_ary,32_ops,273 + 968 + 948 + 409 + 091 + 904 + 627 + 405 + 220 + 721 + 599 + 555 + 429 + 519 + 410 + 872 + 368 + 278 + 257 + 389 + 206 + 523 + 640 + 863 + 500 + 441 + 811 + 830 + 187 + 915 + 041 + 681 =,16880,12345,False,d98f42d2,4,[FINAL]  12345 [END],8.757618894000188,9,996,False
n_ary,32_ops,281 + 060 + 396 + 663 + 752 + 190 + 080 + 191 + 205 + 888 + 102 + 056 + 417 + 787 + 576 + 396 + 454 + 281 + 856 + 438 + 776 + 359 + 107 + 324 + 785 + 049 + 572 + 133 + 818 + 462 + 612 + 422 =,13488,10000,False,57fb39fa,4,[FINAL]  10000 [END],8.744215247000284,9,996,False
n_ary,32_ops,869 + 002 + 082 + 670 + 467 + 362 + 329 + 304 + 115 + 164 + 936 + 707 + 227 + 550 + 850 + 049 + 118 + 427 + 698 + 567 + 975 + 095 + 879 + 020 + 453 + 780 + 163 + 443 + 132 + 837 + 241 + 135 =,13646,10234,False,e6e2de89,4,[FINAL]  10234 [END],8.657937368000603,9,996,False
n_ary,32_ops,239 + 678 + 065 + 880 + 638 + 814 + 766 + 445 + 040 + 174 + 015 + 987 + 791 + 672 + 498 + 779 + 936 + 555 + 025 + 279 + 446 + 971 + 289 + 823 + 104 + 761 + 630 + 278 + 192 + 467 + 242 + 136 =,15615,13232,False,a7e54186,4,[FINAL]  13232 [END],8.780259679000665,9,996,False
n_ary,32_ops,156 + 941 + 524 + 545 + 855 + 230 + 715 + 810 + 937 + 587 + 646 + 485 + 955 + 471 + 404 + 092 + 952 + 177 + 180 + 055 + 738 + 401 + 636 + 457 + 433 + 221 + 217 + 522 + 491 + 703 + 406 + 027 =,15969,10230,False,ca0b126d,4,[FINAL]  10230 [END],9.234718600999258,9,996,False
n_ary,32_ops,921 + 001 + 157 + 770 + 715 + 141 + 400 + 221 + 268 + 184 + 067 + 593 + 634 + 962 + 852 + 239 + 923 + 385 + 712 + 239 + 672 + 652 + 347 + 473 + 495 + 780 + 673 + 572 + 816 + 629 + 387 + 197 =,16077,123456789012345,False,ab2d3784,4,[FINAL]  123456789012345,9.839446885999678,16,996,False
n_ary,32_ops,029 + 264 + 204 + 966 + 061 + 729 + 873 + 803 + 819 + 653 + 430 + 359 + 710 + 713 + 315 + 481 + 962 + 720 + 766 + 348 + 828 + 935 + 858 + 929 + 980 + 134 + 478 + 876 + 701 + 008 + 175 + 720 =,18827,13200,False,5f5fa750,4,[FINAL]  13200 [END],8.743043526999827,9,996,False
n_ary,32_ops,900 + 271 + 747 + 740 + 196 + 614 + 176 + 213 + 728 + 338 + 015 + 644 + 476 + 310 + 461 + 251 + 651 + 383 + 121 + 462 + 992 + 351 + 476 + 029 + 126 + 204 + 585 + 098 + 737 + 256 + 516 + 102 =,13169,10000,False,76910d4a,4,[FINAL]  10000 [END],8.805676234000202,9,996,False
n_ary,32_ops,479 + 395 + 041 + 395 + 893 + 130 + 963 + 059 + 200 + 295 + 258 + 579 + 262 + 473 + 283 + 103 + 221 + 458 + 848 + 579 + 848 + 011 + 694 + 302 + 614 + 959 + 496 + 462 + 276 + 885 + 672 + 171 =,14304,11323,False,79b9c04c,4,[FINAL]  11323 [END],8.729159972999696,9,996,False
n_ary,32_ops,167 + 045 + 626 + 650 + 587 + 896 + 999 + 696 + 755 + 722 + 329 + 330 + 954 + 381 + 456 + 913 + 140 + 835 + 817 + 717 + 674 + 132 + 452 + 769 + 192 + 525 + 239 + 788 + 675 + 812 + 085 + 744 =,18102,13232,False,327620ae,4,[FINAL]  13232 [END],8.774494182000126,9,996,False
n_ary,32_ops,329 + 900 + 996 + 942 + 068 + 986 + 137 + 636 + 745 + 569 + 158 + 889 + 562 + 365 + 313 + 645 + 561 + 691 + 100 + 519 + 973 + 419 + 832 + 316 + 048 + 189 + 394 + 238 + 413 + 339 + 939 + 342 =,16553,123456789012345,False,909b5db2,4,[FINAL]  123456789012345,9.875953516000664,16,996,False
n_ary,32_ops,936 + 982 + 473 + 672 + 570 + 706 + 552 + 450 + 942 + 248 + 758 + 442 + 583 + 779 + 146 + 271 + 969 + 325 + 453 + 165 + 850 + 580 + 368 + 111 + 267 + 234 + 995 + 576 + 745 + 082 + 846 + 881 =,17957,12345,False,a8495d4c,4,[FINAL]  12345 [END],8.759474348999902,9,996,False
n_ary,32_ops,260 + 942 + 430 + 970 + 489 + 817 + 922 + 116 + 761 + 804 + 853 + 944 + 789 + 119 + 016 + 210 + 739 + 738 + 550 + 762 + 178 + 561 + 994 + 082 + 172 + 901 + 058 + 381 + 860 + 046 + 046 + 853 =,17363,13230,False,f6697967,4,[FINAL]  13230 [END],9.234154151999974,9,996,False
n_ary,32_ops,175 + 559 + 009 + 153 + 318 + 248 + 959 + 595 + 263 + 938 + 491 + 072 + 157 + 832 + 010 + 274 + 540 + 187 + 199 + 551 + 345 + 326 + 158 + 930 + 822 + 044 + 730 + 822 + 146 + 061 + 477 + 458 =,12849,123456789012345,False,657cb761,4,[FINAL]  123456789012345,9.787568276999991,16,996,False
n_ary,32_ops,676 + 142 + 140 + 532 + 725 + 240 + 858 + 072 + 940 + 006 + 714 + 521 + 270 + 312 + 463 + 579 + 688 + 578 + 327 + 691 + 509 + 319 + 660 + 119 + 399 + 505 + 018 + 864 + 281 + 663 + 207 + 344 =,14362,10000,False,987901a1,4,[FINAL]  10000 [END],8.686655122999582,9,996,False
n_ary,32_ops,188 + 921 + 244 + 599 + 331 + 108 + 945 + 448 + 465 + 426 + 505 + 324 + 200 + 445 + 999 + 316 + 229 + 133 + 697 + 749 + 064 + 315 + 138 + 162 + 488 + 817 + 334 + 745 + 763 + 902 + 480 + 874 =,15354,10232,False,1741fed0,4,[FINAL]  10232 [END],8.767889368999931,9,996,False
n_ary,32_ops,399 + 634 + 559 + 207 + 690 + 336 + 851 + 956 + 849 + 233 + 682 + 720 + 554 + 971 + 349 + 749 + 638 + 329 + 990 + 093 + 741 + 664 + 677 + 359 + 696 + 215 + 000 + 481 + 839 + 813 + 105 + 205 =,17584,123456789012345,False,bc9fc270,4,[FINAL]  123456789012345,9.93710705400008,16,996,False
n_ary,32_ops,819 + 489 + 345 + 239 + 848 + 106 + 138 + 337 + 556 + 850 + 311 + 845 + 974 + 642 + 639 + 848 + 322 + 784 + 061 + 964 + 285 + 173 + 288 + 024 + 941 + 390 + 892 + 203 + 249 + 273 + 915 + 169 =,15919,123456789012345,False,6c9759e5,4,[FINAL]  123456789012345,9.841945348999616,16,996,False
n_ary,32_ops,604 + 870 + 156 + 147 + 961 + 385 + 430 + 126 + 972 + 063 + 407 + 569 + 179 + 090 + 158 + 573 + 347 + 671 + 039 + 957 + 540 + 764 + 495 + 539 + 778 + 986 + 279 + 198 + 906 + 304 + 923 + 878 =,16294,123456789012345,False,b6e4230a,4,[FINAL]  123456789012345,9.831314065000697,16,996,False
n_ary,32_ops,712 + 018 + 141 + 250 + 927 + 342 + 260 + 749 + 277 + 080 + 805 + 144 + 579 + 612 + 632 + 164 + 754 + 700 + 012 + 606 + 357 + 091 + 780 + 734 + 802 + 295 + 920 + 086 + 551 + 411 + 963 + 676 =,15430,123456789012345,False,fa290b5a,4,[FINAL]  123456789012345,9.855442201999722,16,996,False
n_ary,32_ops,354 + 941 + 567 + 451 + 020 + 355 + 886 + 429 + 253 + 801 + 209 + 328 + 448 + 812 + 089 + 132 + 708 + 594 + 283 + 827 + 103 + 478 + 018 + 976 + 811 + 768 + 899 + 191 + 405 + 704 + 113 + 344 =,15297,10323,False,9212263a,4,[FINAL]  10323 [END],9.154126813999937,9,996,False
n_ary,32_ops,911 + 960 + 443 + 360 + 164 + 182 + 185 + 573 + 608 + 436 + 295 + 476 + 774 + 953 + 217 + 196 + 058 + 343 + 984 + 415 + 563 + 057 + 909 + 120 + 826 + 074 + 368 + 249 + 993 + 202 + 837 + 993 =,15724,123456789012345,False,8c0f13d9,4,[FINAL]  123456789012345,9.864079566000328,16,996,False
n_ary,32_ops,813 + 952 + 189 + 011 + 657 + 840 + 719 + 819 + 410 + 696 + 379 + 722 + 367 + 749 + 307 + 472 + 536 + 455 + 278 + 523 + 663 + 438 + 374 + 907 + 228 + 641 + 303 + 645 + 752 + 891 + 659 + 474 =,17869,10232,False,6b5e63d0,4,[FINAL]  10232 [END],8.725347564000003,9,996,False
n_ary,32_ops,263 + 847 + 212 + 549 + 899 + 004 + 849 + 240 + 117 + 527 + 496 + 938 + 342 + 743 + 955 + 096 + 243 + 860 + 082 + 598 + 894 + 168 + 652 + 996 + 768 + 544 + 438 + 516 + 734 + 477 + 444 + 804 =,17295,123456789012345,False,3a52a2a0,4,[FINAL]  123456789012345,9.910799053999654,16,996,False
n_ary,32_ops,676 + 658 + 444 + 643 + 122 + 972 + 288 + 298 + 746 + 514 + 393 + 834 + 338 + 778 + 490 + 118 + 681 + 099 + 228 + 884 + 208 + 844 + 597 + 156 + 821 + 658 + 397 + 872 + 092 + 520 + 497 + 765 =,16631,10230,False,905395ce,4,[FINAL]  10230 [END],8.704531152000527,9,996,False
n_ary,32_ops,778 + 645 + 178 + 376 + 304 + 234 + 044 + 141 + 121 + 897 + 527 + 643 + 607 + 251 + 666 + 109 + 895 + 992 + 241 + 820 + 433 + 478 + 610 + 643 + 475 + 803 + 179 + 592 + 091 + 225 + 830 + 761 =,15589,13230,False,b9c2f586,4,[FINAL]  13230 [END],8.73126277100073,9,996,False
n_ary,32_ops,164 + 436 + 297 + 628 + 722 + 479 + 954 + 841 + 360 + 320 + 690 + 177 + 972 + 684 + 941 + 819 + 688 + 922 + 840 + 953 + 697 + 699 + 558 + 209 + 679 + 705 + 728 + 973 + 989 + 078 + 830 + 781 =,20813,123456789012345,False,f1bc5af2,4,[FINAL]  123456789012345,9.895456629999899,16,996,False
n_ary,32_ops,458 + 483 + 913 + 253 + 673 + 534 + 047 + 412 + 919 + 605 + 905 + 848 + 014 + 530 + 151 + 661 + 067 + 404 + 335 + 437 + 785 + 158 + 341 + 049 + 258 + 501 + 777 + 515 + 231 + 030 + 277 + 411 =,13982,10000,False,bde8a86d,4,[FINAL]  10000 [END],8.739826287999676,9,996,False
n_ary,32_ops,826 + 961 + 190 + 705 + 295 + 865 + 036 + 518 + 097 + 706 + 754 + 527 + 855 + 805 + 664 + 256 + 552 + 589 + 399 + 524 + 728 + 194 + 536 + 931 + 605 + 844 + 823 + 950 + 868 + 498 + 828 + 420 =,19349,13200,False,2db387ad,4,[FINAL]  13200 [END],9.150524826999572,9,996,False
n_ary,32_ops,639 + 014 + 120 + 241 + 617 + 374 + 798 + 144 + 877 + 466 + 881 + 428 + 063 + 554 + 036 + 752 + 816 + 135 + 659 + 451 + 376 + 934 + 192 + 527 + 666 + 526 + 771 + 654 + 735 + 857 + 940 + 565 =,16808,123456789012345,False,16883c07,4,[FINAL]  123456789012345,9.900487177999821,16,996,False
n_ary,32_ops,007 + 025 + 540 + 547 + 473 + 482 + 979 + 776 + 609 + 877 + 054 + 361 + 691 + 305 + 576 + 578 + 058 + 094 + 209 + 288 + 474 + 032 + 637 + 360 + 688 + 032 + 081 + 006 + 407 + 886 + 964 + 033 =,13129,10000,False,3e48b252,4,[FINAL]  10000 [END],8.813009584999236,9,996,False
n_ary,32_ops,255 + 420 + 166 + 629 + 474 + 567 + 166 + 807 + 037 + 968 + 135 + 660 + 784 + 809 + 057 + 061 + 457 + 706 + 526 + 604 + 462 + 045 + 692 + 568 + 532 + 960 + 110 + 408 + 563 + 401 + 308 + 549 =,14886,10231,False,9b63c534,4,[FINAL]  10231 [END],8.73468591099936,9,996,False
n_ary,32_ops,693 + 910 + 594 + 416 + 422 + 441 + 171 + 569 + 761 + 909 + 880 + 684 + 901 + 560 + 474 + 365 + 469 + 692 + 941 + 710 + 756 + 011 + 172 + 764 + 005 + 318 + 532 + 220 + 638 + 994 + 493 + 650 =,18115,11232,False,a06b5ec9,4,[FINAL]  11232 [END],8.672003624000354,9,996,False
n_ary,32_ops,356 + 669 + 911 + 217 + 405 + 510 + 701 + 109 + 462 + 514 + 954 + 457 + 714 + 275 + 490 + 839 + 362 + 303 + 513 + 028 + 497 + 570 + 121 + 483 + 517 + 081 + 140 + 647 + 270 + 982 + 371 + 825 =,15293,10000,False,9e66b986,4,[FINAL]  10000 [END],8.638247224999759,9,996,False
n_ary,32_ops,564 + 102 + 056 + 737 + 012 + 144 + 831 + 297 + 829 + 330 + 683 + 492 + 331 + 300 + 321 + 745 + 653 + 026 + 564 + 634 + 746 + 223 + 462 + 569 + 052 + 447 + 683 + 855 + 463 + 230 + 833 + 560 =,14774,10323,False,1955f3e5,4,[FINAL]  10323 [END],8.684571541999503,9,996,False
n_ary,32_ops,556 + 167 + 699 + 727 + 002 + 887 + 500 + 774 + 955 + 598 + 981 + 315 + 143 + 800 + 513 + 263 + 309 + 395 + 769 + 504 + 180 + 994 + 776 + 241 + 387 + 233 + 321 + 412 + 554 + 421 + 137 + 365 =,15878,10232,False,c4d1bf6e,4,[FINAL]  10232 [END],8.763444842999888,9,996,False
n_ary,32_ops,359 + 256 + 745 + 685 + 297 + 636 + 883 + 103 + 469 + 676 + 248 + 316 + 894 + 661 + 745 + 697 + 578 + 097 + 621 + 985 + 839 + 568 + 448 + 133 + 501 + 097 + 546 + 797 + 060 + 952 + 465 + 021 =,16378,123456789012345,False,11fd77f4,4,[FINAL]  123456789012345,10.411993906000134,16,996,False
n_ary,32_ops,668 + 879 + 926 + 297 + 235 + 051 + 667 + 234 + 869 + 959 + 606 + 077 + 682 + 669 + 031 + 021 + 752 + 898 + 348 + 500 + 091 + 078 + 373 + 502 + 372 + 141 + 999 + 495 + 731 + 779 + 372 + 371 =,15673,123456789012345,False,aef1c591,4,[FINAL]  123456789012345,9.88673838900013,16,996,False
n_ary,32_ops,137 + 817 + 306 + 013 + 197 + 266 + 021 + 443 + 970 + 492 + 575 + 358 + 866 + 492 + 795 + 117 + 079 + 304 + 524 + 215 + 827 + 816 + 405 + 421 + 538 + 849 + 890 + 090 + 777 + 959 + 959 + 285 =,15803,123456789012345,False,3d83c922,4,[FINAL]  123456789012345,9.784373049999886,16,996,False
n_ary,32_ops,700 + 957 + 455 + 627 + 563 + 744 + 190 + 064 + 442 + 629 + 089 + 464 + 564 + 891 + 057 + 597 + 494 + 500 + 794 + 811 + 469 + 142 + 958 + 071 + 042 + 767 + 190 + 926 + 118 + 697 + 770 + 862 =,16644,123456789012345,False,417cfa1b,4,[FINAL]  123456789012345,9.844261429000653,16,996,False
n_ary,32_ops,720 + 636 + 968 + 975 + 582 + 916 + 870 + 290 + 538 + 812 + 452 + 730 + 343 + 265 + 696 + 166 + 791 + 760 + 671 + 819 + 593 + 250 + 831 + 293 + 760 + 510 + 083 + 649 + 943 + 765 + 726 + 030 =,19433,ERROR,False,911a10a9,4,Experiment failed: 5 repeated outputs,0.0,0,0,False
n_ary,32_ops,494 + 909 + 724 + 407 + 599 + 282 + 150 + 940 + 292 + 929 + 110 + 742 + 772 + 517 + 442 + 875 + 002 + 738 + 614 + 851 + 767 + 110 + 653 + 168 + 089 + 962 + 796 + 523 + 122 + 490 + 870 + 367 =,17306,11230,False,3a655d89,4,[FINAL]  11230 [END],8.786699933999444,9,996,False
n_ary,32_ops,111 + 011 + 386 + 591 + 066 + 307 + 076 + 758 + 598 + 293 + 761 + 303 + 725 + 798 + 527 + 806 + 812 + 495 + 540 + 497 + 371 + 704 + 384 + 022 + 616 + 181 + 139 + 004 + 028 + 773 + 251 + 374 =,13308,10000,False,fd6db3e8,4,[FINAL]  10000 [END],8.776056050999614,9,996,False
n_ary,32_ops,981 + 376 + 113 + 058 + 951 + 031 + 293 + 184 + 422 + 897 + 366 + 763 + 053 + 478 + 171 + 052 + 840 + 380 + 705 + 686 + 898 + 119 + 665 + 419 + 414 + 663 + 466 + 014 + 960 + 604 + 724 + 257 =,15003,10230,False,3a7b2d07,4,[FINAL]  10230 [END],8.819007756999781,9,996,False
n_ary,32_ops,749 + 925 + 495 + 979 + 543 + 628 + 919 + 544 + 102 + 514 + 355 + 466 + 952 + 429 + 973 + 139 + 259 + 269 + 702 + 686 + 390 + 954 + 370 + 006 + 958 + 871 + 740 + 977 + 545 + 973 + 057 + 997 =,19466,123456789012345,False,c4101b8e,4,[FINAL]  123456789012345,10.265521473999797,16,996,False
n_ary,32_ops,122 + 210 + 872 + 383 + 018 + 171 + 459 + 758 + 586 + 556 + 814 + 552 + 071 + 505 + 651 + 190 + 368 + 540 + 023 + 217 + 700 + 590 + 690 + 667 + 478 + 564 + 751 + 800 + 510 + 587 + 075 + 532 =,15010,10000,False,c68a5ac0,4,[FINAL]  10000 [END],8.687602203999631,9,996,False
n_ary,32_ops,242 + 773 + 672 + 939 + 200 + 575 + 116 + 417 + 677 + 376 + 396 + 601 + 668 + 516 + 475 + 907 + 381 + 368 + 803 + 678 + 504 + 287 + 495 + 493 + 501 + 692 + 487 + 749 + 703 + 856 + 255 + 366 =,17168,12345,False,18d74973,4,[FINAL]  12345 [END],8.699539341999298,9,996,False
n_ary,32_ops,030 + 811 + 778 + 839 + 986 + 430 + 508 + 293 + 796 + 482 + 612 + 622 + 629 + 094 + 763 + 063 + 691 + 473 + 748 + 304 + 492 + 915 + 926 + 093 + 671 + 248 + 066 + 566 + 094 + 903 + 660 + 582 =,17168,10232,False,9869c89b,4,[FINAL]  10232 [END],8.781141393000325,9,996,False
n_ary,32_ops,175 + 280 + 328 + 807 + 786 + 945 + 371 + 033 + 926 + 966 + 144 + 955 + 020 + 353 + 903 + 291 + 873 + 347 + 823 + 221 + 221 + 285 + 031 + 176 + 731 + 884 + 403 + 987 + 963 + 901 + 174 + 525 =,16828,13230,False,d53640c7,4,[FINAL]  13230 [END],8.73123093600043,9,996,False
n_ary,32_ops,071 + 043 + 599 + 713 + 952 + 860 + 940 + 966 + 749 + 486 + 801 + 170 + 673 + 556 + 927 + 473 + 614 + 048 + 331 + 548 + 434 + 173 + 990 + 318 + 024 + 458 + 502 + 814 + 921 + 348 + 140 + 982 =,17624,13200,False,f4025c10,4,[FINAL]  13200 [END],8.782521964000807,9,996,False
n_ary,32_ops,395 + 003 + 590 + 963 + 293 + 153 + 187 + 243 + 278 + 880 + 962 + 722 + 729 + 151 + 425 + 686 + 285 + 748 + 095 + 281 + 212 + 242 + 112 + 077 + 033 + 271 + 490 + 529 + 523 + 391 + 075 + 590 =,12614,10000,False,ec065ce2,4,[FINAL]  10000 [END],8.704551490000085,9,996,False
n_ary,32_ops,315 + 635 + 731 + 313 + 664 + 559 + 253 + 654 + 966 + 409 + 006 + 822 + 504 + 541 + 302 + 723 + 452 + 588 + 873 + 129 + 498 + 546 + 498 + 691 + 177 + 820 + 368 + 802 + 437 + 601 + 693 + 151 =,16721,10800,False,6c8f04e8,4,[FINAL]  10800 [END],8.704159608999362,9,996,False
n_ary,32_ops,190 + 200 + 352 + 859 + 992 + 038 + 125 + 767 + 562 + 997 + 526 + 649 + 547 + 631 + 738 + 616 + 921 + 596 + 176 + 074 + 660 + 753 + 822 + 205 + 781 + 375 + 493 + 594 + 572 + 323 + 442 + 468 =,17044,123456789012345,False,b7ae7834,4,[FINAL]  123456789012345,10.239722296999389,16,996,False
n_ary,32_ops,999 + 122 + 831 + 022 + 176 + 549 + 187 + 904 + 574 + 687 + 955 + 839 + 517 + 428 + 582 + 986 + 929 + 094 + 594 + 218 + 732 + 414 + 716 + 812 + 517 + 123 + 207 + 664 + 706 + 397 + 622 + 415 =,17518,123456789012345,False,b1e853e9,4,[FINAL]  123456789012345,9.81872602600015,16,996,False
n_ary,32_ops,561 + 660 + 516 + 295 + 860 + 056 + 232 + 339 + 678 + 064 + 785 + 848 + 554 + 157 + 627 + 257 + 577 + 113 + 068 + 906 + 116 + 015 + 269 + 773 + 418 + 528 + 128 + 773 + 751 + 903 + 098 + 314 =,14239,10000,False,6becc71c,4,[FINAL]  10000 [END],8.779695338999773,9,996,False
n_ary,32_ops,329 + 604 + 026 + 708 + 627 + 642 + 885 + 253 + 913 + 991 + 317 + 873 + 851 + 434 + 567 + 627 + 093 + 272 + 822 + 978 + 110 + 715 + 205 + 476 + 450 + 091 + 127 + 535 + 008 + 868 + 228 + 882 =,16507,123456789012345,False,21ff6608,4,[FINAL]  123456789012345,9.99406374299997,16,996,False
n_ary,32_ops,520 + 130 + 123 + 613 + 942 + 507 + 451 + 748 + 466 + 874 + 487 + 068 + 783 + 770 + 533 + 118 + 170 + 008 + 358 + 587 + 347 + 838 + 338 + 566 + 319 + 271 + 908 + 250 + 652 + 909 + 332 + 936 =,15922,10230,False,45c349df,4,[FINAL]  10230 [END],8.752587472999949,9,996,False
n_ary,32_ops,193 + 262 + 829 + 648 + 042 + 201 + 247 + 905 + 227 + 409 + 496 + 561 + 253 + 290 + 494 + 580 + 575 + 975 + 451 + 495 + 883 + 024 + 526 + 125 + 254 + 802 + 351 + 950 + 203 + 047 + 647 + 008 =,13953,10230,False,54873be0,4,[FINAL]  10230 [END],8.773526379000032,9,996,False
n_ary,32_ops,071 + 797 + 695 + 961 + 928 + 324 + 637 + 445 + 706 + 402 + 635 + 128 + 447 + 691 + 347 + 215 + 250 + 938 + 326 + 380 + 473 + 560 + 578 + 402 + 191 + 066 + 125 + 902 + 316 + 766 + 847 + 238 =,15787,10923,False,e8ed922c,4,[FINAL]  10923 [END],8.696225540999876,9,996,False
n_ary,32_ops,339 + 694 + 339 + 604 + 837 + 191 + 909 + 296 + 137 + 197 + 400 + 363 + 973 + 981 + 017 + 394 + 169 + 815 + 145 + 873 + 919 + 532 + 342 + 410 + 230 + 664 + 149 + 523 + 612 + 895 + 608 + 166 =,15723,123456789012345,False,de843c74,4,[FINAL]  123456789012345,9.84349591299997,16,996,False
n_ary,32_ops,536 + 592 + 240 + 155 + 061 + 533 + 113 + 675 + 281 + 760 + 204 + 298 + 469 + 455 + 761 + 397 + 611 + 777 + 051 + 596 + 433 + 512 + 434 + 223 + 119 + 859 + 804 + 993 + 279 + 818 + 357 + 080 =,14476,10232,False,8c4f0e86,4,[FINAL]  10232 [END],9.208310164000068,9,996,False
n_ary,32_ops,640 + 676 + 305 + 500 + 500 + 070 + 853 + 631 + 968 + 860 + 163 + 212 + 137 + 724 + 893 + 178 + 275 + 339 + 205 + 920 + 391 + 189 + 877 + 736 + 410 + 782 + 535 + 370 + 869 + 815 + 832 + 192 =,17047,13230,False,79671fab,4,[FINAL]  13230 [END],8.70991501699973,9,996,False
n_ary,32_ops,677 + 374 + 713 + 503 + 937 + 382 + 379 + 717 + 882 + 501 + 756 + 777 + 013 + 328 + 147 + 842 + 959 + 746 + 078 + 881 + 468 + 257 + 302 + 032 + 833 + 197 + 527 + 847 + 004 + 630 + 691 + 549 =,16929,123456789012345,False,4e8685b5,4,[FINAL]  123456789012345,9.89636314100062,16,996,False
n_ary,32_ops,430 + 073 + 441 + 368 + 281 + 087 + 679 + 105 + 701 + 700 + 803 + 972 + 921 + 068 + 533 + 018 + 392 + 617 + 791 + 850 + 880 + 470 + 270 + 132 + 468 + 056 + 496 + 302 + 478 + 101 + 087 + 947 =,14517,12345,False,df2a4733,4,[FINAL]  12345 [END],8.763322886000424,9,996,False
n_ary,32_ops,772 + 526 + 069 + 606 + 299 + 861 + 739 + 233 + 511 + 483 + 490 + 996 + 011 + 220 + 462 + 317 + 439 + 144 + 511 + 704 + 100 + 350 + 515 + 146 + 473 + 724 + 627 + 477 + 743 + 690 + 502 + 858 =,15598,10000,False,9c55764a,4,[FINAL]  10000 [END],8.703018283000347,9,996,False
n_ary,32_ops,145 + 111 + 980 + 659 + 145 + 487 + 996 + 863 + 073 + 920 + 456 + 885 + 352 + 784 + 255 + 877 + 295 + 780 + 620 + 868 + 873 + 075 + 517 + 053 + 460 + 605 + 395 + 588 + 784 + 889 + 310 + 322 =,17422,123456789012345,False,deec4caf,4,[FINAL]  123456789012345,9.903136335999989,16,996,False
n_ary,32_ops,888 + 257 + 467 + 152 + 696 + 256 + 839 + 590 + 543 + 782 + 006 + 701 + 303 + 361 + 960 + 659 + 356 + 081 + 941 + 306 + 011 + 213 + 923 + 630 + 607 + 058 + 075 + 048 + 617 + 627 + 638 + 754 =,15345,10000,False,cb3d3c90,4,[FINAL]  10000 [END],8.749865703999603,9,996,False
n_ary,32_ops,919 + 513 + 674 + 455 + 510 + 455 + 639 + 797 + 134 + 783 + 275 + 859 + 127 + 027 + 000 + 851 + 309 + 921 + 726 + 245 + 858 + 446 + 642 + 858 + 087 + 318 + 207 + 471 + 736 + 765 + 161 + 508 =,16276,10000,False,dbc00950,4,[FINAL]  10000 [END],8.760940692000077,9,996,False
n_ary,32_ops,633 + 192 + 736 + 830 + 407 + 666 + 772 + 235 + 721 + 177 + 422 + 870 + 382 + 359 + 632 + 526 + 088 + 495 + 256 + 325 + 229 + 844 + 415 + 315 + 825 + 639 + 400 + 302 + 969 + 306 + 716 + 641 =,16325,12345,False,80351005,4,[FINAL]  12345 [END],8.770119496999541,9,996,False
n_ary,32_ops,550 + 508 + 019 + 126 + 230 + 314 + 395 + 837 + 125 + 699 + 404 + 602 + 854 + 221 + 592 + 748 + 385 + 829 + 471 + 241 + 078 + 261 + 258 + 653 + 199 + 351 + 954 + 434 + 442 + 700 + 152 + 355 =,13987,10232,False,eb4578d6,4,[FINAL]  10232 [END],9.177321907000078,9,996,False
n_ary,32_ops,101 + 206 + 517 + 707 + 724 + 042 + 864 + 754 + 651 + 461 + 049 + 526 + 867 + 515 + 580 + 140 + 610 + 882 + 335 + 176 + 637 + 486 + 795 + 936 + 204 + 129 + 572 + 266 + 350 + 333 + 193 + 965 =,15573,123456789012345,False,56309491,4,[FINAL]  123456789012345,9.791948160000175,16,996,False
n_ary,32_ops,226 + 855 + 022 + 051 + 118 + 569 + 943 + 919 + 208 + 954 + 904 + 378 + 153 + 836 + 238 + 500 + 739 + 708 + 251 + 430 + 952 + 223 + 537 + 983 + 050 + 396 + 650 + 721 + 973 + 688 + 028 + 012 =,16215,123456789012345,False,7c9baa74,4,[FINAL]  123456789012345,9.843262692999815,16,996,False
n_ary,32_ops,797 + 949 + 611 + 220 + 286 + 289 + 343 + 226 + 022 + 329 + 523 + 711 + 185 + 843 + 660 + 892 + 368 + 189 + 928 + 781 + 319 + 367 + 811 + 511 + 177 + 927 + 093 + 040 + 476 + 812 + 909 + 569 =,16163,123456789012345,False,bb07b53d,4,[FINAL]  123456789012345,9.877518782999687,16,996,False
n_ary,32_ops,282 + 902 + 891 + 450 + 012 + 365 + 304 + 411 + 967 + 486 + 823 + 410 + 205 + 408 + 917 + 089 + 555 + 582 + 385 + 908 + 655 + 552 + 400 + 643 + 250 + 892 + 626 + 018 + 843 + 894 + 427 + 119 =,16671,123456789012345,False,ef0ad0e2,4,[FINAL]  123456789012345,9.9390445250001,16,996,False
n_ary,32_ops,958 + 403 + 112 + 363 + 577 + 570 + 563 + 856 + 791 + 754 + 797 + 850 + 964 + 582 + 791 + 224 + 458 + 630 + 816 + 488 + 539 + 832 + 927 + 502 + 611 + 728 + 806 + 778 + 420 + 899 + 691 + 667 =,20947,13230,False,aa9605a5,4,[FINAL]  13230 [END],8.911895393999657,9,996,False
n_ary,32_ops,825 + 889 + 393 + 166 + 764 + 371 + 856 + 332 + 912 + 583 + 924 + 743 + 634 + 283 + 186 + 378 + 129 + 874 + 215 + 036 + 719 + 688 + 129 + 276 + 915 + 690 + 253 + 558 + 666 + 363 + 684 + 614 =,17048,123456789012345,False,6fd5ed96,4,[FINAL]  123456789012345,9.982132371999796,16,996,False
n_ary,32_ops,924 + 881 + 040 + 981 + 151 + 956 + 311 + 239 + 793 + 770 + 695 + 022 + 539 + 934 + 855 + 081 + 598 + 535 + 332 + 983 + 826 + 791 + 454 + 216 + 194 + 074 + 552 + 890 + 051 + 498 + 887 + 973 =,18026,13212,False,383b8033,4,[FINAL]  13212 [END],9.19315907500004,9,996,False
n_ary,32_ops,698 + 993 + 794 + 289 + 975 + 981 + 539 + 513 + 955 + 303 + 009 + 770 + 582 + 483 + 391 + 348 + 745 + 211 + 844 + 959 + 387 + 524 + 310 + 996 + 609 + 182 + 465 + 890 + 061 + 994 + 312 + 110 =,18222,123456789012345,False,8a0f4ded,4,[FINAL]  123456789012345,9.857602555000085,16,996,False
n_ary,32_ops,994 + 603 + 643 + 419 + 472 + 644 + 167 + 940 + 384 + 476 + 532 + 205 + 275 + 412 + 444 + 028 + 509 + 360 + 744 + 925 + 655 + 730 + 074 + 568 + 901 + 882 + 858 + 839 + 792 + 195 + 902 + 442 =,18014,12345,False,9ff87b99,4,[FINAL]  12345 [END],8.730285726999682,9,996,False
n_ary,32_ops,099 + 693 + 561 + 315 + 358 + 182 + 223 + 208 + 561 + 525 + 521 + 119 + 407 + 627 + 873 + 659 + 036 + 921 + 794 + 957 + 590 + 461 + 708 + 690 + 625 + 323 + 578 + 531 + 675 + 518 + 466 + 566 =,16370,123456789012345,False,92931339,4,[FINAL]  123456789012345,9.879671651000535,16,996,False
n_ary,32_ops,101 + 794 + 292 + 613 + 340 + 775 + 290 + 119 + 097 + 717 + 461 + 214 + 194 + 886 + 468 + 426 + 849 + 889 + 066 + 252 + 915 + 560 + 591 + 282 + 776 + 451 + 650 + 406 + 671 + 535 + 215 + 711 =,15606,10140,False,3ac6a502,4,[FINAL]  10140 [END],8.730965651000588,9,996,False
n_ary,32_ops,164 + 115 + 024 + 386 + 297 + 754 + 423 + 161 + 738 + 059 + 181 + 974 + 407 + 656 + 433 + 008 + 953 + 809 + 190 + 277 + 878 + 566 + 510 + 014 + 064 + 220 + 137 + 756 + 937 + 238 + 924 + 802 =,14055,123456789012345,False,400ccce8,4,[FINAL]  123456789012345,9.916010670000105,16,996,False
n_ary,32_ops,592 + 054 + 140 + 307 + 454 + 031 + 661 + 167 + 271 + 764 + 698 + 121 + 563 + 851 + 432 + 433 + 789 + 263 + 211 + 422 + 232 + 181 + 428 + 709 + 065 + 224 + 680 + 067 + 820 + 878 + 556 + 594 =,13658,10000,False,3daff2ca,4,[FINAL]  10000 [END],8.73900868200053,9,996,False
n_ary,32_ops,246 + 100 + 213 + 568 + 587 + 987 + 095 + 522 + 145 + 955 + 527 + 212 + 952 + 548 + 923 + 503 + 993 + 381 + 066 + 204 + 267 + 745 + 283 + 610 + 669 + 922 + 824 + 099 + 124 + 027 + 527 + 389 =,15213,123456789012345,False,d3052236,4,[FINAL]  123456789012345,9.897193596999387,16,996,False
n_ary,32_ops,288 + 030 + 034 + 441 + 798 + 863 + 418 + 918 + 246 + 831 + 941 + 535 + 484 + 810 + 123 + 299 + 434 + 836 + 923 + 216 + 777 + 707 + 290 + 681 + 606 + 767 + 977 + 349 + 007 + 067 + 731 + 418 =,16845,123456789012345,False,700f6cf2,4,[FINAL]  123456789012345,10.332593670000279,16,996,False
n_ary,32_ops,698 + 367 + 769 + 655 + 708 + 029 + 527 + 279 + 415 + 609 + 126 + 386 + 050 + 480 + 976 + 980 + 093 + 069 + 617 + 948 + 499 + 257 + 951 + 952 + 414 + 455 + 879 + 875 + 090 + 279 + 220 + 849 =,16501,123456789012345,False,168e71db,4,[FINAL]  123456789012345,9.856461529000626,16,996,False
n_ary,32_ops,233 + 009 + 480 + 540 + 472 + 680 + 495 + 475 + 265 + 314 + 270 + 616 + 829 + 933 + 441 + 589 + 729 + 653 + 237 + 318 + 684 + 414 + 157 + 875 + 558 + 370 + 059 + 023 + 341 + 723 + 898 + 770 =,15450,10232,False,e65ed9bd,4,[FINAL]  10232 [END],8.756563913999344,9,996,False
n_ary,32_ops,011 + 079 + 653 + 931 + 390 + 426 + 511 + 613 + 975 + 488 + 410 + 869 + 267 + 391 + 825 + 516 + 216 + 959 + 385 + 808 + 926 + 128 + 553 + 063 + 882 + 282 + 308 + 800 + 268 + 138 + 234 + 355 =,15660,123456789012345,False,cbeb13f1,4,[FINAL]  123456789012345,9.925403119000293,16,996,False
n_ary,32_ops,484 + 442 + 660 + 945 + 329 + 982 + 324 + 659 + 267 + 749 + 484 + 440 + 979 + 857 + 626 + 598 + 288 + 272 + 589 + 737 + 878 + 128 + 711 + 006 + 830 + 611 + 260 + 824 + 450 + 906 + 498 + 589 =,18402,123456789012345,False,e0ea5316,4,[FINAL]  123456789012345,9.859837893000076,16,996,False
n_ary,32_ops,082 + 828 + 690 + 343 + 981 + 336 + 805 + 906 + 595 + 004 + 474 + 406 + 934 + 010 + 540 + 803 + 785 + 435 + 503 + 349 + 328 + 099 + 739 + 377 + 752 + 034 + 159 + 113 + 869 + 903 + 295 + 015 =,15492,11322,False,fb942c78,4,[FINAL]  11322 [END],8.740958504000446,9,996,False
n_ary,32_ops,683 + 053 + 765 + 153 + 001 + 000 + 802 + 956 + 471 + 621 + 793 + 621 + 694 + 415 + 389 + 781 + 444 + 772 + 687 + 541 + 694 + 912 + 322 + 201 + 506 + 277 + 678 + 939 + 502 + 930 + 287 + 829 =,17719,123456789012345,False,f937dd09,4,[FINAL]  123456789012345,9.859299211999314,16,996,False
n_ary,32_ops,288 + 045 + 357 + 284 + 546 + 706 + 771 + 445 + 214 + 706 + 243 + 857 + 906 + 035 + 106 + 635 + 885 + 023 + 685 + 745 + 019 + 086 + 223 + 655 + 207 + 769 + 020 + 064 + 799 + 020 + 799 + 512 =,13655,10230,False,51a3e8c5,4,[FINAL]  10230 [END],8.782291618000272,9,996,False
n_ary,32_ops,570 + 358 + 885 + 570 + 239 + 933 + 279 + 061 + 289 + 319 + 591 + 653 + 132 + 282 + 051 + 185 + 817 + 498 + 967 + 912 + 941 + 360 + 854 + 506 + 425 + 968 + 708 + 584 + 323 + 354 + 522 + 560 =,16696,123456789012345,False,f92e0f54,4,[FINAL]  123456789012345,10.296327334000125,16,996,False
n_ary,32_ops,280 + 375 + 609 + 018 + 389 + 650 + 918 + 979 + 006 + 273 + 501 + 756 + 429 + 897 + 868 + 269 + 372 + 038 + 733 + 709 + 059 + 170 + 160 + 272 + 198 + 490 + 694 + 032 + 260 + 105 + 030 + 197 =,12736,10000,False,3acd2ebd,4,[FINAL]  10000 [END],8.7978375900002,9,996,False
n_ary,32_ops,011 + 770 + 330 + 642 + 090 + 611 + 212 + 385 + 147 + 064 + 733 + 285 + 962 + 513 + 571 + 971 + 680 + 899 + 016 + 912 + 987 + 587 + 608 + 497 + 666 + 577 + 898 + 367 + 256 + 017 + 733 + 359 =,16356,123456789012345,False,639c09a6,4,[FINAL]  123456789012345,9.851532128000144,16,996,False
n_ary,32_ops,691 + 464 + 358 + 700 + 593 + 242 + 750 + 374 + 426 + 374 + 796 + 338 + 823 + 625 + 188 + 846 + 677 + 176 + 165 + 694 + 212 + 684 + 291 + 149 + 256 + 215 + 835 + 053 + 101 + 174 + 908 + 721 =,14899,10230,False,1d6057fa,4,[FINAL]  10230 [END],8.681000141999903,9,996,False
n_ary,32_ops,335 + 128 + 534 + 481 + 775 + 754 + 777 + 011 + 271 + 067 + 124 + 057 + 093 + 874 + 597 + 746 + 646 + 056 + 836 + 920 + 712 + 692 + 246 + 153 + 125 + 556 + 592 + 301 + 888 + 670 + 324 + 232 =,14573,10232,False,0d101c58,4,[FINAL]  10232 [END],8.723639829000604,9,996,False
n_ary,32_ops,667 + 721 + 174 + 351 + 021 + 827 + 064 + 818 + 759 + 665 + 642 + 187 + 855 + 203 + 320 + 779 + 738 + 146 + 645 + 189 + 354 + 634 + 183 + 981 + 136 + 689 + 422 + 504 + 757 + 696 + 774 + 286 =,16187,123456789012345,False,befcc1c8,4,[FINAL]  123456789012345,9.860821193000447,16,996,False
n_ary,32_ops,009 + 337 + 068 + 920 + 685 + 027 + 247 + 827 + 358 + 820 + 615 + 289 + 539 + 835 + 412 + 263 + 755 + 150 + 949 + 269 + 075 + 443 + 198 + 457 + 117 + 478 + 307 + 761 + 280 + 205 + 218 + 115 =,13028,10000,False,4457d614,4,[FINAL]  10000 [END],8.721998168999562,9,996,False
n_ary,32_ops,055 + 640 + 366 + 643 + 541 + 729 + 918 + 261 + 052 + 754 + 220 + 556 + 887 + 973 + 525 + 537 + 368 + 775 + 034 + 358 + 699 + 623 + 028 + 819 + 666 + 882 + 700 + 015 + 461 + 076 + 953 + 351 =,16465,123456789012345,False,e5cacd94,4,[FINAL]  123456789012345,9.924590547000662,16,996,False
p_hop,16_hops,Sequence: B C C B D C B A C A B B B D A A D D C A A A A D D D B B D A B B A D C B B C C C C C B C D B C B B D C B C D B C A B C A D B B A D A B B A D C D D C C C B C C C D B B B B A D C D D B C C B C D D B D B A C B A C D A C C D D C B A C D B C C A C D B B C C D A D A D A D C C C D A A A A C B A A B C D D C B A D C C B D D C C B D B C C D A D D B C C D C D C D A D A A D C B C D C C B C B A D A B B A B D D A A C D B C A D C D C A B D D C C D C C C C B D D B C C B B C A C B A A C C C C C C C A D A B D A C C B B B B A. Start: B. Hop 16 times.,A,A,True,2893d4a8,4,[FINAL]  A [END],8.342131493000124,4,975,False
p_hop,16_hops,Sequence: A B D C B C C D C D C D D B D B D D C A B C C C A B C D A A D A D D A D B B B A B C C D C B D B D A A C B D C C B D B B C C A A C A B C C D D A C A D C A A C D B A B D C D D C B A D D D D D C A A C C C A B A B B A C C C A C A C B B D D D C C D D A B B A A B C C A C D A B A B D B A B A B C B B A C D C B C D A B C A C B C B B B A A C D C D B D C A C A B D D A A A B B C C B D C C A C C A A B C D B D A C B C C B D A B C B B D B B D A A D D A B D C B D D D C A B A D B A D B D D C C A A C C B D D D B D A D B D D. Start: B. Hop 16 times.,C,D,False,d543aee0,4,[FINAL]  D [END],7.903713534000417,4,975,False
p_hop,16_hops,Sequence: C D A D D A B B D B C A D D B C D C B B C C C C B D D A D B D B A D B C A C A A A C C C A C A B B B D C C C B C A B A A C C A B C C B C A C B B D B D B D D C C D C D A B B A B B D B A A C C B D C D A A D B C D C C C B D C A A D C B A A A B A D C A A B D C D A D C A D C B A C D C B D D C D D B C B A A B A D C D C D D B C C D D B A D D D A B B A B B A B A C A C A A A C C C B A D C C D C D B B B C A D A D C D C B A D B A B D C A C B D A D B B B C D D A C D B C D D B A A A C D C D D C C A A D C D C D C A C C A. Start: D. Hop 16 times.,C,C,True,22d7fa22,4,[FINAL]  C [END],7.8680264820004595,4,975,False
p_hop,16_hops,Sequence: B B C C D A C D C D C C C C B B B C A B C D A D B C D B A A C C D B B A D B B C A A C B B B A B D D C D D C B B A A B C D D D B D C C C A B D C B D A B B C B C C A A D D A C D C A D A D D B D B A C D C B B D B B D D B C B B D A C D C C B B A C B A B C C B B A B B A C D B D B A B A A C B B C C D D D B A C A C A C C A C C C C B B B B D D C A C C C B C D A A C B A B B A A B A D A B A C D A D D C C D C A D D C D C A B D C D D D D D A D C A A D D B D B A C B A A D D C B C D C B C D D A C B A A D A B C C B C D B. Start: D. Hop 16 times.,D,C,False,01bae044,4,[FINAL]  C [END],7.868694305000645,4,975,False
p_hop,16_hops,Sequence: C A A C B B D C B C A D A B B D D C C B D D D A A B B D D A C B D C B A D C B C B B C B D A A C A A D A C B C A B D C D B D C B A A A A B C A B D C B A D D C C A B C C B C D D B A D A D B C C D C A C C B B A A A A A B A C D C A D A D B D A D A C A D C B D C B C A C C B D B C A D B B D D C D C B A D D A D B D A C A A C C D A D B D C A D C D B C D D C B C B A B A C D B A B B D C D A A B A A B D A D C B B A A D A A D D B A C A D A B D A D A C B A A D C A C A B D C B A D C D C B A A D A A B B C C C D D B D C A. Start: B. Hop 16 times.,C,C,True,839027fa,4,[FINAL]  C [END],7.86387512500005,4,975,False
p_hop,16_hops,Sequence: B C B C D D A A D C A A B A D A B A D B B B D A D D D C A C B D A A D C D D D B C B B C D D C D C D A D D B D A D C B C D B D A A B B D D C B B A A B D C C A C C B A C D B D B C B D A A A A B B C B D C D A C A A A C A D D C A B A D C C C C B B A A C D C C B C C B C B C D B A C D D B C C A A B D B A D B A D B C C D D D B D A D B A A A A D A B C B B C C C A B C D B A C D B B D B B B D D C B B D D B B B D B D A D D B C A C B B B D B B D D A C A C D A A A C A D C C B B C D C C B D A A D C C A B B D A A B A C D. Start: D. Hop 16 times.,D,A,False,e4a8c52f,4,[FINAL]  A [END],7.897825962000752,4,975,False
p_hop,16_hops,Sequence: D B B A B B A B A B D B D D A D C D D B D C B D D B B B C B B D D B A C D D C C B D C B C C A C A D B C B A A B C C A D A B C B D A B C D D B C D B C B B C C C B B A B C D A C C D B B C D C B A B A A D C D C A D A C B B B A A C C D A A B A D B B B A B D A C C C C A C D D C C C D C A C B C D D B A D B A D D A C B C C B D C B C A B D A D D D B B B C C D D C A D B C B C B C D A C D D A B B D B C C C D A B C A B B C B B B A C D C B C A C C A B A A D D D C C A D D D C B D C C C A B C A B D D A D D B A C B A A D. Start: A. Hop 16 times.,A,C,False,907b4eb8,4,[FINAL]  C [END],7.848326540000016,4,975,False
p_hop,16_hops,Sequence: B D C C C D B A D B C B B D B D D D D A A C C A B B D A C A A B D A B B B D B D D D A D D B D B C A D C A C B A A D C C C D C C C C B B A D D D B B C A A C B C D A D A A B A A A A C D A A C D A D A D B B B A D C C C D D A C B A B B C C A D C B C A C B C C C A D C D C C A D B B A B B A A A D A A A A B A C A C A C A A B D A C C B B A D C A B C D D D B B B D A D C D B D A B B A D A C B A A C D D D D D D C A C B A C C B B D D A D C A A D B D B B C B D B D C D C A A B D A D D B A C C B D C A D A A D B A A C D C. Start: D. Hop 16 times.,D,A,False,4d5d247f,4,[FINAL]  A [END],7.880246332999377,4,975,False
p_hop,16_hops,Sequence: C D C A D B A C C C A A C B B C B A A C A C C A D C A D B D B B B B D B D D B B C C B A A D B B C B B B C A D B D C C B C A D D C B D A B B A A D A A B A B D D A D D A B D A B A D A B A A D D C D B D D B B A C D D B B A C A D B B D A B D C D B B B D A A B A A B D B C B B C C B C D A D A D D B B C C A C C A A B D D D C A D D D B A B B A B A A B C C D D C B B C C D D B C A B C D C D A A A D C C D D C A B D C A D C D A C A A D B D A B C B C C A D D C A B B D D B D B A B D B C D C A A A D A A D A D B A B A B A. Start: D. Hop 16 times.,A,A,True,8d496ae4,4,[FINAL]  A [END],8.389382550999471,4,975,False
p_hop,16_hops,Sequence: C C C A B C B D C D A C C C C C B B D C B A B D B A A B A A A B B D D B A D B D D A C A D B C C A A C B B D B D C A D B A B B C C D C A C B B A A D A D C D D C A A A D B B D D A B D B C A B D D B B D A A B A D D D C B C A C C B A B A C C D C C C A D D A B B A C C D B B B C D B A B D A B A D B B A D D D D A D C D B D D A B D A D C A C B A D B A A C A B A C C B A B A D A C C A B A D A A C D B A D A C A A A C D B B A D D B B C D A D A B B C D D A A B B C A D C C A A B C D A B A B A B A A B B D D C C C C A C C. Start: C. Hop 16 times.,C,C,True,8dd5de99,4,[FINAL]  C [END],7.869208073000664,4,975,False
p_hop,16_hops,Sequence: C D B C D D C D B B A D D A C C C A A D D C D B A A C D D C B B A D D C B B A A A B D A C A D B A D C D B D D A D D B A D C A B D D A B B D C B D B B A D A A B C D C A A B B B B A B A D C A B C A B D C D D C D C C C B C B A C A B A D A B B B A C A D B D B C A B D C C A C C D A B C B C C A B C D C C B A B C A C C C A D C C A A A A D C A A B A D D D C C B C D B C A A C C D A A A D A B B B B C C C A C D A B A B C D A A B B D A A B D C D C A A B C D D D B C B B D A B C D A B D C B B A C A D A B C B D B C B A A. Start: D. Hop 16 times.,A,A,True,e58c214e,4,[FINAL]  A [END],7.876356284999929,4,975,False
p_hop,16_hops,Sequence: A B B B C B D B A A A B B B A A C C C D B B C A A B D A B A A B D B B A A B D D C D B A B A B A A C D A D B D B B B C C D A A C D B C C C B A A A B A A D B A C B A D B D D C B A B B C A B B C B A A D D D C C D C A A C D C B A A D C A A C A C D B D A B D B C D D B D C D B A B A C C C D C C A B D B C D D B B B B A D A C A C B D D C C C D A A A C C A A B A B D A C B B B D A D B D C C C D A D C C D D D C C B B C D A D C C B C C D C B A B B C C A C B D B C B C D C B D C B B A A B C D D B A D A B B C C A C C C D. Start: B. Hop 16 times.,C,C,True,8e1edd68,4,[FINAL]  C [END],7.874051746999612,4,975,False
p_hop,16_hops,Sequence: A D C A D D D C B C A D A A A C C C C A A C A B A A B A B D B C C A A D D A A A C C D B D B B A D D D B C B A C B A B A A B C B B B C A B D C C D B A D B A C D D B C A B C D D C C D C A C D C A C A D A C A A C C B C B C C B C B D D A B B C A B A A A B C C C A C B D A A D D B A D B B B A C D C D B A A C A C B B D A D C D D B D B D C A C D A C A B B D A A A B B A C A C C D A B C C C B C C B B C B D D D A D D A B B A B D D A B C D D A D A A B B A B D D D B B B B B B D A A A C D B C D B B C A D A D B A B D A A. Start: B. Hop 16 times.,D,A,False,ea61431b,4,[FINAL]  A [END],7.857520816000033,4,975,False
p_hop,16_hops,Sequence: C B C C C B B B A C A D C B C C A B B A D A C B A A C B D D B A B B D D A B B B B D B D B D D D C C D D D C C B B C D B D D A A C A C B B B D A A A A A A A B B B B B A A B B B A D B A C C B C C B D C A C D C A A D B C A B A D A A C B C C A A B C B A B C C C D A D D D C C C D D B A B A C A A A C A A A D C B B D A D B B A D A C D C C C B C B C D D B A B D A D D C C A B A C A B B A B B A D B C A A A D C C A A A C D D D D A D C A C C B C C B B A A D D A A D D B D B B C D D D B A B B D D C B D C D B C C B B C A. Start: C. Hop 16 times.,B,A,False,070b7c4d,4,[FINAL]  A [END],7.902381724999941,4,975,False
p_hop,16_hops,Sequence: D B B B D C C B C C C C B D D D D B D C C D C A A A B C A B A B A A B B C D D A D A B C A A A D C D C B B C A A A D C C A C D C B D C D A C B D C A A A B D A B D D B C A C C B C A B A D B C B C A B A A A A D D A D D A C B B A A A C D A A C D B A B D D D D A D C A A D D C C A C D C C C A A B C C C A B C D B B C A B D B B B B C A B B C C C B D A B D D A C C D C B B B B C D B C D A B B B B D A C B C D A C B C C C A A B A B A C A C D A C B A A C C C A B B D C A A B C D A D C A C D B D B C A A A D C B D A C B A. Start: D. Hop 16 times.,D,A,False,e377102b,4,[FINAL]  A [END],7.887096838999241,4,975,False
p_hop,16_hops,Sequence: C C D A B D C D A A B A D B C B C A D A C D A C C C D C C C C C C C A C B D D B B A D A C C B B A D D D A B D B D B C A C B C B A A B A A D C D D A A B A C B B D B C D D B A D B D B D D D C D A D D C D A D D D D A D C C D D C B D D A A C A B A C A C B B D A C D B A B D C B C A A D A D C B D B D A C B B C C A A D D D D A D C C B D C A A A D B A C B B D D B A A B B B D B B D B B B C B B C D A C A C A D B D B C A C B C D C D D D B A C C D D A C B D A B A C A B C D D A D C C C B D B D B C A A A D B D B D B D A. Start: B. Hop 16 times.,A,A,True,9c04dd65,4,[FINAL]  A [END],7.908160574999783,4,975,False
p_hop,16_hops,Sequence: A D A D B B A C B D B D B B B D A B B A A A A D A C C C A B B C B B C C D B A A B A A A C C D B B B B A B D C C B B A A A C B D D D B A D D B D B A C C C A C B C D B B D B D C B D D D A D B D C D D C D D A B D A C D B D B A C D D C D D D D C B A C B A A C B B C B D B C D B A D D C A C C C A C B A B C D B A D D C C D D C D A C B A B B A D A C D B B B B B D D C A A C C D B C A B C A B A C B D B B C D C A A A D D C D C D B A D B B B B C B D A A C D D B B B A A D D A D A A C C D C D C C C C A D A C B C C A B B. Start: C. Hop 16 times.,B,B,True,f4f48c35,4,[FINAL]  B [END],7.919862029999422,4,975,False
p_hop,16_hops,Sequence: D D D C B C B A A B A B A C B C C A D D D C A A D D B C B B D A A A B D D B A C B C A B A C A D B A D C C D B C D A A C D C C C D D A D B C A B D D B B A C A A C C C A B D C A A A B A D A B C B C A B A D B C C B B B C C D D C B B A A D B D A C A B C B A C C D B A A B B D D D D D A B A A D B A C B C B D A B D D A D B D C A D D C C B C D D D C A D A A B B D B A D B D C B A B D B D D C B B D B B B B B C B B B D B C C C B D B C C B A D C C B D B D C C C D A B C D A A C D D A B D D B A D B B B C A D B D B D B D. Start: A. Hop 16 times.,B,C,False,e6739da0,4,[FINAL]  C [END],8.295514510999965,4,975,False
p_hop,16_hops,Sequence: D D D A A D D D B D B B B A C D C C B B B C D C B C A C A B C D D C D D B B B C B A C A B C D B C D C B B D D B C D A C A C A B B A B D C C C A C C A D C A B A A C C D A C A C D D A C D C A A C C A D C C A D C B B D D A D D B B B B D C A A C A C B C D C D C D C D A C C D B D A C D A D A D B D B D A C D B B A C C D B B B A A B D B D A D B B D C A A C A B A C A B D D A C B D D C D A A C D D C A C D C C A C A C D B A C C D C A C C D D B B B A D D D A C D B B B A C B D B C B D B C A A D C A A D C A C C B B A A. Start: C. Hop 16 times.,A,C,False,1eb8e549,4,[FINAL]  C [END],7.883495284000674,4,975,False
p_hop,16_hops,Sequence: C C C B C B D D B D C C B B D B B C B B B A B B D C D B A B A A D A D A B A B B C B B A B A C B B D A B D B B C B B A C D A D A D B C B A B B C C C A C B A B A D A C A B B A D D C C D A C A D C B D B C B D C C B B C C C B A B D A C A D B C B A A D C A B C B C D B B A D C B C D C D C C C A A D D C A A C D D C D A D B B D A A C A D B C A B D D A B C D C C A B A D A C C C B A D D A D B D B D D C D D D D C D B C D C A D B A C B D A C C D A A B A D C C B D A A A D A C D B B A A A D D A A D A A A B C B B D C D C. Start: D. Hop 16 times.,D,A,False,fed73ce6,4,[FINAL]  A [END],7.870553741999174,4,975,False
p_hop,16_hops,Sequence: D D C A A D D A A D B B C C A B D C B B B A B B B A C A D D C B D D D D B A C C D D B C C A A B B C A C B D D A C C B A B B D A B B A B C B A C A A C C B C D A A A A D B B B A C D C C B A D A D A B D D D C B B D D A A C C B A C A B D C A B A C B D D A D C C C C D B A B D B B A B D A C C B D D B C A A B D A D D C C C C B C D B B C D A D B B D C A A B C D D B C C D A B A D D D D A A A C B C B C C A B D C C A C C B B B B C D C D B A C D D C C B B C D C B D D B D C C A C D A A A C C D D B D B C D A A A B C A C. Start: A. Hop 16 times.,B,C,False,f1edb29d,4,[FINAL]  C [END],8.015774800000145,4,975,False
p_hop,16_hops,Sequence: A D B C B B B C C A B D B C C A A C D C C C A A B C A C A B B D B D B D B B D A D B C C B A A B C B B C B C B C B D B D D B C C C D B A C D D C A D B D B B A B D A B B B C B B C C B A B B C D C B A D C B C C C C C C D C B A B D B B D C C B D A C B B A B D B A D C D D A A A B C B A D C A D D C C B A B B B C B A A C C D C D C D C C A B D D D D D B D C A D C D C C C B D D C C C A D D C B D C D A B B B B B A C A C D A A C B D D D B B A D D D A A A B C A D C A B B A D D C C C C B D D A D B D C B D B D B C B B B. Start: C. Hop 16 times.,B,C,False,f70745be,4,[FINAL]  C [END],7.836023108000518,4,975,False
p_hop,16_hops,Sequence: B A C B A B C B C D D D D B C A A D A C A C D B D D C A C B C D D A A A D D D D D B A D B A D D A B D C C B D A A C B D A A C D C D A D B D D D D A B A B C D A D B B B D B A C C D B C C D B A C D D D D B B D B B A B A C A C C C D C B C B C C B D C D A D C B B D C D A D C C B A D C D A D A C C B A A D C B A A C A B B C A B A B A D D B B A B A C B A B B D C B B D D D D D D A C B D A B C B A A D B D B A B C A B D D A C C A D B D C B B C D B C C D D A A D C D A A B D C B C B D B C A B D C C A A D D C C B A B A. Start: B. Hop 16 times.,A,A,True,8414c38a,4,[FINAL]  A [END],7.853068149000137,4,975,False
p_hop,16_hops,Sequence: A C C D A C C A D D D B D A C D D A A A C B D D C D C A B A A B C C C A D B C C A C A C D A C B C C D C D C D C A B D C C D C B C A D C A B C D C D B B B B A B A C B B B D C A B C D B A C B B C C A A B C D C C A B B A D B B C C A B A C D B D A D C B B A A C B A B A B C B D A A B A D C D C B A D D B D B B B C B C B C B A D D A D C B D A C C A C C B B A D D D A B C C B B D D C A A B A D C C C A A C B B C C A C A C A B A A A C A B A D A D A A D C D B C A B B D B D C D A D D A B A C A A B A C A B D C D D B A B. Start: C. Hop 16 times.,B,A,False,a8cb8221,4,[FINAL]  A [END],7.862116072999925,4,975,False
p_hop,16_hops,Sequence: B C C A A D A D C C A C A C D C B D A B C D B D B A D C A A A B A D B A A C A C A D C B C C D C C A C C A A D A C A C B C B D C C C D D B D B B D C D B A C A C D A D A D A D C A D A C C A D C D D D C C A B C B D D A A D C C D C D A B B C A D D B C D D A C D C D C B D B B A C C D C D C B C B C D A C A C C C C C A A D B B A D A A B C C D A B B A D A B A A D C A B A C B B D C B D D B A C B A B C A C A D A B A A D A B D D B A C C D C C B A C A C A D A C D D B C A C D D B B B C D A B B A B B B A C A D D B A A B. Start: C. Hop 16 times.,A,A,True,48943311,4,[FINAL]  A [END],7.843752534000487,4,975,False
p_hop,16_hops,Sequence: D D B A D B A C C C B D C D C C B B B A D C D D D C A C A B D D A D A D D B D D A B D D B B A B C D C A A B A B D A D A D B A C B B A C C C D D B A D A C B D B D A A D C D A D B D B C B B A D A C B C A D B B B B B D D B C A D C D D D C D B B A A D C A A D D D A B D A D D D B C B C B A A D B B D D C C C C C B D B D A B D A C C B D C C C D B B C A C D C A D D C B D B D C D D A A C A C C D A C B B D A B C C D C D D D D A B D A C C C D A A C B C A B B A C D B D B C B A D D A B C D A B B A A D B C B C C B D C C. Start: B. Hop 16 times.,B,C,False,071237e1,4,[FINAL]  C [END],8.313782320999962,4,975,False
p_hop,16_hops,Sequence: B D C A B B B B C C D C C B B D A D B C B D D D C B D B C B D B D C C A B B C A C B B D B C D B C A A A A A A D A B B D B C D A D D D A A C A A D C D A A B B B C D B D A B A A C B A B B A D B D A C A C C C A A D D B B D D A A C C C A D B B B C B A D D A C A A D A B D D C B A D A A B C C A A C A C A D B B C C B A B A A C B A C A A B D C D B B C A D B B D B B C A A C B A A D B D B C A D C A C C D A D D B B C C D D C B A A A B D A C D D A D A B C C C A D A A B D D B C C D B D A C A B A C D D D A A B A D B C A. Start: C. Hop 16 times.,D,B,False,9b7baa29,4,[FINAL]  B [END],7.876260185000319,4,975,False
p_hop,16_hops,Sequence: B B C B B A A D C C B B D A B D B B B D C C C D B D B D A B A A C A C A B C B D D B B B A C D B B B D B D A D B B D A C C D D B A B B B B C D C D B D D C A B C C C B D B A A D C C B D A D C B D A C D C C D D C C D C B A C A C A B C D A C C D D D D D B A C D A A D B B B C C C B D C A D C B D D C C C D D C B B C A D B C D C C D C A A D A D C C B B A A B D D A C A D B A A B D D A D C A C B B C A C A B D D C B D A A C A B A B A B D B A C A A B B A D A A A B B B B D D A C A C B C C D A D B D D D B D A D A B B B. Start: A. Hop 16 times.,D,C,False,1fd7beeb,4,[FINAL]  C [END],7.84342659000049,4,975,False
p_hop,16_hops,Sequence: A B A C D B C C C B B D D B D C B C D C D D C D D D B B A B B A B B A B A D A D A A C D B D B A A B A D D A D C D B C A B B A B D B B B B C A D C D B D B A B B A D A C C A D B D D D C C D C A C A C B D C A C D D D D A C D A D B B B A A B D D D A C D A C B C D D A D D D D B D B C D B C A D A D A B C C C B B B C B C B C B A B C A D A B B D D B D A B D C D A A C B C B D A C C B D B B A C D B D B A C A A B D D A B D D D C B A C C C D D B B D B B C D B D D C C A D D C A A B D D D B D A B C D A D C D C D A B B C. Start: B. Hop 16 times.,A,C,False,d5a31a66,4,[FINAL]  C [END],7.877462490000653,4,975,False
p_hop,16_hops,Sequence: B D D B D C A B C D A C C B C D B C B C A A A A A B C D D C D C C A C A A C D D C B C A C D B A D B D A A D A C D B D A D A D A C D C C C C C A D C C A A D B C D B C C A B A C D A B D C A D D C D D C C B B C A C C B C B A A C B C B B B A D C D B A D D A D A A B B A A D A D A B C C B D B C C D A D A C C C C C C D C B A D B A B B C B B C A B C A D C C C B C B A D B D D B B D B D B D B A D A A A C D D C A D A D B A B C C A D B C D D A D B D D A C B B B C A C B B A D A B C A C C A C B C B A D D B B B A D A D A. Start: D. Hop 16 times.,D,A,False,5ab70c74,4,[FINAL]  A [END],7.847951224000099,4,975,False
p_hop,16_hops,Sequence: C D A A B A C B C D A A D D B A D C C B A D D B D D B C D D A A B C B C D C D A B A D A A B C C D D D B C B B C D D D D D B D B D A D D B A C D C B D A B A A C B C D B D A D B A B B D D D D A D B A B A D C C A D D A B B B B C D C B D A B B C C C A A B A D C C A C D C D B D A C B C C B C A C B A D D C D A D C A A A A B B C B A C A A D D D D C A A B A D A B D C C C D D A D A D C D B A B B B A C A D A C A A B A A D C D C D B B A B D B B C A A D A D B B B C A A A B A C C A A D D C A C A A B B A C D B A C B B C. Start: A. Hop 16 times.,C,C,True,cc50ff4c,4,[FINAL]  C [END],7.887976295999579,4,975,False
p_hop,16_hops,Sequence: C D C C A D B C B B A C A D C D C D D A C B B B B C B A A C D B C A D C A C A D B B A D D D B C A A A D B B C A B A B D C D C D D D C D A A D A C C A B D C C B A B B C B A D D D D B A B C B C B D C A C D B A B B C A A A C C B C C C C A B D C D D A D A D D A C B B B B D D A B A B D D A A C C A A D A C D B D A C D B A C A A A A A A C A C C D B C A C D D D D C A B D A A D C D B D D C C A C C A D B B B D D A A D D C A D D A C D A C B C D A A C B A A C A B D B A D C D A C C B B C D A D C A B A C B C A B D B B D. Start: A. Hop 16 times.,D,C,False,249e7c46,4,[FINAL]  C [END],7.955120313999942,4,975,False
p_hop,16_hops,Sequence: C C B D A D D C C A D C A A C B C B D C C C B D B B C C A D A C C C D C D B A A D D D B B A A A A B B D B A C A A C C D D D C C A C A B B A D B A B C B C A B A A D A A D C D D D A B D C C B A D D B B C B D B B D D B A B A D C D A C A C D D D B D B D B B B C A B D A B C C B B B B D A B B A C D A C D A A B D B C A B C B C B A A B A A B A A A C D C D A D D B B C B A D C B A B D B B B A D A D A B A D D C D B B D A B A B D D B A B B B D D C B C B A D A D D D A B A A D B C C A D D B B A D A A A B B D C B D C A C. Start: B. Hop 16 times.,D,C,False,0ffa30ad,4,[FINAL]  C [END],7.838776628999767,4,975,False
p_hop,16_hops,Sequence: D A D A C A A D D C C D D B B B C C B A D C A B C D C D D C D D D A D D C C A B D B D A A C B D C A C B A B A D B A A C C C A D C A B D D D C B A C D A A D B A A D C B B C B C B D B B A D C A A C A B B A C C B D C C A D B B B D C D A B B A B D D A C A A D A A C D A C C A D D A D B A D B B C C D D C D A D B D C D B A A B C C C D C B D B A A B D B C D D B C C B D A C C B C B C B B B C D C B A B D B A C D C B A A A B B D D D B C A D C D D A D D B B B D B C B A B A A A C C C B A A B D C A B B D B D A D A C A A. Start: B. Hop 16 times.,B,C,False,3648afae,4,[FINAL]  C [END],8.307492339999953,4,975,False
p_hop,16_hops,Sequence: A A A B A A D D B C C D D C B B D C C C D A D B C C D D D C A A A B B D A B B C C D A A A A D B C C A D A C D C D B D C B D B D B D A C A B A C B C B C C B D C C B D C A C A C A B D A A C A A A A D C C B D C B C A D C C B D C D D B A A A C D B A A C D D A B D B B A A A A A A D A A D B C C B A D B B D A C C D A A C D C D A A D A B A C C C D C B B A C D D C C D A A B B D B A D C C C B D B C C D B D A C A D A B A B D B A A C B D B A D D D B D C A C A A D B B D B B C D A D B D A B B B A D D C A C B B B C B C C. Start: A. Hop 16 times.,B,ERROR,False,d70f85a8,4,Experiment failed: 5 repeated outputs,0.0,0,0,False
p_hop,16_hops,Sequence: C C C C B B B C B A C A B A A C C C D B B B A A B B D D B C B A C C C A C B A C A B D C A D B A A B B A D B C C A D C A B B C B D A A B A C C A C C C B B D B B D B C C A D B C C B A D D A A A A D D D D D D B D D B A D C C C D A C D D D A D D C D A B C B A C D C C C B D A C B D D C D D A C A A D C D A D A D A D B C C C D D B D D C D D B B C D B C C A D D A A B B D D A D C D B D A C C A B B C A D A D A C C D A B D D B A A B D B A B B A C C B B A B D A A A D A C B C A B C B D A A A A A C D A D A D B B C C B D. Start: D. Hop 16 times.,C,ERROR,False,35dd72a5,4,Experiment failed: 5 repeated outputs,0.0,0,0,False
p_hop,16_hops,Sequence: B A B C C C C A A B A B C C D B C A B B A C A C C B D C C B B A B D D C D B B A B A A A D A A B B C B C A D C B A A A D A C D A C A D D A C D D A B D D A C C C C A D B B A B B A C D D B A C A D C D C D B C A D C B B A D B C B D B C C A A B D C A C D A D D C C B C B D A B B A C B D A B D C C C D A D A C B D A A C D B A C C D A A A A C A B A D C C C B C D B C B A C D A D C A D B A B A A A A D B C B C A C B A B B C C C C C C A D A C A C B C B C C B A A B A B D B B B B D C A A C A C D D C B A D B D B B D C D B. Start: C. Hop 16 times.,D,A,False,4136a7e1,4,[FINAL]  A [END],7.846348476999992,4,975,False
p_hop,16_hops,Sequence: C B C D D D A B C A C B B D B C D A A C B A C B B D A A A A A B B D D B B A C A B C C D C B A C A C B D D D D D C C D B D D A A D B B B A C A D C A A B C D B A C D A A A C A C A A A A D B B C D B D D B B C C C A B A C A D B C A A C A A B A B A A B D A C A C A A A B C C D C C A C B A A C C C B C B B A A D B B C D B A C A A A D A B A A A B B C C A C B D D D D A C C D B A C A C D C C A D D D C C A C A A C C D C A C D C C D A D A A D B A B A C C A D B A A D C D A B A D C B D D A D A B B C B B C D C C C B B C C. Start: D. Hop 16 times.,A,C,False,ea3e0726,4,[FINAL]  C [END],7.8847681429997465,4,975,False
p_hop,16_hops,Sequence: B A B A D D B D D C A B B B C A C D B A A A A C C A D B C D D D D B C A B D D C A A B B C C A D D D A D B B A C D C B C D A D C C C C D B B B D C A D D C D D C D B A C A C D B A C A B C B A A B A D B B A D A C A A C A C C B B C B A C C A B D D D D B C C B D C B C A B B D D C C B B A A A A D A A D A D B B B C D A A D D D B C B A D B A A A D C C C A D C C B D C C C D C A B D C A C C B C C C A C B B B B D C D C C C D D B C B A B C A B A A D D A B B B C B B B B B D C A D B D B D D C C B B D B D B D D A B D B C. Start: B. Hop 16 times.,C,C,True,7a3a4154,4,[FINAL]  C [END],7.862670264999906,4,975,False
p_hop,16_hops,Sequence: A B A B A A C D A A D D A A D A A D A C D B A C B A C C B B C A A B B A B B A A B C D B B B A A D D D B B C D A C B C B C D B D B D A D D D B C B D B C A A A C B C C A B D C C D D A B C A A B B A B A D D A C D A B D D D B D D D A B A B B D A A B C D B B A B A C B D D C C D C B C C C C B C A A A C D B A C C A D B A C B A D B A B C A A C C B C B C B A C A D B B B C C A D C D C A B D B A C A C B A B A C B C B C B A B C D D A B C C D D C A C A D C D B A A B A B C D C D B A D D B A B D C B D D B C B B C A B B B. Start: B. Hop 16 times.,D,A,False,a076dbb1,4,[FINAL]  A [END],7.8840249799995945,4,975,False
p_hop,16_hops,Sequence: C D A A A C D C B B B D D A B D A D B A B B B B A B D B C A C B D A D B D C C C C D B D A C A C B C A B C D C A A A C D A C C D C A C C C B A D C A D B C B B A B C B A B A B B C C A A B D B D C D D A A A B A A D A D C B B A C A D C B A A A D B A A B C A A B D D D A A D C A B B B B A B C B D D B B A B B B D C B D D A C D D D D D C C C B C A C D B C B D D B D B C A C A A C B B C A D B C C A C B A A B D C B A A B A B D D B D C D C B D C C C A C C A C D A B D D A A D D C B B C C D C C D B A C D B C D A A A B A. Start: B. Hop 16 times.,C,A,False,ab0e442d,4,[FINAL]  A [END],7.860844473000725,4,975,False
p_hop,16_hops,Sequence: B D A C B C D B B B C D D C A A D C B D A B D C D C B A B A B D B B B A A D A C B A C D C D A A C C B D C A B C A A D D A A A A D C C C A D C A B C A A B C A B A C C A D D A A A C A D C C A A C C D B B B A A B B A B C D B B D D C B D A A D D B B D A C A A D B C B A D C B D B C A D B A C B C A D B C C B C D B A D D A D C B B C A A B A D D B D B C B A D B A D A D C A B C C B C D A A B D B B D A D C D D A C C D B C B A A A D D B D A D A B C C D C D A B D C D C D C B C D B A D C A B D B C C D D D D B A D B D D. Start: B. Hop 16 times.,C,A,False,23e0e1d4,4,[FINAL]  A [END],8.299634406000223,4,975,False
p_hop,16_hops,Sequence: C D C C B A B D B D C A C A C B D C B D D C C B A A C D C A C A D C D B D D D D C B D D B A B A D D B C A A A B A C C D D C B B D D A D C B A C B B C B D C C C A D C C C A D B A A B A C A B D B D C B D D C C A D D C C B C A D A D D B A B C D C C A A A B C C D C D C B A B C A B A A B C B B A B C B A C A D D C A A A C D B A A B D A A D B D C B D C B B A B D A B B C D D D B D B C B B B B D A D B A A A D C C B D A A B A B B A C C C B A D D C C D B A D C C A A D C B B B B C A D D C D C A B B D D A A C D C D A C. Start: D. Hop 16 times.,A,C,False,0d5d0d1b,4,[FINAL]  C [END],7.89477054300005,4,975,False
p_hop,16_hops,Sequence: B D B D A C B B A B B C C C C B B C D D C D A D C B C A D D A D B C D A D D B B D B D C D A A D C D C C B C B A B D B C C D A B A A A D D D D D C D A D A D A D D A A C A A B D A B A B B D A D C D B D B A B A D D D A A D A D D B B B B A A D C B A D D C C A B B C B D C C C D C A C A D A B C C D D D B A A B D B C A B C C B D B D B A A C B A D B D B B C C A A B B B B A A D D B A B A D C C D B B C B D C B B D A A B B A C C C C C B A B A C B A C A D B D C A D C D D C A B B D C C B B C D B D D A D D C C D D C B D. Start: B. Hop 16 times.,B,C,False,37c76608,4,[FINAL]  C [END],7.861375284999667,4,975,False
p_hop,16_hops,Sequence: A D D D A B A D C C C D C C C C A C D A C B D A D D A D C D B A B C C C C D A B D A A D D B A C C A B D D C B A A A B B B C B C A A C D C D D D B B B D D C D C B B A A B A B A C A C D B B C B D A A D B D A B A B D D B A D C B A C A C B D D D B B C C D C B B C A B B C B C C A D A C C D B A D C A D B C C B D D A C D C C C D D B B A B D C D B A D C C D B D C C D C B C A D A A B C C A B B A B D A A C A A A B C A C D B D C A B D A A D D A B A A C C B C B D D B B C C B D A A C A C A C D C D D D D D D C B D B A B. Start: A. Hop 16 times.,D,C,False,34d370db,4,[FINAL]  C [END],7.888329297000382,4,975,False
p_hop,16_hops,Sequence: B C D C D D C C B C B A A A D A B C C C B D A D D C B C D A C B C D D B D C B B C D D D A B A D C B B D B A D A C A D A A D B D A C C A B C D A D D D D B A D B C D C D D B B B C C D D C A C A A A C C D A A B D A D C C A D A A D D C C B B A B A C D A D B B D C A C C B A A C C C B B A B D D D D D A D C D C C A D C C C A B D D C B C B D D B A B B C B D D B A B A D C C C B D A D A B A B B C D A B D A D A B A A B A B B C A B A A A A B B A B A C C C B D A A D D D A A D C A A C B D C A D D A A A C D B C C B A B D. Start: D. Hop 16 times.,D,B,False,b8ea23e2,4,[FINAL]  B [END],7.846677642999566,4,975,False
p_hop,16_hops,Sequence: B D A D A B C C C A C B D C B B C C A D C D B D C B A C B B A B C C A A C A B D D D A B A B C B B C D D C C B A B C C C D B D B C A B C D C A B B D A A D B B A D C D B A A B C C B B C B C D B C D B A B C B A A C C D B A D B B B D A C B C A B C C D C A A B D C A B B B D D B A B A C C C D D D B D C B D C A A C B C A C A B D B D A C C B A C A A D D C C D A A C D D C D D D A C A A A A B A C C C D A A B D C A B A B B A C B D D C A C B D C C C D C D D C B D A B C A C C C A C C A B C B C B C C A C A C A D D B C D. Start: C. Hop 16 times.,B,C,False,d2857333,4,[FINAL]  C [END],7.842580679000093,4,975,False
p_hop,16_hops,Sequence: C B A A D A A A B A D D B C A A D D B D D A B B A D C B D D B B D D C A B C B C A A B A D B A B C C B B C A A D B C B B C D B A A D A D C C B A D A A A A D B A D C D C B D D D D A B B D A B C B D A B D A B D D A C A D A A A D A B C D D D C A C A D A C A C C D A C C D B D C C D D C D C A D C C A C D D D A D B D C C D D A B C B D D C D D B D B A C D B D B B D D D B C A B D D C A A A B B B A A A A D D D C B B A B C C C B D A A C A D D D B A D A B C A A A B A D C D B D C C A A A A D D A B B B B C C C B B D C C. Start: A. Hop 16 times.,B,D,False,e8d926c4,4,[FINAL]  D [END],7.836271387000124,4,975,False
p_hop,16_hops,Sequence: A C C D C A A A B B D C C A C D C D C C A C B C D B D B C A C D D C C A A D D B D A B D D C C B C B B B C B A A C A D D A A C D B C A B B B C A A A B C B A C B D A A A B B C A C B A D C C C B A B B A B C B C C A A D C C D A A C B B B A B A A B C D D C C A A B B D D D D D B B B C B C D B D D C B D B B D B D A D B C B D A D C C B A C A B B D C C C C A C A B A D C B A D B B C C D C A C D B B A A C D C D A A A A C A A C B D D B D B B C C C D C B B A B B C D B D D A A D B C C A B D C D D B D A C A B A C A C B C. Start: A. Hop 16 times.,A,C,False,6a6a41c7,4,[FINAL]  C [END],8.249612948000504,4,975,False
p_hop,16_hops,Sequence: C A B B A A A D A D B C D D D C D C C C C C D A B C C C B D A A A A C C B C C D A C D A C B A C B D D B D D A B B B D B C C C A D D D C D B C D D D C A A A C B A B C A A B D B A A C D B C D D A A A D C C B C D C D D A C B B C D B A C B C A C A D D C A A C C C C A C A D A D B C A D B A C B B C D A B C A B A C C D B A C C B A B C D D B D C C D A B D A D B A D C C D C D B D D C C B B B D A C D D B C D C C C B D A A D B A C A D C B B D D D B B A B B C A A D A C B D B D A A B A D C A B D B B D C C A C A D A B A. Start: A. Hop 16 times.,A,C,False,c62e5004,4,[FINAL]  C [END],7.879565700999592,4,975,False
p_hop,16_hops,Sequence: C C B D B C C B B A C B C B B C D B C D D B A C C D B C D A D B D B C B D C A C B D D C B A D C A D A A C C B C D C B B C C B D B D A A C A D D D D B A D A B B C A B D C D B B A A C C C A A B A D B D C D D D C A D D B B C B D B B C D A A C B B B D D D A C A C D D B A D D C C C A A C C D B C A D B C A A C B A C C B C D A B A B C B D A A C D B A B B B A B B B B D D A C A D B D D C A C A A A A D D A C B B A A A D C D C B B D B A D A C C A C A B C D D B C C A B D D A A B D C B D A A C C A D A C A D A C D C D D. Start: C. Hop 16 times.,A,C,False,ba588c99,4,[FINAL]  C [END],7.876794859000256,4,975,False
p_hop,16_hops,Sequence: A D A A B C B A C C C D D B A B C C D A B C D A A B C B D D B B A D C D C C B C D B A D B A B A A D B A C B B C A B D D B C A B C C C B C D A D C A D A A C D D B D A D C D C D B D A C C A A B C A B C B A C C B D A C B B A D D C C A C A D A C C C B D A A D C D B A B A C C C C B B A C D B B D C C C A C A B B B A A A A A B C C A D A A A A C D D D C A C A A B C A B D C C A D D A C B C C B C C C D B B A B D A D D D A A D A B B B B D A B A A C A A C D A B B B C C D D D C C B D A C D C D B C D C A C B C D C C C B. Start: C. Hop 16 times.,D,C,False,4a68e321,4,[FINAL]  C [END],7.866365073999987,4,975,False
p_hop,16_hops,Sequence: B D D B D D C A A A B A D C B C C A A B D A C C D A C D A B C A C A B B C C C D B B A D B C C D C D D A B D B C C D C D B B A D B D A B D A B D C D C A B C A C B C A C D D B D B B C B D D B C C A A B C D A B D A D B C B C A D C C B B A D B D A A A B C C B C B B B C A D C D A D D D B B D C C D A C D B B D D A B D D C A A B C D C A B B C D C A A D D B A D A A C B D B B B C A B C A B D C A D B B A A B D D B C D B A D B C B D B D A A C B C A A A B D A D C A D D A C C C D C A D A C B D B B C C D A D D C A D B C. Start: A. Hop 16 times.,C,ERROR,False,43c792db,4,Experiment failed: 5 repeated outputs,0.0,0,0,False
p_hop,16_hops,Sequence: D B B D D C B A C B B D A B A D C C B D A A C C A D A B D B D A B A B B B D A C C C B C A A A A D B A C A B B A B C A B D D B D D B D D B A C A B C B C C D D B B D A D C D B D B D A B D D A A B A C C A B C B A B A C D A D A B B D D A A A B D B D A D D C A C B B B A D B A C A C A C D C D D D A D C B C D B A D B C D C B A C B C D B D C A D D A A D C A B A D D B C B A A C C C D C A B D D A C C D A C B A A C B D A B A A B B A D D A A B B B A A A D C D B D C D C D D D A D A B B C D D B A B C B C B D C A D D C B. Start: C. Hop 16 times.,C,A,False,152ef37c,4,[FINAL]  A [END],7.844952207999995,4,975,False
p_hop,16_hops,Sequence: C B B A D D D B C C B C A C B B B B D C C C B C C A B D A D C B D D D A C D D C B B A A C A B A B D B B B B D B D C A D C D A A A B A A C C B D C C D C B C C D A D B C B D B C A C D B A D A A B C B A B A A C C B B A B A A A A B C A A B A A A D B D B B A C B B C B A D B D A A A B B D D C D C C B A C C C D A C B C A D C C B B B D C B A A B A C A B A D C A B B B A A C C D B A B D A C D C B C C A B A D D A A D B B B B B B D D C D B C D C B C C C B D D D A D C C A A D A B A C D A C A A A A A A A D A B A A A C B. Start: D. Hop 16 times.,D,C,False,a00cc565,4,[FINAL]  C [END],7.8513095919997795,4,975,False
p_hop,16_hops,Sequence: D C B B B D C B C A C B A C D C D C B C B A B A C B B D B D B D B A A D C D A C A A A D B A D B A C C D D C B B A A D B A A C C B C C D D C D C D B D A C B A D C C B C D B C D C C A A D B B A C D A A A D B D A B A C D C D C B B A A A D D D A A D A A B D B D C B D A D A B A D C C A D A A C C A A B D A D C C B D C D A B C B A B B B D D D C D D A D B A D A B A A D D D D C D B C C C A B D B B C B C A B A C A B A D A D D B C A A B C B D C A B B C A A A C C D D A B D A B A B D B B D D B D A C D A B D D A C C A B. Start: D. Hop 16 times.,D,C,False,ca5b2f72,4,[FINAL]  C [END],7.843878738000058,4,975,False
p_hop,16_hops,Sequence: A B B C A A C D B C C C D C B B D B B D B B C A D B D C D A D B B A C B A B A D B B B A A C B B A A A D C D A D C C A D C D B A B B B C C D A C C B D C D B A D A B A B A A D A B B D D A A C D B C A B D B D D A B C A C C B C C D D C C D D D D C B B C B B C D B B A B B B D B D D D D A C C D C D D B C D B A B D C D B B A A B C C B B B A B D A D A A D C A A D A A D D B C B C D A C D D D B D B D B C C D A B A D D D C B C D C A D A B C D B D D C D A A A B B A A C B C C D C C D D C B B A D D A D A C B A B C D D B. Start: A. Hop 16 times.,A,C,False,0f87d7a2,4,[FINAL]  C [END],8.270640130000174,4,975,False
p_hop,16_hops,Sequence: B C B B A B B B C A A A C A B D C C B D D C C C B C C A B B D D B A C A D D C D B D C B C C B A D D D D C A A B A C C B C A C D D D A C A D C A A D B B B A A A D B B C C C C C C B A A A D C D A A C A C B D C D C B B C B B B A D A B C D A B B B D C B B B C C D C D B C C C C D D C D D D B A A D C A D B A A D A A B A D D B A D B B D C D A A A C C C A A B B D B B A D D A D A B B A A B A C B B B D A D C A B C C A C D D B D B B D A C D B C A A D D C D D B D B B C D C B C B D A B A A A D C A B B C D C C B C D B D. Start: B. Hop 16 times.,D,C,False,13ca4bd6,4,[FINAL]  C [END],7.870764469999813,4,975,False
p_hop,16_hops,Sequence: A C A D A D A C D A A C A D A D C B B B A B D D A D C A B C D C C D C D C C C B D A D B B C C A B D C B A D C C B A D D D C B A C D A C D C C C B A D A D D B A D C D C B D C A B A C C B C D D B A C B B B C D B D B D B A B C A D D D C B D C B D C D A C C C A C C A D D B B C C A C B D B D A B A B C C A D C C B A D A C C C A C C D A A A B B B A D B A D D A B C B D C D C D A C A B C B C B C C D A D D C B B D B B B D C C D C A A D A C D C A A D B D A A B A C A B B D B C A A C B D B B A D B B D D B B C C C C C A. Start: D. Hop 16 times.,D,ERROR,False,a8fb1bd5,4,Experiment failed: 5 repeated outputs,0.0,0,0,False
p_hop,16_hops,Sequence: A B C B C C B B B D D B A C B A A D D B C B C A A C C C C C C A A A C D D C B B C A A C A A B C B D B B D D C D B B A B A B C A D C A B C A B D B C C A B C D D D B D D B A B A B A A A C C C D C B D A D A C C D C B A C A D B C A C D C D D D D D D D A A A B A B C B A D B A A A A C C C D D A B C B B C D D C A A B C C A A C D D C D C B C C A D C A D C D C D D A D C B B D D A C B C C A D C B C A A D D A C B A A B D C B C A D A B B C D D A D C C C A A B A B C C D D A B B C C B B C B B A D D D C A B C A B A B A C. Start: B. Hop 16 times.,B,ERROR,False,fd92d677,4,Experiment failed: 5 repeated outputs,0.0,0,0,False
p_hop,16_hops,Sequence: D A C A C D C B D A D B D A B C C A D D C C D D D D A C C A B D C C A C B D C D C C A D A B A A B C B B A C D C D B C D D B C A A A B D A A A C C B D B C A D A A A C C A D A C A B D A D B C B D A C D A B A D D C B C C B A A B D C D D B D B B D A A C A B A D B B C D C A D D A B B D C D A D D B D C B B C A A A B A D C C B B C A A C D B C B D D B C B D A D A A A A B C B D D C D B D A D B B A B A D A A C A A C C C A A C C C B A D C A A C D D C D D B D D C A A A B D B A C C B C C B A C C B C C B B C B B D A D C. Start: D. Hop 16 times.,D,A,False,42279a6d,4,[FINAL]  A [END],7.882907406999948,4,975,False
p_hop,16_hops,Sequence: A C C D B B C D D C B A B B A B D B C B B C D A C C A D D A D B B C A C C D C A C D D A D A B A C B B A C C B A D C B B D C D A D A A C D A B C C A C A C B B A D B D B A B C B B A D B B B B D A B A B D C A D D A A A A A B A A D C C C C D C D D B B B C C D B A B A B C B A C B C A D A D A D B D D D C B A B B C A A A C B D D A A B D B C D B B C C A D A D B D B C C C C D C B D D A D D C C D B C B D A C D C A D B D C B B D D A D B B C B A A C A C C A C C D D B B D B A D A C D C C A D B B A C C C C B B B C D B B. Start: C. Hop 16 times.,A,B,False,ec064f1a,4,[FINAL]  B [END],7.883886196000276,4,975,False
p_hop,16_hops,Sequence: D C D D A B B B B C A D B D B C B D A C B C B B B B B C C C C A B A D A D C C C D C D B C B B A D B B C C B D B D B C A C D D A B D C C A D B B A A C C B B D B B A B B A B A A B A D C D D D A D C A B C D B D C A A C C C C B A B B B D D B B B C A C D C D C D B D C D B B C B C C C B D D D B D D C C A C D D A B B C B B C D C C B A B D B A A D A D B A C B B A B B C C A C D D A C D D B A D B D B D D B D C B A D B D A A B A A C B B D B A C B A C D D A B C D B B D A B C D D D A B B A A B A A D B A B A A A B C A B. Start: B. Hop 16 times.,A,C,False,e88e7d2f,4,[FINAL]  C [END],7.8383644850000564,4,975,False
p_hop,16_hops,Sequence: B C C C B B B D C A D D D C D A A D C A B A B D D B C B B D C B B C C C A B C B B C B D D A B C C C A C D B C C A A A A A D C A B A D B C C D B D B B A A C D B A C C D D C B B B D B C B A D A C D A B D A A B B D D C D C C A A B B A A A C B C B B C B D D D A B B D D C B B C D D C D B A D B A C D C A B C D D B C A C B D B D B D D A A D C C B D A C D D A B C A A D B D C B C A D D A C B C C D A C A C B A B B A D B D B D C D C B A D A C C A D B A B B B D A D D C C C B A D B B B D A A B B D A C D B A D D D C A C. Start: B. Hop 16 times.,D,A,False,2d9f5903,4,[FINAL]  A [END],7.868065724999724,4,975,False
p_hop,16_hops,Sequence: C C A D B B B D C B A A A D B C D A D D D D A D A B B A A A A C A D D B C C B D D A B B D C A D B C A A B D D C B A D C B D B C B A D B C D A A A A C D D B D C A B C C A D D D A C D D C D D D C B A C A D C B B B A B D A D B B D D B C B A D B C B D D C D D D C D C D D B C D A D D D D B A A D B A B A C A B B A B C B B A A D D D C D C B B B C D A D A D D A C D B A A C C C C A A A A C C B B D B D C B C B C C D C A D A A D D C D A C C D A A C B A C D C C C B B C C C C A A D B B C A C A C D C B D C B B D C D D D. Start: C. Hop 16 times.,C,C,True,2361082d,4,[FINAL]  C [END],8.274446733000332,4,975,False
p_hop,16_hops,Sequence: D C A D B A B B D D D B C A A B C D A C B B B D A A C A D C C A D D C A A C D B B C D B C C B A A B C D A C B B A B D A A D D C D B B C B C A D D D D A C B C D D A B B A A D D B D B C D B A A D A B B C C B D A C C D B C D C C C B A A C D D C B D A A D D D A C B D A D C A A C B C D B D A D A B D A B D B C D B C D D A A D A D C A B A D C D C B A C D C C B D B B D C B A A B A B B C C B C A C C B A A A B C B B B B C A C C C A C D A D D C C A B B D C A D D C C A A C D D D C C B A D C B D A C A C D B D B C C C B. Start: D. Hop 16 times.,C,C,True,8ea1e9d4,4,[FINAL]  C [END],7.843144176000351,4,975,False
p_hop,16_hops,Sequence: C B C D C B A B C A A A B C D C C B C D B D C B A D B B D D D C B C D C D A C A D B A B B C C B D B A D D A A C C A C C D A C C D D C A B A D A D B C C A B D C B A C C C B D B A C D B C B A D D D D C B A D A C A D D A C D A D D A C A A B A D D C A D A B B B A B C D C C C C D C C D B C C A D C C B B B A D B A A D B A A A C C B A A D D D B B D D C B A D D A B D A D C D D A C D D B A B B B A A B D B B D B D D B C C B D C D A B D A C B A B C A D C D C D D D C C A B D A D C B D B D A D B C D D B D C A A B A B D. Start: C. Hop 16 times.,A,A,True,c1c906d7,4,[FINAL]  A [END],7.857005956000648,4,975,False
p_hop,16_hops,Sequence: B B D B A D A B D D B B C D D B C A C C D B D D A C D D D B C C B A B D D C A B C A C B C D B D B C C B B A D C B A B A A D B D A D D B C D A B C A A D C A A C B D B A B B A A A A A A B C B C B B C C D C B C D D D B A A D A B A C C B D B D B A A A D A B B C C B C D D D C C C D D D D A A A D D A C C A B A D D B C B C A C A B A A B C A C D A C D B C C B C D A D A A B D C B C B A C D B A A B B D D D C D C C B A C B C C A B D B B C B D C C B B B B D A D A B B A A C A A C B A A C D D A B C A B D A C B D C C A A. Start: A. Hop 16 times.,C,C,True,cd4048c7,4,[FINAL]  C [END],7.8952650170003835,4,975,False
p_hop,16_hops,Sequence: B D C B C B B D B D C C B C B A C D B A C C B B D A C A D B D D A B D A C A B A C A A A C A A C C B B C B B A A B D C C D B A D A D C A C D B C C D D C C D B A C A A C D C A C B B D D D B C B A D D A D B A D C A B D D A D A C D C B A A A B D A C D B D D A C B D C A C B B B A C D A B C A D A B D C B B C B C C C C A B C C A D C C B C A A A D B B D A D B B B A D D A B D B A D B D D B A D B A A A C B A C B C D B C D A D B D D D D C D A C A B C C A B D B D A D A B C D A A A A B B D D B D D D C D C C D B A A B A. Start: B. Hop 16 times.,B,A,False,6a41e33a,4,[FINAL]  A [END],7.899474738999743,4,975,False
p_hop,16_hops,Sequence: C C D A B D D A C A C D B C A C A D C B C A B A D A C D C B B A D B C D B D C D C C B B D C C B A D C D C B B C B D B D B B B B B A A A A C D D A C B C D D B B C A B B B D A C D C B A A B A C A B B D B D D A D B D D D C C D D D B D B C C B B D C D A D A D C D C A C C C C C C D C D D B C D B A C B C B C B C A C A B C A D D D A D A A B D A C C A A D C B D A A A D C B D C C A D C C A A A D C C D B A B C C A C B B B D D A A C D A C C A B B C D A B B B D C D D A D D A D D A D B D B A B D B C B B A B A D A A C B. Start: C. Hop 16 times.,A,C,False,dd31238f,4,[FINAL]  C [END],7.813410910999664,4,975,False
p_hop,16_hops,Sequence: C B D B C D C B A B B B C A B D C D B A C D C C A A D C D B A C A C C C C B D A C D C A A B B D A C D C D C B B B C D B D A D C C D A D B D D B A C B C D D D A A A A D D D C B D C A C D A B D C D B A B A B D B D B C B A C B C A C D B B C C D B A A C D A B C C D A C B B C D B D D C B C A D D D D B C B B C D C C A A C B A A B A D C D D C D A B D D B B B C D B A D D D D B B C A B D A C A A D D B C D C C B D A D D C D B B A C C D B C C C D A A D B B B D D A A A D A A B D C C C B C C D B B A A D D A C A B C C A. Start: C. Hop 16 times.,A,C,False,307facf3,4,[FINAL]  C [END],7.80515082599959,4,975,False
p_hop,16_hops,Sequence: A D A B B C A C D B B A D C D A B B C D D D D C C C D A B A B A A A C A B B B D B B D D D C D D C D C A D A D C B C A C A D B D D C A C C C C D B A C B D A D B D D A A C D C B A A D B B C A D B A B A D D B B B D B A D A B D D D B B C A B A C D A A B C C D A D A C B A B B B B D D B D D D D A D C B A B C B D C D C A C A D C A B B A D B D D C C A B A C D A D D A B B C B B D A D A D C C A B C D A A A A B C C A B B A A B B D A B B A D A C A A D C A A A A D D D A B B A B D A C A B A D B A A A C C D A B A D C D B. Start: B. Hop 16 times.,B,C,False,45c44084,4,[FINAL]  C [END],7.905566854999961,4,975,False
p_hop,16_hops,Sequence: A A C B D C B D A A D A B D D D A B C A B C D D A A A D C D C D D A C C C B B C B D B A C B A C D A D B B C B D B B D B D B A A B A C D A C D D A B D C D C C C D C B B C B C A A B C A D B D A C D D B A C B A C D B B C D B C C C B D C D B C B C A B D A D A B C C B D A B C B B B C A B C C A A A B D B B B D D A D D A D C C B B C A C D C D D D C B D B A B C A C C A A A B D C B D C D C D C D A D C D A A D C B D D D B C B A A A C C D C B D A C B D C D D A D C C A A D D A D A D B D C A A A D C C D C A D B A D D C. Start: C. Hop 16 times.,A,A,True,b286b702,4,[FINAL]  A [END],8.270360459000585,4,975,False
p_hop,16_hops,Sequence: A C A C A D C C C B A A A D C C B C C D C D A B A C C A C D A C B C C D B A C A C C A A B D B D A D A A D D A B D A C B B C C A B C D D C D A D C C D A C A D D A B B B C B D B B C C B A A B B D C B B C A C D B C D D B C C A B A C B C C A D C B B A B A B C D C B C B C A A C D A A D B B D C C A A D B C D D A D A C D C A C D D D D B D D B A C C D B D A B B C A D B A B B B A C D D B C C A A D A B C C D B C D A C D D B D A A C A A B A C C C C B A D B C A D C C D D A A D B D D A C D A C D B D C B D D B A B C A D. Start: A. Hop 16 times.,C,C,True,f56635d5,4,[FINAL]  C [END],7.8629343279999375,4,975,False
p_hop,16_hops,Sequence: B A C A B D B C A D A B D D B A A D A C D B D B B B A B D B A D D D B A D A D A D B A D D B D D C C D A C A B B D C B B C D B C B A B C C C C B D D B A A C D A A A A C C A B D B B D B A B B D C C D A C D B C D B D B C A D C D C C A D C D B A D A B D A A C B A D D B B A D B D A B D A D D D A D A C C B C B D B C C D A D D A A C D A D D A D C A B A C B B C A D A C C C B D D A A C B D D A D B D C A A B A D D B B D B C B C B C D A B B C C D B C C B B C B C A D B A C A C D C D C D A D B A A A C C C D B A D D B C. Start: B. Hop 16 times.,C,D,False,db47907e,4,[FINAL]  D [END],7.865574141000252,4,975,False
p_hop,16_hops,Sequence: C C C A B A C C D A B A C C A A D A B C A A D D C A A A C A A A B D A A D B C A C C D D C B D A A C C A B C A C A C B A C D B A A C A D D A B D C B D C A C B B A D A A A D B A D B C A A D D C A C A D D B D C D D D C C A C B B D D C D B C A D B D B D A B B A B A B A C C B D A A D C C A B C B A B C B C C C D A B C B C D D B A B C B D C C A D C D B A A C A C C C A B A A C B C A C B B A B D B D C C B B C D A D B B D A B D D C A A B A D C D C B A B C C C A C D B D A D D C D C C A C C A A B B D A C A A C B D C D. Start: A. Hop 16 times.,D,C,False,c3c975a8,4,[FINAL]  C [END],7.92842226599987,4,975,False
p_hop,16_hops,Sequence: D D C D B B C D C D A A A A D B C D A C D D C D C C A A A D B B A C B B C D C B A A B C D C C B A C B C B C C B B B D A B A C C C C A D A D D B A B A D A A D D D A C C B D D D B A D C D B C C C C D C B B D A C A B B B D C B A B C D C A D C D A D B B B D A C A A C A C C D D B A A C D C B B D B C B D B A A D D A C B B A D B D B C B D C C D B A C B B D A A A C A A C C B D C A A D D C A C B B D A C C C C B A C D B A C B B B B A C D B D D D C A C A C A B C A D A D B A B B C C A D B C A C D A C C B C D A C B B B. Start: D. Hop 16 times.,B,C,False,e53e4696,4,[FINAL]  C [END],7.879789657000401,4,975,False
p_hop,16_hops,Sequence: B C D D C D D D A D C B B A D C B D C B B B B A C C D C C C A B B B B A C D B C B A C A B B B A C C D C A B C A B D B A A B A B D D D C A A B B C A B C A A C D C C A B B B B C A B A B D C C A D C B A D D C C C D A D A C D C C B A A C C D A D C C B D B B B A D C D A D B D C D A A C A B B D A A A B C B D A D D A C D A C D A A D A A C B A C C A B D D D C D B A B C B C A A D D A B D D A B D D D A C A C A D C D A A B A D D D A B A A D C C A D D A B A D D B B D A D B B C A D D C C D A C B B C B B B A A C B A C B. Start: A. Hop 16 times.,C,C,True,e7956696,4,[FINAL]  C [END],7.8849652640001295,4,975,False
p_hop,16_hops,Sequence: A A B A B B C A D D C C B D B B C C C A B B C B B C D B A B D B B A D D C C D A C D D D B C D C C B D B D A B B C B A C A A B A C B D C A B C D D A D C B B B B D C B C D D C A D B B B C A D C A A D C B D D A C B C D A D C D C C A B B C B B B C D A C A A D C A A A C A A D B C D D B B C B C C A B D B B A B D C B A B A D C C D A C C D B B C A B D B A D C A D A C B A B C C D A B A C B D B C C D A A A D D C A D B A B D B A D A B B A A C D C C D D C B A C D D A C A D B C D B A C A A B B D D B A B B A A A D B A A. Start: B. Hop 16 times.,B,C,False,66168e15,4,[FINAL]  C [END],7.851507834000586,4,975,False
p_hop,16_hops,Sequence: C D B C D A D B C B C D D C C A D B C B A D A D C A D A C D D A C A B A D D A A D B B C D A D B C D A D A C D C D C D B B C B C A D D C B D B D D D B D D B C C C C D A A B A C B C A D B A B D C C B D D A B A C C B B A D A D D B D B C D C B D C A A B D D B D A B A D A B B A B A D C D A A D B C C D D B C D C D A A B C B A D A A A C D A B D C C D C D C C D C D C B B C B A B B C D B C D B B A A D A C D B C A C B C A A C B C C C A B C D D B A C D C C A B B A C A D A B B B C A B A C A D B A A D C C A D C A B C B. Start: C. Hop 16 times.,A,ERROR,False,054a7a30,4,Experiment failed: 5 repeated outputs,0.0,0,0,False
p_hop,16_hops,Sequence: C D A B B A B B B A A D A C C B A C B C A A C C C D A B A C D D A D D D C C A C B B C D D A B C C A C B A D C C A C C C A B C D B A B B D B B B D D A B D C B B A B B D B C D A A A D B A D C D B C B C B D A D C A A B A A B C A B A C B C C C A B B B C A B D B A A D B B D A D B A B B A C B B B B B D D C C C B B C B B C A B C C A D B B B C C B B D C A A B A B A C A B A B A C D C D C D A B C B A A C A D B A B D D C B D A A D A C A B A B B B D D C C B A A C D B B A C D C D A C A C A B C A D A A D A B D C D C D B. Start: C. Hop 16 times.,B,A,False,20b6fadf,4,[FINAL]  A [END],7.857697826999356,4,975,False
p_hop,16_hops,Sequence: A B A C D C B D C A B D C B C C C C C B C D A B A B C A D C A C C C D C C B D B A C C A A C D C A C D B A A B B C D B B B C A A D D A B C D B B B B C A C B C C B A B B B A D D A B A C D D C D B A A B C C D A A D B C D C A C C D C A C A D C D D B A D C A A A A D B A C C D A B C D A C B B A A D A C C C B C A D A B D C A A A A D C C D D A D B B B A A B A A B A B D D A A C A A B C B C C A B A B D B A C C A C A D A B A B B C D C A C A C A C B D B C B C D C D C B B C D C B C C A C A C A D A A C B C B D A D A C C. Start: A. Hop 16 times.,C,C,True,583e310a,4,[FINAL]  C [END],8.342374724000365,4,975,False
p_hop,16_hops,Sequence: D C C A C A A A A D D A C B A D C B B A B C A A A C D D C A A C B A A D C D A D C C C A C A B C C B A A A B B D D C B D B D B C B B D A A D A C A D A C B A B D D C C A A B A A C C C D B B D D D B D B B B C D B D C C B B D C D C A C D A D D A B C A D B A C C A B D D C A B C D D C A D A C A D C A A C C A A D D A A A C C D C C A D C A A C A C B C A C D D D B D B A A B C D A B D A D A B A D B B A B C A C C B C C B B A B D B D A A B D A A B D A A A D C B B D D C D C D A D C D C A D D C B C B C C C C B B C D D D. Start: D. Hop 16 times.,D,C,False,c82ea98d,4,[FINAL]  C [END],7.897300978999738,4,975,False
p_hop,16_hops,Sequence: D A B B C D D A B D D B B B B C D D A D A D A A D B D A C B D D D C D A A A B B B B D B C A D B D C B C B C B D C D B A C D A D A C D D A C D C D C B D D B A B B B D B A D A B A A A A D D C B D D A D C B C C A A A D D A B C B A D B C B C A D C C D B B B A A D D A D C D A B B C A D D C A D A B A A B A B B A B A D A B D D C C B D C D C A B A B C A C A A A C D A B D C D D D B B C C B A D B D C B D D A D B D B B D C C B C A D A C B D B B D D C B D D C D C A B C B A C C B B C C B B D A C D A C A A C C A B A B A. Start: A. Hop 16 times.,A,D,False,ce6f78b0,4,[FINAL]  D [END],7.925691207999989,4,975,False
p_hop,16_hops,Sequence: D D D B A B D C A A D D A B D D B C D B C D A C B A B A A D A A C C A D A B D A B D B C C D D B C A D A B C A D B D B B D B A A B A B C B D C B A A A B A C A D B B D A B B B A B C D A B D A A D B B B C B A B A B A C B B A B D A A B A D D A D A A D C C B A C A C D A A D D D D D C B B B A B A C C D B C B D C A B D D D D D C A D D D D D D B B A B D A D A C C B B C C C B B B C A A B C D A C C B C D C A A A D B A B A D B D A C A B B A B D C A C B A C C B D A A C B B B C A D A A D B A B B C D C A C B D C C B C B. Start: B. Hop 16 times.,B,C,False,00b56eae,4,[FINAL]  C [END],7.961779707999995,4,975,False
p_hop,16_hops,Sequence: D A C A A D C D A A D D D D D D A D B C C A B B A D D A C A A B B C C C C B D B D D C D B C D D C B B A D C D A D D D B A D D B B C B C C D A D B A B A D B A A D A D D C A D D C B B B A A C A A A D C C A B D A D A D B B D C C A B D D B B A A B D A B A C D C C C D C D A A B D D C C A A B B A C B B B B C C D A D C C C A B A C D D D A A A A D C D A A A D C B A C D A B D C A C D D D A B A B C C C C A C D B C B B A B D C B B B C B C A A D A D C B A B D D A C A C B D A D A C B D C D C D B A B A D D B A B C D B C. Start: D. Hop 16 times.,A,C,False,703bd30e,4,[FINAL]  C [END],7.876528682999378,4,975,False
p_hop,16_hops,Sequence: C A C D B B C A A A A B A C C D D D C A D B B C C D C A D D B A B C A D C C C C A C B D B C D B D C A B C C D B A C C B C A B B B C C D D D A C D C B A D D C A A A D D A A C A A C B C B D A C C A D C D D A C C A C D A B B B B B A A B C B D A A B B A D A D B C D A D C D D B C A B B D C B D C D D A A A A B B A B B D A C C C A B B A B A B C B B B A A D A A C A B A B B D A D C C C C B D B B A B D D A C B B A C C C B D A B D A D C B A A D A B B A A A C C C C A C A D A C C D C C A A D A A C C C B A A A B C A D D. Start: A. Hop 16 times.,D,C,False,a1fbed08,4,[FINAL]  C [END],7.897224696999729,4,975,False
p_hop,16_hops,Sequence: A A C C D B C C D B B D D B C D D D B C C D B A B A B B A B A A D A B C A B A C B C B C A A A B B D B B D B A A D B C D A A B D C B C B A A C D A B B C C C C D A B B C C B A C B B B A B D D D B C C A C C B B D D D D D B A A C B C B D B B B B D D C C B A B D C B D C D D A D D D C D C B B D C C A B B B D C C D B C C B B B A B B B D A B A A C D D D D D A C C C C A B B C C C D C A B B B D B D C B A D C C A B A C A B B B B D C D A A C A C A A B A A B C D C D B B C C A C A D C B B C B A D A D D A A D C D D B C B. Start: D. Hop 16 times.,C,B,False,076fe437,4,[FINAL]  B [END],7.820606018000035,4,975,False
p_hop,16_hops,Sequence: A A B D D A A B A A C A D B C D B A C B C C D A A C C A D A A A C A C B A A A D B C D D D C D B B A A C D D C C C A C A C A D C D A A D C A B A C A C B D D A B C D A D B C C B A C D C C D B B D D D C C B A B D A C D A B C B D A A A D A A B D B B B C C C A C C B B A B D A D D C B C B A B A A C C B A A C D D A A D A D C C A D C A C D C A B C C B A B B B C D C A B C D D B D C C B A D A D A B D A D B B B B C C A D C C A D B D A D D B A A A A C C B B B B D D D D A B B A A B B D B C C B C D D C C D B B C C C B D. Start: A. Hop 16 times.,B,C,False,5ffc0b08,4,[FINAL]  C [END],8.323780177000117,4,975,False
p_hop,16_hops,Sequence: D A D A A D D B C D C C A B C D B C C C D C A C C B B D C D D A D C B C C D B B B B B A A D A B A C C B D B B B C D B A D A A D D D C D B C C C D D A B C C D B C A D C B C A A C C A D A D B A D C D D A B A B B B C D C A A A C C A B C A B D B D A D B A C A A D B B A D B C D A A A B A C A A D A C B D A C B A D B D B B D C A B C C C A D C C C B B D D C A D A A A C B B C A D A A B A A D C A D B D C C B D B D C B C B A D A C C D D B D B D A B B B A A A D D C C D A D C C D A A B C D A B D C A B B C B D C D D C A. Start: B. Hop 16 times.,A,C,False,15ab8612,4,[FINAL]  C [END],7.886390908000067,4,975,False
p_hop,16_hops,Sequence: B D A A D B B D D D A A B C A D C A B B B D A A B D D D C C A D B A B B A B C A A A A D A C A C D A A C A C C A C A A A D D B B B D B D C B C D A C D C B A A B C B B B D A D D B A A D D B C B C B B C C B A B B C D D A B B B B B A C C D B A C C A C D C A C D A A B B B B D C A C D A A C B B A A A B D D D A D A D A B D A C C A B A B C C D B B B C D C C B A B B C C C D B C D B D D C B D B B D A D A C B C B D B C D D D B D D B D C C B B A A A C D B C A D A C D B A B C B A A A C D B C A C A D D B A A C D A B B A. Start: B. Hop 16 times.,A,A,True,7368b399,4,[FINAL]  A [END],7.905918987999939,4,975,False
p_hop,16_hops,Sequence: C B D D D C D C C B B A A A C A B D B A B D B A A D B D B D A A A C A C B D D D C B B C B B B D C B D D B C B D B C B A B D A D C C B C D D A D D C D A A A B C B C C A D D D B A C D B C B D D B B B D C D C A C B A A C D A C A D D A B C C B B D B D B A B D A A C A C A A D D A C A B C B C A C D D C B B D A B C C D D C B A C B D B C C B A A B B B D C B A C B C A D A D A A B B A A A C A B B C A D B B A D B C C D C D B B A C B C B C B A D A B B D D B A D D B B C C B B A C A C B C D C C C D C D C D B D C A A A B. Start: C. Hop 16 times.,D,A,False,f3a4395f,4,[FINAL]  A [END],7.89556306600025,4,975,False
p_hop,16_hops,Sequence: A B B A A C D B A B D C D A C C C D A D C C C B D D A D C D D D A D B C A C D D A D A C C C C C A A C C A D A D D A B A C D B B D B A D D C C C B D D D D D D A B B D D C B A A D B B D A B A C D A C C C C A C D D C A D D C A B C A D A C C D D B B D D C A B A C A C C B C D C A A C D B D B C C B B A A B A B C A D D D C B A C C D A D A B B A A D B D B B A A D B C D D B A B D A B C C A A C C B D B C B A C C C C C D C A C C C C B B B A B A B D B A D C B B A A C A D D D C C B D C C D C D A C D A C D D D C B C A B. Start: C. Hop 16 times.,B,C,False,ac5f02a4,4,[FINAL]  C [END],7.916037266000785,4,975,False
p_hop,16_hops,Sequence: A A D A C D D B D B C C C C C B C B D C D D A C B C D C D A B A A B A B A D A B A B C A D A C C B C C C D A D A B B C B C C A D D B D B B B D C D B C B C A C C C A B B C C C C C B B C A A B C B A A B C A A B B C C A A D B D B A D A A B C D C A B B D D D D B D B A C C C B A D A C C B C C C D A D B C A A D B D A B D A C B D B B A C D D A A B C A D A C C D B B A D A A A B B C B D D C B D A B C D D B A C D A A B C B C D B A B C A D B C C D B A B B B D D C C B B C A B D B C D A D B A D C B A A A A D B D C A B A. Start: C. Hop 16 times.,B,C,False,cf731fbc,4,[FINAL]  C [END],7.843947921999643,4,975,False
p_hop,16_hops,Sequence: A B A D C B A D A D D B D C A A D D D B B A A D A D A B D D D C B B B C B A C C B D C A D A D B C C B A A A B A C A B A B B A B B A A B C A A B A C A B D B B A C B C D D A D A D A D C B B B D B B C C D B A B A B B D C C C D B B B B C C D A C D B C C A D C A D D A D C A A D B B C C A B C B B C D C C C A A B D A D A C C B D A C A D B A D A B C D C A B A D B B D C B D A A A D A D B C A C B A B C A C D A C B A A D D A C D A A A D A B C A B B C C C D C D B B D B B B D B C C D D B C C B A C D D A C B B C A D A A. Start: A. Hop 16 times.,D,A,False,5571d063,4,[FINAL]  A [END],7.870509009000671,4,975,False
p_hop,16_hops,Sequence: A D B A B B C C D B D C A B B C A D C D D C D A B D A C A A A C A D C A A B C A A B A C D A B A D D A D B A D A C A B A D B A B B B B D D B D B A C A D A A B C A A B D D D A B D A C A B D A D D A B D A D B C D B C D D B B D D C D C A C C A B C A A C A A A C D C B C B D D B D A D B B D B C A B C B A D B B D D B A B D D C D C A C D D D D C D B A D A D A A B A A D D C B B C D B B A B D C D D B A B C A C A A D B B A A C D C A C B D D A A D C B B D B D D C D B C A A B C B C B D C C C B B D A D C C A B C A B C C. Start: D. Hop 16 times.,C,A,False,815b4fc4,4,[FINAL]  A [END],7.854390937999597,4,975,False
p_hop,16_hops,Sequence: A C C D D B D C C B D D B C A A D B D D B B A B D C D B C D D B B B A D B B B B B B C B D B D B B A D D A D D C A D A D B D D D A D C D C D A A C A B C D A C B D C D B A D D C A D D C A A D C B D B D B A C B D B D C B D D A D D B B C C A C C A B C D D D A D D C B A D D D B B A B B D B D C B C D D B C A D D B B C B C C A A A B A B D D B D C B D B C A B D D B A A C D D A B B C D D D A B C B C C A C C D A C C D A B D B C A C A B D C B C A D B B C A B C A A A B B B B A A D A D D C C B D A D C D B C C D C D B C. Start: D. Hop 16 times.,C,B,False,d80ec551,4,[FINAL]  B [END],8.306934876999549,4,975,False
p_hop,16_hops,Sequence: B D B C A A A A A D D B B C D D A A C D B A C A B A C A B C A D C D D D D C A D D D B B C D D B B C A A C A C A B B B C D B B A A A D A A A C B A B D C A D D B B A C C D D C B B D D C A C D B D B D C C D D C B A D A A A C B C D B D B D A A D B C D D A A B B B C A D C B D D B D A C B C B A B B B D D B D D A B A C D C C A D A C D B D B C A A B C D C A A A B B A B A D C A A A C D C B D D C B D D B C D D A B B B C D D C A D A A A A B A B A A C D A D B C A B B A D C C B C B C B B B C A B A A B C B A A D D B B C. Start: C. Hop 16 times.,A,A,True,57963df6,4,[FINAL]  A [END],7.924570178000067,4,975,False
p_hop,16_hops,Sequence: D D D C A C A C B C B C D A D A A C B A A D D B D C B D B C D B D D C B A D A C B A B C A A B D A D D B C B C D B B A D C A D A D C C D C D A C D D C D B C C C C D D C B B B D A B C A B A C B B D A B C C C B A B C D B A C A B C A D B A D C A A B A D C C D C D B D A A A C A D B C C C C A A D A A B C B A B A D D B D C B D C B A B B B D A A D B C A B B D C A D B D A C D D D C B B B C B B D A B A A B A C C A A A B D C D D A A B D B B C A C B D C D D B C C A D C D C B C C D D B C A B B D D C D C C A D C D D B C. Start: D. Hop 16 times.,D,C,False,64ec6bb2,4,[FINAL]  C [END],7.904180016999817,4,975,False
p_hop,16_hops,Sequence: D D C A B A A D A D B C D C A C D D B D C C C B C B C B C C A B B A B B C B B D A C A C D B C A A D B C B B B C A B B B D D A B D B B A D D A D C C B B B C A B D A C C C C D B D A B A A D C D A A D A D C C B B D B B C D D D B A B D B A D B B A C D D B A B A A C C A D B A D B D A B C A D A C B D D D C C C B D B B B C C B B D D B A B C B A C C D A A D C C D C A A D A D D B B B C B A B B C B D D D C C B D C C C D A A D D D B D B C C D A B B B D C A A D B A C A A A D C A A C D A D B B C B B A A D A A C C A B D. Start: B. Hop 16 times.,B,C,False,c382a912,4,[FINAL]  C [END],7.906005075000394,4,975,False
p_hop,24_hops,Sequence: C D C A B C B C B D A C C D B B B B D A A D A B B C D D C B A C B D C B A B C B A B D B C C A C D B A D D A C D B C B C A D D B C A C B B D D B B C B C A B A A C D C D C A B C B C C D A B C C A B C A A A C B A B D A C A D C D A D D B A B C D A B B D A B B B C C A C C A D B A D B A A C D A D D D A A D D C C B A A D D C C B A D C D B A B B B C C A C C D D C A B D D D A D C A B B C B A A B D C B A B B A A C D D A D D A D B B C D C D D B C D D D D A D A A D D B C D B B D A C A A D D C A D B B D A C A B A D D D. Start: A. Hop 24 times.,B,C,False,098a460b,4,[FINAL]  C [END],7.867063495999901,4,975,False
p_hop,24_hops,Sequence: D A A C A B B B B D A D D B C D C D A B B B A B A A B A C C D A C C B B D A B A C A C A D D B D B C B C D A A B A A A B C C A A D B A D D A A C A D A B C D B A B D D D C C A C B C C B A C C D A D B D C A C B A D D A C D C B B A D A D B A A A A A C D C B B B D A C A C C B D C A D A A C D C D B B A C A D C A D D B A C B D C D B A A A B B B D C B D D B D D B B D A C B D B A A C C C A B B A A C C B B D A C D A B A A A A A A B D B D C A B D B B B A B D A C A C C C A B D D C B B C B A B D B B C D A D C B C A A D. Start: D. Hop 24 times.,D,A,False,b28f71c6,4,[FINAL]  A [END],7.877529630000026,4,975,False
p_hop,24_hops,Sequence: D D A D B C B B B B A B D C A B A B C A A A D B C B B D B A C D C B A B D C D A B D A C A C D D C C A B B B D C A A C D D C B D B A C C B A B C C A A A A D C A C A A A B D B B A C D B C A A A C C B D A A C C A A C D D C B A A C A D D B D A A B D A A D B C D D A A D B A D C C D B B D D C D C C C C B C D C C C B D D C A B C D A C A B B D D D B B A C B B A C B B C B A C D B D B B B D B D C C D B D D C A A B B B A C B C A B C A C B B C D B D A A C B D B D C A D A D A C B B C D D C A D C C C D B A D A D A A C B. Start: D. Hop 24 times.,D,A,False,68ceb3aa,4,[FINAL]  A [END],7.904582560000563,4,975,False
p_hop,24_hops,Sequence: B B C B C D A B B D A D B B B D A C A B A D A D D A D D D C A D C A A A B B C B A B B D D A D C B D A D B C D A A A C A B C A A A C B A C A B A A C D B D C C B B B D C D C C D C C B B B A D A D D C B B C C A D B C A C D D A B B A B A C B C B D A D D B B C D A A C B A C D C A A A D C A C C C A C A C B D D D B A D D D C A B C D D D C C B C B B C A D A D C C D C B C A C C B C A D C B B D B D D A C B D A A D C B D D D B A B D A D A A D D C C B A C A D C C A B A D B B B D A D C C D B D B D C C C C C D A B C B B. Start: B. Hop 24 times.,B,A,False,40d416de,4,[FINAL]  A [END],7.83793891499954,4,975,False
p_hop,24_hops,Sequence: A C C D A B A C B D A A A B C D D B D A D D B D A B B D B B B B C B A D B A D C A C C C B A D A C C C B B C A A A A B B B A A C B D D A C D C A C B C A B A B C C B D A C B A D D C D C C C A C C C C B B B A C A C B C A B C A B B C C D D D A B A C D C A D D A B A D D A C D C C D B A A A D C B B B B D C D B D C D C B B C C A B C B D B D B C B C D D C D D A C D D A B D C B C B B A C D B C A B C C A D B C C D D C B D A C A C D D D C C A A C D A D C B D A D D C C A B D C A C B B D C A C B A A B A A D A C C C B C. Start: B. Hop 24 times.,B,C,False,fc06d70f,4,[FINAL]  C [END],8.32290082399959,4,975,False
p_hop,24_hops,Sequence: D C A C C D D A A D A D B D C C D D A D C B D A B D A D B D A D C A D C D A C A C B B A A B A C D D D B D C A A B B C C C B A A C D A C B A D B B A B B B D A C C C B A A D A B A A C A B C D A B A B D C B D B A D C A C A A A B A D D C B D D A C C B C C C C C C A B B B A A D B D D C A B D D B B D D B C B C C A A D B A A D B C D B D A B B D A A A A A C D C A C B A D D B C A B D B A B D B C A A C A C D D D B A D A C A B C C B A D C A C B A D A C D B B C C B D B D C D B C B D B B C B C D B A D B B C A C B D C B. Start: C. Hop 24 times.,D,D,True,1745588f,4,[FINAL]  D [END],7.8677054970003155,4,975,False
p_hop,24_hops,Sequence: D A C B D D B D A B B C A D B D B B C C C A A B B D B C B B C C D C D B C B C C C B A B C A D A B A D A D B D B B D A C C A A A C D A D D B C D A A B D D A A D D A D D C B A D B A B A C C D C A B D A D A A B C D D A A D B D D B D B A C D A B B C C A B B B A B C C D A A B D B C D C C A B A B C B C C B A C C D B B C D C A A B C B C B A D D B B D A B B D C D B B B A D D B D A D B A D A B A B A A B D D B A D B C B A B B D D A D C A C B D C C D A C D B D D D B B D B C A C D B D D D B D C A B C B A D D A C C A D. Start: A. Hop 24 times.,D,C,False,44fc0993,4,[FINAL]  C [END],7.890135577999899,4,975,False
p_hop,24_hops,Sequence: D B C D A D A C D D C D B C C D C D A C B B A C D D A D C B C C D B C B A D B C A B A D D B C C B D B B D C A A D A A B D C B C C A A C C C B C C D A A D A A A A A B B C A B D D D C A D B C D D C B C C A B B C D B A C B A C B A A D C A C C A C C D A C A B A B A B C B A C A A D C C A A C A A A A C B B A C B B B B D B A A D A A C A B B C A D A B B C D C D D D A B B D A B D B A B D C D D C B D A D D D A A D C B C C D D D D C A C C D A A D D D C B D A C D B D A D A B C D C C C D B A A C A B C A A C A C D B C D. Start: D. Hop 24 times.,A,C,False,f251a157,4,[FINAL]  C [END],7.923430286000439,4,975,False
p_hop,24_hops,Sequence: C D D B C A A A C A C C D A A D A D D D B B B C B D B D A D B D C D B C A D B D A D C A D C C B A B B B B C D B A D A B A B D D C C D B D C D A A B B D A B A B A D D A C A B D D D B B C B D A C A B D A D A D C A B C D B D C C A B A C A C B B C D D C A A B B C D C B C C D A C C D D D B C A B B D A A D C D D A B C A C C D D D C C C B A A A C B A D D D D A D A D D B C A D D C B C A D B B C A C D D A C C D B C D C A D B A B C C A B C D D C D D A A B B D B D B A B B B A C C D A C A C A B C B D C A B C B A C C C. Start: B. Hop 24 times.,D,C,False,a3658b28,4,[FINAL]  C [END],7.8966695270000855,4,975,False
p_hop,24_hops,Sequence: C D C B C A D B C C D B A D C D A C B D D A B D D C B C D C B D B C B D D C B A A D B B D B C D A D C B C B C D A D A B C A B B A A D D D A A B A D A B B B B D A B C B D B D A D D B B A A B A A B A D C A D C C C B A B B B A A C B C C B A D A C D A C A A A D C B C D D D B B D D D D D B D B D B A C B D A D C D C D C D B B D D A D D B A C D D A C D A B B B D B A A D B C D B D D D D C D B B B B C A A A C D D A A A D C D D D A C D A A A A D D B B A D D D C D B D D C D D B B A A D B D C B D A C C D C D C A A B D. Start: C. Hop 24 times.,D,A,False,9f8c40a4,4,[FINAL]  A [END],7.8812548280002375,4,975,False
p_hop,24_hops,Sequence: C D B C D D A B B C A A C D A C C C C B C D D B A B D A B C B D D C D D D D A C A A B B B C B A A C C D D B A D B C C A C C A C C B D A C A C C B B A D C A D C C C C D A B D C D B B D A B B A C B A C D D B B A C B C D C C A A D A D C C D B A C A A D B D B A D B A D B B C B B B A B B B C A C B A C C B A D A A B A A A A D D A A A B C C D A C A D B A B C C A A C D B A C A B D C B A A B B B A D A A B A A A A B D C C A A A C C C B A D B A D D B D D D D B A A D D A C B B B A A A D B C C A B D B C C D A B D C C A. Start: C. Hop 24 times.,C,A,False,543752cb,4,[FINAL]  A [END],7.851224221999473,4,975,False
p_hop,24_hops,Sequence: C A B C D D A C A B B B C B C B B C B D C C D D C D C B D C C D C C C B C A A C C C C D B D B A A C B C A B D D A A D C A D A C B D C D A C D A D A D C C B A D B B B A D A B C C A A B B D D B C C D D D B C B B A C A A D A A D C A B D A A B D B B B C C C A B D D A D A C A C A C B B A B D C D D A B D A C A C A D A C D B B C D D A D B C C C B B B A A B B A C A D D A A B A D A B A A A B B D C A B D C C D A A D B C B A A D C B B B A A C D C B C C B D C B D B A A D B D C D D B A C C C C A B B B C B B C B D D B D. Start: D. Hop 24 times.,D,C,False,7190c80e,4,[FINAL]  C [END],7.820514946999538,4,975,False
p_hop,24_hops,Sequence: C A D B B D B D A B D C D B A C D A A B B A B D B A D D A B D B B C A C B D B C A A B A B B C A A C C D D C A C B A B A D B A D A A D C D C C A C D D C B B B A C D D B C A D C B A D C C B D D A B C B B B B D B C C D C C B A C D C D A D B C B A C D D B D B C D A B A D B B A C D A C C B B A B D D D D A B B B D B B B B D B D A A C B C C C A A D D A B C D A C A C A A C A D B B C A D D D C B A D D B B B A D A A D C A D C C B D C D B D C B C D B D A C C A C B D C D D B A D C B A A C C B D A C B A D D A D D C C D. Start: B. Hop 24 times.,C,C,True,c1593881,4,[FINAL]  C [END],7.854163760999654,4,975,False
p_hop,24_hops,Sequence: B C C B A B C C D C C C A D C D B D D C B D A B C D D D C A C D A B A B B C B A A D D D D D A D C B A C B D A B A B C D C C B A B B A D D C A D C B D A A C D D D A B B C D A A A A A A A C A C C D D A D D A A D D C C B C A C D B B A C B C D C A B D B A A C D C A C B D D D D C B D D A A D C D B D A D B D A D B C A C D B C D B B D C D C D A D B A B D B C B B B D A D C C C D A B D C C B C B C B A C B C D B B B B C C A A D B C C D B B A C C A C A B A A C D C D A B C A B A A C D A A A B B C D A B B A C A D D A C. Start: C. Hop 24 times.,A,A,True,34b828fb,4,[FINAL]  A [END],8.326618862999567,4,975,False
p_hop,24_hops,Sequence: B C A B A B D B B C B C A B A B A B A C C B C D C B C A D A A D C A C D A D C C C C D D B A C D B B A B D C A B C B D C A B D A B C A D B D D C C D C D C D D C B A B C A A D D C D D A D C B A A A A D A B D B B C B C B A A A C C C D C A C B B A A A C C D C D A B D D B B D A D A C B D A A C A A B B C D C B A C C A D B C B A B D D A B A B B C C A C B D C C A D A A D B A D B C A C D A B B B C C D A B A A C B C C C C B C A A A C B B C A B D D B B D C C C A C D B B D A D D D B B A C A A D A C D D A D C C A A D D. Start: B. Hop 24 times.,D,C,False,b661af26,4,[FINAL]  C [END],7.90386270900035,4,975,False
p_hop,24_hops,Sequence: C A D C A C A D A A D D D B B B C B C C B C A A A A A D C B D A B B C B D A A B B C D A B C D B C A D A A B D C C B C A D D B C B B A B B B C C B D D D B D C D C D A C C D C D D A D D B A B A A D C B A B A A C B C C C B B A D A A D B C D C D B A B D D C A C A B B C C A D C A D A D A C C A D D D A B A B B A B A C B B D B B A C D D D C C C D D C A B C D A A C C D C D A B A B D D D C B C A C B C B B D D B B C C B C D C B A D B C A B C D C B A A C B A D C D D A D A D C A D B B A B B A A D B C A C B B A C D D C. Start: C. Hop 24 times.,D,D,True,dd17305a,4,[FINAL]  D [END],7.874341156999435,4,975,False
p_hop,24_hops,Sequence: A A A D B D C D B A A A C A B B C C B C A C A C D C B D B D D D A A C C B A A B B C B B B D D D D C A C A A C A C B A B D A C D B C D A C B B C A A C D A D B C B A A C C B B C C A D B A A C D D B D A A D B A B C A C C D C B C A B C B A D A A B D C C B A D D B C B B D D D C A A B C A A D A D B A B B D A A B B B A B B A C D C D D D D B A D B A B D D B D A D A B A D C C C C D B B B A B D B C C A C B C D C B C C D A A A C B B B C A D D C D D C C C C A C D B B D B A B D D A A B B C C D C C C B C D A A D D D A B. Start: B. Hop 24 times.,D,A,False,374a703d,4,[FINAL]  A [END],7.849662067000281,4,975,False
p_hop,24_hops,Sequence: B D C B A B D A C B C B A C C C D C D C A A A C B D D D A A B D C B A B D D D A B D B A C B A D A C C B B B C C C B B A A C B A D A D A B C D B D B C A C A A D C B D B B D B A A B D D B D D C C A B A A C B D B D C A B B C A A A C B B C C D C C D C A C A C C A C A B A C C B A A B B A B A A D B C D C C D A D A C B A A B A B D C C D A D A D B A B C C B D D A A A D A B C D B B C C B B D D A A B D D D A A C A A A B B B C B C D A A D B A D A B C A A A B A C A C B A A D B C B D D D C C D D C D D B D B C B D D C D. Start: D. Hop 24 times.,D,C,False,91a1d237,4,[FINAL]  C [END],7.894007220000276,4,975,False
p_hop,24_hops,Sequence: B D D C B A B A A A A D D C A D C B D C A D C C C B C C D A A B A B B A A C C D D C C D C B C A C A B C C A A B A D C D D B D A A A D A A C A B B A A D B D A B D B A C A A D A A B D D D D B C D B A B B C A A D C B B A B B A D C C D D D B D B C A D D D A C C C A C D A A C B B D A A C D A B D C C D D D B B A C D B A A B A B C C A A C B B D B C C A D C A C D C C A B C C D B B B A B B A A C C A D D D B B A A A D D C D C D B B A A C C C D B C D A D D C A C A A A C A A A C A B B B B A C D A A A B A C D D B B B B. Start: D. Hop 24 times.,B,A,False,69fda576,4,[FINAL]  A [END],7.8400870939995,4,975,False
p_hop,24_hops,Sequence: B D A D B A A A C B A B B D A C B A B D A A D B C A A A C B D D A B B B A A C D D D D C C B B C B A A B C A A D B B A C B A A C B B A D B D D D C A B A A C C C D A A C A D A D A B A A B C B D C C D D B C B A B D A C B B A D C D C D C D C D D B C A D A B D C C C A D D C A D D C B A B D C A B D A C D B D C C B A C B C A C C C B C A B B D B D B A D D D D A A A D A B B D B D A B A B B D B B D A D D D C B D D A D C B C B B D D B D C C A A B B C D C D A B A D C B D D C B A C A C C D A B C A B A D D B A B D D C D. Start: A. Hop 24 times.,D,C,False,92fc1e12,4,[FINAL]  C [END],7.827379256999848,4,975,False
p_hop,24_hops,Sequence: A D C A D D D B C C C B D C B C A D A B D A C C B B C D C D C C D D D C B C C A D B A A A A A C C D D D C A D A B D D A C C C B D C B C B D A A C A D A D B C C B B D C C C B B D D B D C A B B C A D C B B A A A A D D A B A A D D D B A C A A B B A A C C C D D D C A B C A B D C B C B A C A D B A C A D D A A C A A C A C A D C D C C C C A C D D D A C D C D C C C C A C D C B D B D C D B C C B D A B A D B C A A B A C B C C B C C C D B A B C B D A A C A B C A B A A D D D B C D A D B D C C B B A B A B D C B B A A B. Start: A. Hop 24 times.,D,C,False,b5e0ced4,4,[FINAL]  C [END],7.842943610000475,4,975,False
p_hop,24_hops,Sequence: D B B D D D D B A B D C B C D B A D C C D D C B D B B C B B B B D B B C A A A B C C D A A A A D A A A B C B D A D D A C A A D D B D B A A D A C D A D A B C B C C D C B C B A A A D A D A A D D B A A C A B D B B B B B C D C C D A B C C C A D A B A D A A D B C C D A C A B C D C B D B D C D A B C D D A C D A A A C A A B D D A C A B D A B B C C C B B D A C D B D B A A C A A D C C C D D A C C C B B C B B D B C C A A D B C A C D A A A D D D C B B D D D C B A A C A A B A A D C D A C D B D A A B B B C B C B B D D C. Start: D. Hop 24 times.,C,C,True,235ffe28,4,[FINAL]  C [END],8.385023869000179,4,975,False
p_hop,24_hops,Sequence: B D B D C A A A B D B A B A A A B C B B D C C C C B A D B C D B B B B B B B B A A C D D B A C D B C D B C C A C C B C D D D C D A B A B B C D B A D D D C D B A A D A D C A C B B A D A D D A B A B C C B B A B B C A D C C B C C D A C C D D C B B B A A C C B A C B D D D A A C D C C B A D B C A B A B B D A C B B D C C A C D A D A A B A C C B C A B B B C B D B B C C A C D A C D A D C A B B D A C A C C C B A D C A C D D B B C C B C C C C B D C C D A A D A B B D D D B C B D D A C A C B B C C C D C B A C B C A B D. Start: D. Hop 24 times.,D,A,False,2878fabb,4,[FINAL]  A [END],7.8598619260001215,4,975,False
p_hop,24_hops,Sequence: D D D D A D C A A C C A C D A A C B D B C D B D C A C B A D C B D B C A C B A A B B D A D D B D D B A C A B C B B B A D B D A B D B D B A B A A D B D A C A A B B C B D C D B A D A D D B D B B B D B A A C C D A C B D B B B C D C B A A A D C A A D B A B C C D C B A D D C C B C B C D A B C C A C B B B D B C C B C D A D C A C A D D B D C D B C A D C A A D A D D D B B A D A A C A A B B A D C D C B A C C C B A A A C C C A C A D B B B C D D D D B B D C D C A B A B A A D A A A A B B A D B C B C B C C A D D D A B D. Start: A. Hop 24 times.,D,C,False,467dc42e,4,[FINAL]  C [END],7.828980827000123,4,975,False
p_hop,24_hops,Sequence: D D B D A C D A B D C D C B C C A D D C B A A C C C D D A A B B C B C C A A C B D B C C A A B C D A D C C A D A C A B C D D B B C A D A B B B B A B B D B D B A D D D A B B B C B C A C A C C D C C B D B B A D C B D C A C B C D A C D C A A B C B B B A B D C A A A B C B A A A A B A C C A C A A C C C A B D B B B D B B C D D C A D D D A C D C A A C D C B C B B B C B B D C C C D A A C B C B A D B D B A A C C D D A B A D A D D C D A D B C C D D A D D B B B C C C C C B D C D A B A D D B C B D D B C D C B B D A D C. Start: B. Hop 24 times.,C,C,True,6124b59b,4,[FINAL]  C [END],7.864525414000127,4,975,False
p_hop,24_hops,Sequence: B D A D A D C A A A D C D B C D C C C C A A D C D D A D C D C D C C D A B A C C C A A A C B A C A A C B C A C C B C A C B D C A A B D C D B C B C D D A C A B B D C C C C C A B B C B B B C D D D A A D A B B A A C D D B A A B A A C C D C C D B C D A C B C A D C A B B B D C B D D D A B A D D D B D D A B C C C D D D A D D D C A B A B B A A B C C C C B B A C A D B D A C A C A D B B A A C B D B C A A C B D B B D B C B D D A D A B D B C B D B D A A B B D B A C B A D B B D A C C C A C C A A A D A B D D D C C C B B. Start: D. Hop 24 times.,D,C,False,d42465c9,4,[FINAL]  C [END],7.862971599000048,4,975,False
p_hop,24_hops,Sequence: C D B A B D C C C A B B B D D C A A C B A A C A D C D D D D D A A B D C B A D A D B C D A D A C A D C D B D B B D C D D D C A B C C C C B D D D D B A D B C B A B A A A C C B B B A C C D B D A A C A C B A A C D D B B C C B C C A C A D D C D D C A C C A A A D D D B D B A B C C A C D C B D A C B D C A D C A B C C D C A B D B D A B C C A C D D B B D C A A A D A D B D A A D B C C B A B B C C C A D B A A A C D A C A A B B D C B D B B C C A D D C D D B B D D C D B B B C B C D B D B C B D D A B D D A A D B D A B A. Start: D. Hop 24 times.,D,A,False,1ce3a938,4,[FINAL]  A [END],7.883689676999893,4,975,False
p_hop,24_hops,Sequence: A D C A C C D C C A D B A A B C D A D C B B A C C D A D A A D A B B B B D D C C A A A D C C D A A C B C C C C D C C D B C D C D B C C A B C B A C C B D D A C A B A D B D D C B C C C B C B A D C D D A B C C A C B C D A C B B C B D B D D B C D C A A B B D B B A B A D D C A C B A D D C D A A C C A D A B A B C D A B D A A B A A D D A D D A C B D C C C B C C A B A B B D C C A A A B A A D A D C C C C A A B C B D D A D B A C C B A A A A C B B D D B A B D A C D A B D C B B B C D C A C A C D A C A A D C C C C D D A. Start: B. Hop 24 times.,D,D,True,1b790d11,4,[FINAL]  D [END],7.807119884999338,4,975,False
p_hop,24_hops,Sequence: C B B B A C B B B D C A B C C A C C D D A C A B B C A A A C C A D C B C D A C B C A D A A D C C C C A A C B B C C D B A B D A C B C D D D C B C B D B C C D C A A D A D A D B A D D D C A C A B C B A C B A A A D C C C A B A A B C B B C A A C B B D B A D A D D C B C B A D D A C C D C A D D A C C C D D A D A A D C B C D D C A C A B C D D D C B B C D A D D A D A B B D D A A D D D C A B B C A D A D B A D B B B D D A B C C C D B A A A C C C C D C A C A C D D D B A B C D A A A B A C B A D C A C A C C D A B B B D B. Start: B. Hop 24 times.,B,C,False,9d7682fe,4,[FINAL]  C [END],7.885740920999524,4,975,False
p_hop,24_hops,Sequence: A D C B C D B A C C C C D C C B C B D A D B C D A A B D C C A B D D B B A D A C A A D C D D B D D D C B A D D D B B C C A D A B B C D D B C C D D C D D C A C B D A D C C B B D A B D C A A B D C B A B C C C C D D B A C A D D A D B B B D C A B A C C D B D A C C C A D D B A D A C B B D B B D C A C B A C D A A D D D B C A A C B B A C A D A D C A C A B D C C C B B D C A A D C B D B D B C A D D B D A D C C A A A B A D C A A B C B B C A D B D C A A A C B D D A B C A A B A D A A B B C B C C D A C D B B D A C A A A. Start: A. Hop 24 times.,C,C,True,2d4737f1,4,[FINAL]  C [END],8.35752096899978,4,975,False
p_hop,24_hops,Sequence: C B A D C A C B C B C D B A D B A C C B C C A A D D A A B D C C A B B B B A A B B C C D D D B A A A B D A B B C A C B B C D D B B C B D C A B D C C D C B D D C D B C D D D D B C B B B D B A C B A D C A B D B D D C A A B C C A B D D A C D B C A C D C D C D C B D B D B C B C C A A C C C C A C A D D C D D A B D C B D A A A B D A A B D B C A C B A B A A D B D D B A D A C A D D D B A D C A C C D B C A B A B B A A B B D C D C D C C A B B C C B D D C B B C B D B C A A D A A A D A A C B D D D B B B A A C B B C D A. Start: C. Hop 24 times.,C,C,True,1b386abb,4,[FINAL]  C [END],7.861222853000072,4,975,False
p_hop,24_hops,Sequence: D D B A C C C B C C C D C A C A D C B D D B B B C B D A B B B A B C A D A A C D D D B D A A C C B C A D D A B C A A D A D C C C D B A A C C D C C A B A C C B C B D C A D D D C D D B A C A D D B C C C A A C B B A A B C B B B A B B D B A C A A C C A C C B C B A B A A D A C D A B C B B A B B A C A B D A B D A D A C B C C B B B D D B C B A C A C B D D D C D D A D C C D B B A D C C B A C B C A B B C B D D D C B B D D C B A D D B D A B C C A D C A A C C D A C C A D D A B C B B A B D A C C D B B D A C C D D C D A. Start: C. Hop 24 times.,C,C,True,0bcabc4b,4,[FINAL]  C [END],7.87125180699968,4,975,False
p_hop,24_hops,Sequence: D A A C D B D D B A D C B B B B D C A C A C C D B B A D D A D A A A C C D B C D D D B A A A D D A C B C D A C B A C B C A D C A B B C A C B A B B D D A B B D C D A B B B A D A A B D C B B C A D A B A D D A B D D D D D D A B D A A D D C B B D B A A A D C D B C B C B B A A C D C A B C C D C C D B C D A A B A C A B B A C D C D A A B B B A B A B A D D D D C A D B C D A C D D B D B D B D A A C A B A D B D C D D C B A C C A D A D D C A C B D B B D A D C D C C C C C B C A A B C A A D A A C A C D C D D A D D D D C. Start: C. Hop 24 times.,D,D,True,e481e135,4,[FINAL]  D [END],7.845177406999937,4,975,False
p_hop,24_hops,Sequence: A B D C C D B A A C A A B B D D C C A D A C A D B B B B A D C A B C C A B C B D C C A A A C B B A A B B C B A A C B A B B B C A B C B A A A D C B C C D A D D D D D B D D C D C A A A D A A C C A C A D B C A A C A B B C A D A D A C D C B D B A A C D B B C A A A B B A A B D D B A A C D A D D D B A C A B B B B C B D D D A B D B A B A C D C A C B C B C C D C B D A C A C A D C A D A D D D D A A C B B C C D C B B C C A C C B C D B A C D A D D C C B C A D C A B A C D B B A A D C A D C D C D C A A A B C C D C D B D. Start: B. Hop 24 times.,D,A,False,c4227d38,4,[FINAL]  A [END],7.827261503000045,4,975,False
p_hop,24_hops,Sequence: D C C B A B C B A B D C C D B C B D B B D A B D B A B C C A A B B C A B D A A B C A C C B A C B A A D C B C D D C D A A D C D C A A D D B D D A D C C C D A B A B A D B C C D D A B A A C B D A D A A B C A A B B D C B B D A C D A B C B B A B D C B D A C C B C B C C A D B A B D C D D C B B B B A B B B D D D C A B D B C A B A C C A B D A A D D C C B B B B B C B B A D C A D C B C A C A D C A C D A A D B A C D D D A C C B D A D C A D D C D C C A A D A C A C C B B B D B B C A D A B A B B B D B A C D A C D C C A D. Start: A. Hop 24 times.,C,A,False,d4f50357,4,[FINAL]  A [END],7.825344350000705,4,975,False
p_hop,24_hops,Sequence: C D C C A D B A D B A D B C C C C C A D C C C C D C D A A B A B C B D A B A C A B C C B D A D C C C B D B C A A D B D C B A C B D A D A B B C D B A B C C C B B D A B C C B C C B B C B A D C C D C B C B B A B C D D C B A A C D B C D C D D B D C D B C A B B A B C B A A C A D C D D D A D A A C C A A C C A B A C A A C D B B D B B B C A D B D B B C B C D A D C B D A B B B B B B C B D B A A D A D C A C B D C A D A D D C D A B C C D C C B D B D C C B A D A A A C B B A B C D B A A B D C C A A C D C D C B A C B C A. Start: C. Hop 24 times.,D,C,False,edf7362f,4,[FINAL]  C [END],7.842785998000181,4,975,False
p_hop,24_hops,Sequence: D B B B C A C B D B B B B B A A C C A B D B A C C B C A D C D B C C D A B D D D B B D C A A A A A A C D A A A D C A C C D D D D C C D D D A B C C C C D C C B B D D A B C A A B B B A B A A C B C B A C B D C D C B D D C B C C C B B B B D C A A C B C C B D A A A C A A C D B A C D D C C A B A B B A A B B A A A A B D B B B B D C A A A D A C B C B B A C A B D B B B A B A B D A A C B B D D A B D C A A D B D C B D C A C D A D B D B D C C B D B A D A D A A A A C A A A B B D A D B D A D D D A C A C D C A B A D D A B. Start: B. Hop 24 times.,A,A,True,bab49682,4,[FINAL]  A [END],7.867475254000055,4,975,False
p_hop,24_hops,Sequence: A B B B A A C C B D B A B A B B C A B A C A B A D B A C D C C A C B C C A A B A C B B D B A A B B C B D B A A C A B B C D C A B B C D A B B A B B A D C C D A D A D D A B D C B A C C A A A B D D A D C D C C B B B D D C D C D C D D D C D A D A C A D C B B D B C D A A A D D B B A C B A C B D C C D B C B A B A C C C D A D D C A C C D B D B A C D B D D C B A B A D C D A C A B A B A D A D B A D C D B D D A D C C B C D C A D D B D B B A C B B D B D A D C C A D D C D A A B C A A A A B C C B D A A A C B C C C D D D. Start: B. Hop 24 times.,B,A,False,c2756e26,4,[FINAL]  A [END],8.374048278000373,4,975,False
p_hop,24_hops,Sequence: D D D D C B C C B C B C A C D A B C B B D A C C D B C A B B B C C C C A A A B C C B B A A C A B B B D B B B D A D C B C A B D B A C B A C A C B B C D C D D A D D B B A A B B C C A B C C A D D B A B D B A D C A A D D C B B C B D D D B D B B C B C D D A D A B C B D D D C B D D D A D A C D C C A B C D C A C D C A A D B B C D A D A D D D B B D B B B C A D D C C C C A D A C B A D B C D A B C C B B A D D C C D C B C C A B C D C C C C A D C B C B A C D C C C A A A C D B A C A D B C C D D D C A B C D B A C A A B B. Start: B. Hop 24 times.,C,A,False,5ad05557,4,[FINAL]  A [END],7.8492564369998945,4,975,False
p_hop,24_hops,Sequence: B B C C A A D B C D D C D B B D D C B D A B A A B B D A D C C D A D B A A B C C A A A D B A D B B A B D A C D C C A B C D D B C D C B D B A B A A A A A D D A D D D D C D A A A D B B C A B A B D D A D A A A B A C C D D B A C C C D C C A D D C A D D D C B B A A C B D A B A D B A B C B A C A A A A A C A A A C A A C A D A A D A C D D C D C B C A A C C B C B A A C C A B D A A A C B A D D A A C A A D A D C D B C A C A C B D B C D A D A D D B A D D D A A D D D B D C D C B C C A C C D A B A C D D D C C B C C A B A. Start: B. Hop 24 times.,A,A,True,fbd07779,4,[FINAL]  A [END],7.877471191000041,4,975,False
p_hop,24_hops,Sequence: A B A A D C A B D B B C B D D B B A B A D C A C C D B A B B C A D B C D A A C B A C C A A A A A C B A B C C D B C A D D A B D D D D B D B D B B D C B B C C A A D A D C B A B D C B A B A D A D C C C D B A C B C D C D C B D A B C D B D A A B A B A B A A C B A B D D B D C C D D B C D A B A A D B B B B C A C C D A D C D A D A A B C A C A C D C D B D B C A B D A B C B B C B D D A B D A D C A A B C C D A B D B A D C A A B C C D C D D B B D C B D C C A A C B D C B D D B C C C C D C A A C B A A B B B D C A B A D D. Start: B. Hop 24 times.,C,ERROR,False,1c9eae87,4,Experiment failed: 5 repeated outputs,0.0,0,0,False
p_hop,24_hops,Sequence: B D A A C D D A D A B C A D B B D B D C C D D C C A C A D A A B D B B A A C A B A A B C B D B B B D A B A D C C C C A C B A A D A C B B C A A D C A C A C D B D D A C B B C C C D A D B A A B B A D D D B D D A B D C B C A C C A B D C C B D B C A B D B A D A C D A A C D C D C A A B A A A A D D C A D A C D A D B B D D B C B B A C B B D B C A A B C B C B B A D A B A A C C A C B C B A A B C B C D A C A D D C C D C D D A B D A D D B A D A B B A D A C A D C A B D B B C A C D C B B D C A C B A C A D B A B C B C D A. Start: C. Hop 24 times.,C,ERROR,False,7ae9dde5,4,Experiment failed: 5 repeated outputs,0.0,0,0,False
p_hop,24_hops,Sequence: B A D A D D C B D D B C A D C D D D C C C B C B D D D A A B A D D A C A C B D D A B B A B D C C B B A B B B B B C D D C A D D D B D A A D B A A B B D D C B D D A C A A A B B B C B A B A D D A B B A B A A D A C A A B C B C C C B B A C C C B D C A B B D B C B D A D A B C D C D D C C A C B D C A B C D B D D C B C C A A A B A D B C A C D B A D A D D D C A A D C B B A C B A B B A B B C C D A A D A D C C C C C C D B D D D B D D C D D C D D B C C B B B B A C B B A D A D D D C A C C B A B B A A C B D C C A A D D B. Start: C. Hop 24 times.,D,C,False,b2f78e3c,4,[FINAL]  C [END],7.81867810499989,4,975,False
p_hop,24_hops,Sequence: A D D B C C A D B C C C C B B C A C A B B B D D B D D D A D A D A B D B D A D D C C C D B B C D C D B C A B A D C D C B D C B B C B B A C B B D C B D B A B A C C A B C A C C D C A C B A D B A C A A C C A B D C A C C A A D C C A B C A C C A C B B B C B C C D B C B D B C B D B B B A D B C D C A A C B B C D A D A A A C A C D A D A B D D B D A C C A B D C D C C D D C B D A C B A B A A D D D B A C C A A A D B C A B C C D D B B C C A A B B A B B C A B B C C B C A B D C D B C C B C A A B B C B D A D D A C A C C B. Start: A. Hop 24 times.,B,C,False,62a3464f,4,[FINAL]  C [END],7.818611993000559,4,975,False
p_hop,24_hops,Sequence: B B A B D D C D C D C D D D A A A C B B B C A B D D D C D D B D A C D C A B A C A D B C C B C B B D B C A A C B D D D A C B A D D A C C B B D C D C C C D C A A D C A C D A D C B B C A C C C A B D B A D B A A A A A B B A B B B D B D B A A A D D B C B A A A C A C A D B B D A D A D D A A C A B A D D B B D A C C A A D A D D B C D D A D A A B B A D D B C B B B D C C C D D B C B C A C C A D C C B C A C C A A D B B C C D D C B C A C D B D A A C B C D D B D D C B B D C D B C A D C D D A A C A A D B A A D C A B C C. Start: B. Hop 24 times.,C,C,True,fbe77902,4,[FINAL]  C [END],8.328187351999986,4,975,False
p_hop,24_hops,Sequence: C C D C D C A D B D A B B C C D C A A B A A A B A B B A C B A D B C B B C D B B A C D B A C B C A B B A A C A C B A A D C B D B B C A C C B B C A B B D B A B D A D D C D A B B D C A D C A A C C D C B C A D D B C C B C B D C A B D D C D D A C C B A A A C D D C C C A B D B A B D B B C C D C B C C C C A C C B D A A C B B A D C B C A A B C A B C C D A A C D D A C B C B D D A C C C C A D D C C C B A D B C C A C D D D A C A D C A C A B D D D B C D C B A C D B C C A D A C D D C A C A C B D D D C A D A A D C A B A. Start: D. Hop 24 times.,A,A,True,b082c9d7,4,[FINAL]  A [END],7.8497714199993425,4,975,False
p_hop,24_hops,Sequence: B D B B D D A C D D A A A B C C B B A B D A C B C C D B C B D C B D C D D D C C D A A A A D C D A B D C C C A C C A D C B C C B A D B D D D C A B D D C C C B B C B D C C C C C B D C C B D B B B B C C D D B C A C B D A D C B D C B D A B B D C B A A D C B C D B D B B A C A A C A D A A C C B D C B D A A C C D D C D A D B D B B C C B C D A C D C B D C D B B D C C B C C B C C B D A D C A D C A D C D B C A B B D A C A D C C D D D B D A A B D B C A A B D D A B D D B C D A A C B D C B C D D B D C A A D A A C B A A. Start: B. Hop 24 times.,A,C,False,004e7e7e,4,[FINAL]  C [END],7.865704058000119,4,975,False
p_hop,24_hops,Sequence: B C D B C C C D B A D A B C D C D B A A B A B D B A C C C B C A A D D B B A A B B C B D C D D B A A B B B D D C C A C C A C A C C C C D B D B D D B D C D C A D D A D C D C C A C B D A A C B B B C C B A D A A A C B C C C D B C D B D A C C C C B C D B B B A B C B B A D A C C C A A D C C D A D A B B C D B D D D C D D C A B B B D B A B C D A C D B D C A B B D D B B B A B D D D C B B C A A A A D B C B B A C C B A A D A C B A B B B B C A B A D C D D D A B C C A A B D B B D A C A B A B A D A D C C A B D A B D B D. Start: C. Hop 24 times.,A,D,False,f848bed8,4,[FINAL]  D [END],7.810681844000101,4,975,False
p_hop,24_hops,Sequence: B C D B D A D B B D B C D B A D C B B D A D C C A A A B D B A D A A D C B A A A A C B C D A A C D A C C B D B A C C A C B B C C C A C A A A C B A C D A B C D D A B D C A B D B D C D D D A A B B B A C C A A A D A B A B D D D A A C D D C C A A C C A C C A B B B A C B B D C A C A C C A D C B D D D A C C B A B D A C B D A A D C C D A C B C B D C B B C C A B D A B A C D C A C C A C C C C B C D B B D B C C C C B B D A D A B D C C D C D D B C C C A C A A D C A A B A D B D D D C B B A A D A B C B C C A A C B B D A. Start: A. Hop 24 times.,B,C,False,d0d460db,4,[FINAL]  C [END],7.825958872000228,4,975,False
p_hop,24_hops,Sequence: C D A C A D B A A A B C B A B D D B B B B C C A C C B D B B C B A C D D D D A A D A A A C B A D B A C A A D D B D B D C A A A A C B B A A B A B C D D B B C B C D A B A B C A C B A D D D B D D A D B A C B D D B A A A A A C B C A D D A D D B D D C C B D D A B C A D B C A B D B D B C A A A B C C A D D B B A D D D B C B B C C C D B A C A A C C C A B C B C B C B D A A B D B D C B B B A A C C C C B D A B C D B A C C D C C C C B A B C A B C C C A C C C B D B D B A C D C C C D B A B B A A B C B C A C C B D C A D C. Start: A. Hop 24 times.,B,C,False,473c832b,4,[FINAL]  C [END],7.8077520839997305,4,975,False
p_hop,24_hops,Sequence: D C C A A B C C B B C B D A D D D A A B C D C A B C B B D B B A C D D A C C C B D A D B D B D D C A A D C D B D D C D D D B B A A B D A C A A B A C C A C B D A A C B D B C A D B D B A C D A B D A B B D D A A D A D B A A D D D C B D C A B C A C C B A B D D A B D A C B A D A C B C C A B A C A D B A B B A C A A C B A A B A D D A D C C C B B C A C A D C A A C B A D D C C C A C D B C B D D D A C B A B D D A B C B A C A A B C C B A A A C D D B D D A B A D C A C B A C D A A C A D A B A B B B B A C A B D A A A C D. Start: C. Hop 24 times.,C,A,False,f29c8dbe,4,[FINAL]  A [END],7.917111791000025,4,975,False
p_hop,24_hops,Sequence: A A B D C D C D C A C B A A A C D B C C D B D D A D A B C A A B B C D B C B A A C A A C D A D C B B B A A D A D B A C B A C C B B A B B D C D B D D D B B C D A B C B C A A D C D C A B A A B A C A B D B A A D A D D A B C A D B D B B A B B C C A A C B D B D C B C D A C A B A B B A A D C D B D A A B C D D C C A D B B B C A A D D C A D B C B A D A B A B C D A B A A B C A C C D D B B C C D D D D D D D D D C A A A D C B C D A B D A A D C D C D C C D D C B C B C D C C D A D A B C B D C A B A D D D C A D C D D D C. Start: A. Hop 24 times.,A,C,False,9cbd920c,4,[FINAL]  C [END],7.917981327000234,4,975,False
p_hop,24_hops,Sequence: C A B D B B A B B C D A C D B A D D B C D D C D C A A C A B B A C A D A A B B D B B C B C A C C A A D B A B C C C B B C B C A D C B D A A B D C C C C C B D D C D A A D B C B D B A C D C C A C C C B B C C D B B B A A B D D A B A A B A D B B D D C D B B A B C B B D D D B A A D C D D C A D C B C C D A A A B C D A A D A A B D D C B C B B A A B A B B C C B B A A B B C C A A D A D A B D B A D D C A A A D C A A D A C A C D D C D A A A B A D C B A D A D A B D C B D D B C A D A A D D D D B D D C D C A D B C D A A D. Start: C. Hop 24 times.,D,C,False,5c442d2f,4,[FINAL]  C [END],8.393727273999502,4,975,False
p_hop,24_hops,Sequence: B C D B A C D C D A C A D D D C C A D A C B A B B A C B A A D C D A C C A B D B A D C C D B A B B C C D A A B B C B D A B D A C C C C D D B C B D B D D B C C D B A B C D A B A A D B D D C C B C D D C B D B B D D D D D D C A A A B C B D D B A D A A B D C C D D B B D C C D C C C C B D D A D D D B C A C C D A C B A D C D A A A B A D C C B A B C A A C B D D B D B C A A A D B B D D C B D C B D C B D A D B D A C D A A A A A C B B C D C B A C C B B C D A D B C C D D A A A A A A B D D A D D B B A B A D D B A C D B. Start: D. Hop 24 times.,B,C,False,94098207,4,[FINAL]  C [END],7.8647983029995885,4,975,False
p_hop,24_hops,Sequence: C C B A D C D D D C A D C A C C A C A C D D B B A A C C B C C B B D C B C C C B D B C C D C A B D D B D A A C A A D D A D D C D A C D B B D C D A C D B A D A B C A C C B D D C D B C D A C D A B A A C B C A A A C A C B C D A A D C B B A C D C C D A D D D A C B D A D C A D A C B C C D C C B D B D A B C C C C B A D D A A C D A C A C A C A C C A B A D C D B A C B B D C C D D B D B D A C B C D B D B A A B D A A A B A A D C A B D C B D B D B B C C A B C C A B D D A A C C C C D C A A A D B C C C A C C D B D D B D. Start: C. Hop 24 times.,D,C,False,2ea37200,4,[FINAL]  C [END],7.858744815999671,4,975,False
p_hop,24_hops,Sequence: D B D B D C A B D B B C D B B B A B A C B D D D C D B B B C C B C C A C D A A A B A C A C D B B A A D A C B C B C A A C A B B C A C A A D D A C C C D C A A B D B C D C D D C D A A D A B B D C D A C C D A B D B D B C D C A A A A C A D B C B D B A D B D B C A B A B C C A A B C D D C A A C C D D A D B A B D B A A D D B B D D D C B C D A C C B A C A A B A C B B C B D D A B C C C B A D B C B D A B D B D A C A B B C B D C D A A C A A C B A D B B C A D B B A C C B B A B C C D A B B D D A D A B B B A D B A D B C B. Start: C. Hop 24 times.,A,A,True,9be3339d,4,[FINAL]  A [END],7.852826565000214,4,975,False
p_hop,24_hops,Sequence: A B B B A C C C C C B D C A A C A B A A A B A D D B A D D D A A C C C B D A C C D C B D B A C D A C A C A D A A D B D A C A D A A C C C C B C C B C D C B C C B C B B D C C A B C D B C B C A B A D D D D D D C D D A C A A C B C D B C A A B A A C B C B A B B D D A C D A C C C B D D D A B B C B C A C A D C A A D D D C C B A C C C C D D D D C C A C C B D D A A B A D D C A D D A C A D C C B B B D C D D B D D B C A D C B A D A D A B B B C B A C C B B A B B B C C A A B D B A A C B B A B A C C A D D B A B D B D C D. Start: C. Hop 24 times.,B,A,False,2fb5d954,4,[FINAL]  A [END],7.83448156600025,4,975,False
p_hop,24_hops,Sequence: A D D A B D C D A B D A B B C A B B D A D C A C C D C A A C D A B D B B A D C C C B A B A D D A A B A A D D B A A A C C B C A B D C C D D D B C C A D A B C B C C D C B B A A D C B A B A A D C C B D B C B C A C B B D D C C B A B A D C B A D B C D C C A A C D B A C A B A B B A D D D A A B D B B D B B D B B A D A B D D C A D C A C A D D C B C D D A C B D D A A D A D C D C C D D C D A A D C D B D D B D A A D B C A D C D B A A C B B B C B A B D B A D D B B C B A B D B C B D D A C C A C D C D B C B C B B C D A D. Start: C. Hop 24 times.,D,A,False,0501d042,4,[FINAL]  A [END],7.858397459000116,4,975,False
p_hop,24_hops,Sequence: D B B C A A A B A C A B C B A C C D B B B C D A B A D B A D D D C A B A B A B C C D D D A D A C C C A C D A D C D A C A A A A C B D D C C C D D A D A B D D A B D B D A C D B A D B D B C B C C B D A A B D C C A C B A C C B C B A B B A B C C A C C B B D A C D B D B C C A C B C B B D B D A C B B B A D A C A D D D D B A B D D D D C A B B C D C D D D B A A D C C B B D B D C C B C B B B C B D C D D B B D C D C D B B D C D A A D B B D C A A D D A B A D B D C B B B B A D B C D D D C D A C D C C C C B C C C A C B A. Start: C. Hop 24 times.,C,A,False,d60d0983,4,[FINAL]  A [END],7.871879725999861,4,975,False
p_hop,24_hops,Sequence: D B C B C C B A A D D D B B D D C B D C B C C C D D C D B D A A A C C A D B D A A A C B D B C C B C A D B D A C C A C C B A D C D B C C C C D A C C D C A C A A C C A C A A D C D D B A D B A C A A D C B A D C C C D B C D D C C C C A D C A C C C B A A A A B B D D B D C C B D D B C D B D D D A A D A C C B C C D B C A B C D C A A A C C B B D D D C A B B B D D B B B C C A C D B D D C A C A C B B B B C A A D A A A D B A C D B B C A A D D D C C A A A B A B B A B B C D C B A A C D A B D A B B C D C C C D C A D D A. Start: A. Hop 24 times.,D,D,True,1eb8cb43,4,[FINAL]  D [END],7.9242323729995405,4,975,False
p_hop,24_hops,Sequence: D C B C A D D C C C C A D A B C B A A B B C A D B B D A B A A C B B B D C C D B B C D B A A B A B C B A A C B D A C B B D A D C D D B B D A C A D A C D B C A A A B C A D C A C C B B C D A A B D C A D D A D A B D C B D D A D C B D B C D D D A A C A C C C C A D A B D A B D A A D D B C A A B D D D A D A B B A D C B C D B D C A D A B D C C D C A C A A A B A C C B A B C C D D C A B A C B A B A A C D A D D A C D B C C B D C D B B B C D B A C C C A C B A A C A B A B C B C B A B C C A B B A B A A D D B A A A D D C. Start: C. Hop 24 times.,A,A,True,11149b44,4,[FINAL]  A [END],8.317082570999446,4,975,False
p_hop,24_hops,Sequence: C A D A D B B B D D D C C B A A D A A D B B C C C A C A D C C B B C C A A B D C C C D D C D B D D C B B B B B B B D D C B A C B D B B B C B D D B C C C D B D A A B B A D B B A B C A D B B A C C B A D D C B B A C B D B A B B D C C A C A C C A D C B B D D D A B D A A D C C A B B A D D A C D B D C A D C B A D A C B C B B B D D D D B B B D B A D D C A D B D D A D B C C B D D D C A C A D C B B C A C B C B C B B D C A D C D B B A D B B C D B B A B A C B C C A A B A B C C D C D B C B C D A C C A A C D B A B B C D. Start: A. Hop 24 times.,B,C,False,420ed843,4,[FINAL]  C [END],7.818128442999296,4,975,False
p_hop,24_hops,Sequence: D C B A D B D B D B D D A D B C A A A A A C C B A A B A B B C D B B D B D A D D B A C C D C C A C A D C A B D A B A A D A B A D D D B D B A C C A B B C B C B D A C B A D C D B B B B C C A D B B A D B A B B A C D A D A D C D B A A C B C B B D A A C D D C D C A C B B A C A D A B D D A B D D D B D D A C C A A D D D A C D B B B D B B D A A D B C C C C C D A D B C C D B D C C C C A D C D B B B C A D D D B A B D A C C B B C B B A A C A A D A B D B C B A B B D B C D D B A A B B A A D C B A A B D B C A B D A D B C. Start: D. Hop 24 times.,B,A,False,5fd08e4d,4,[FINAL]  A [END],7.8981891579996955,4,975,False
p_hop,24_hops,Sequence: A D D B D A C C D D D B A B D B D B A C B B C C C B D D D A C B A A D A D C C A C D D A C C D A B D B D B A C D C A D A C B C D C A D B B D C C B D D D D D B A D C C B A A D A A B B B B A C A D B B C A D C A B A D B A A C A C B C C B B A C C A D B C A A C C B A C D A B A A C A C A D D A A C A C B C A D C B B C A A B D B D B B C A D D C B D D B B D D B C D A C B B D C B B A A C C A A D D D B A B A A A A C B D D D A B C C C C D B D A C D B B D B A B C C C B A A A D D D C B A D C C B A D B B B C C A D B A D C. Start: D. Hop 24 times.,B,A,False,6c2996cf,4,[FINAL]  A [END],7.860889069999757,4,975,False
p_hop,24_hops,Sequence: D A C B A A A D B B C B B D C C D B D A A C C A B C C B C B D A A D D A B C C C D A C C A B D B A A C B A A C D C B D C B C C C A D D B A C A A C D C B D C D D C A D C D B C B B C B B D D A C D A B C D C A C D B D C A A D B A B A D A D B D D A D C A C B D C B D A A C C A A D A B C D B D A C B B B D C D B D A D D C A C B B C B C C D D A B A B D D C D D D A D A B A B C B C B A D D B C D D C A D D D D D D B C C B A B A C D D A A D D C B D D A C D D D D C D D B C B B C C A D C A C D A C B B D C D A B A B A A B. Start: B. Hop 24 times.,D,A,False,d659dc13,4,[FINAL]  A [END],7.8534315199995035,4,975,False
p_hop,24_hops,Sequence: D C C B C D D B D B C A C C A A D C A B A D B B B A A A D A B C C C D B D D C A D D A C D B C C D A C D B A A C B D D B A D A A A D A B D A C B C B C C B D A D D A D B B D B A A D A B C A C D D B A A D C D B D A C D C C A B D A B B C B C B D A B D C B C A D D D C A D C D A D B A D D D A B C C A A C B A A C B C A C C C D B B C B C D C A C D C D B B B D B C A C D A A B B D B A C C A C D D C C C C B C C D A C A B D C A D B A C C B B B B B C C C D B A C D D D C A D A A C D B C B A D A C D A D D C C B A D A B D. Start: D. Hop 24 times.,A,A,True,3b595eb6,4,[FINAL]  A [END],7.951401895999879,4,975,False
p_hop,24_hops,Sequence: A D A B A A C A B B C B A B D C D C B A B B A A D D B B C A D C C C C B C B C C D B A B C B D D A C B C D D D B B C A D A C A D B A D B A C C B C B C C D A B B B C C A A A B D D A C B B A B A D C B B A D D A C C B D B B C C C D D D D D C D A A A D C A C C A D C A B B B A C A B A C D B D B B C D D B C C B B A A A C D C B A B B D A C A B C D C B D D A B D A D B D B D B C A D C B D B D C D A A C D B B A B D C B D D A C A B B D A C C B C D B C B A B C D B A A A C A C C B D B C B B A A A A D A C A B C D A A C D. Start: D. Hop 24 times.,D,C,False,1bc77d14,4,[FINAL]  C [END],7.86775363400011,4,975,False
p_hop,24_hops,Sequence: B C A A A B B C A A A D B A C C B C A C B B B B D B B B D D A D D A C C A B D B B A C C D B A B C C B A B D B A D B A A C B D C A B C C C A A C D C D B A C D C B C D C B C C A C C C B A C C C B C C D A A D C D C C B C C B C A B B D A D C B C B C A A A A D D A C B B B C A A A D B C C A D D B C A B D D D A A D B A A B C D A B B B D A D A D B A D B C B D A C A B C A B D D A C A B C A C A A C C A D C C B B C D D D A A B A B D C A A D B A A A A A B A D D D A D D D D D A B D A D A C C A D C B B B C D D A C A A B. Start: A. Hop 24 times.,C,C,True,7159f858,4,[FINAL]  C [END],7.904546588000812,4,975,False
p_hop,24_hops,Sequence: A A A C D B C A B D A D A D A B A C B A A D A D C B D B A B A D D A C B C B D C B C A B C C A D D B A D A A B C B B B A C A A C A C B B D A B B A D A A B A C B A A B D C B A C D A A C A C C B C D A B A B C B A B D A C D C C A C B A B D C A C A D A A D B A B D D C A D D B D C B A A C B A C B C C D B D C D B D A B D D A C D D B A C B C B D A D A B B D A D D C A C A A A C A A A D D C A D C A D B C D C C B D B C C B B C A A B B B B D B D C B B C D B C B B B D D D D D D B B D D A D D D C D B C D D A D B A C A D. Start: D. Hop 24 times.,D,A,False,a94faf8c,4,[FINAL]  A [END],8.303476574999877,4,975,False
p_hop,24_hops,Sequence: D B D C A C A B B B D C A A A D C D B D B A B D C B C C A C B C D A C A A D D A B C D D B C B A D A D D A D D A C B C D C D D C A A C A B A B C A D C B D C A C D A D C A B A C B A A A B D A C A D B D A D C D D D C A D C A D C A B B C B D B D A D D D D C A B C B A B A C C B C A D C C D C D C A B A A C C C A C A C D A D B A C D B D B D A C D C A A B A C B B D D D B D B C D D D D C B C B B A D D C B A D B C A A D A A D A C A D D A B B B B B B C B A A C C A C C C A B B D A B A A B D D D B A C B A A B C B B A D. Start: B. Hop 24 times.,A,C,False,6b260f67,4,[FINAL]  C [END],7.842292889999953,4,975,False
p_hop,24_hops,Sequence: D A A C B A C C A D C D C B B C A A A D D A B A B D B B C C B A C A B D B B D A D C D C B D C B C A A D B A D D C B B C D D C A A D C A B C D D C C A A B A C C A C A B D D B C C A A D B B A A D B C B D C C B A A B C A D B D A B C A D D B B D C A C B C C D C C C D C B C B C D C C A A A B C C B C A C D A C C C C C B D C D A D B C D A D C D A A B A B B D B D B B A C B B B D C B A A D B B C D D D C D C C B A D D C B D B D C A C A C B D A D D A C B D C A D D A D C A C C C C A A B A C D C A C C C A D B A A D D D. Start: A. Hop 24 times.,C,C,True,763bc2d7,4,[FINAL]  C [END],7.891840477000187,4,975,False
p_hop,24_hops,Sequence: B A B D B A D A A D C C C B B A D D A D A B C B A D B D A D A D C B D B D A A C B A A B B D A D C C D B B A C A B B A B C A D D C B D A D A D B D A D C D C B C C B D A C A C C B B A D D A D B B C A B D B B B D B A A D B A A B D C B A C A A A A A C C C A D D B C C D D A D B D C B C A C C A A B C A C A C B B D B B A C B D C D C C A A D B B B D D D B A D A C B D B C D D B B B A B B D A C C D D D D A A A A D D A C C A A A C C D C A D A B D B D B C D D B C B B B D A A B B A A A D C B D B A C C A B D A B D B A C. Start: B. Hop 24 times.,C,A,False,9d6a8dd4,4,[FINAL]  A [END],7.856331531000251,4,975,False
p_hop,24_hops,Sequence: C D D A A A C C B D D C B B A B B D A B D A C B C A A C A B B C B D B D D D B C C B B C B C D A C D D C D C A B D D B D A C C C C B C C C A B B B D D B D D B A C D A C A C C A B B C A B A A C B A C C C B B B B A B A B A B C A C A C D A A C D D C B C D C B A C C A B D A A C C B D A A D A B A B A C C D B C C A C B A D A A A B C D D B C B C D D B D B A D C A A B A C A A C C C A C C C A A A B B B B D C A C D A B D A C A D D B A B C D C C D C A D D B A C D D B D D A D D D C D B C A B B C C A C D A B B C D C C B. Start: A. Hop 24 times.,C,C,True,b02d7ac2,4,[FINAL]  C [END],7.867319569000756,4,975,False
p_hop,24_hops,Sequence: B A D C D C D C C A A D A D A D A A C B D A B B C D A B C D C C D A C D B A D A D A A C D C A A C C C C D C B B C C D D D A D A B C C B B A C B B B B B A C D B D C C C A D A A A C D B A B C C D A B A C C B D C D A A B A D D D B D D A A C C B B D A D C C A B B A C A D A B B C D C C A A B D A C B C B B C C B D D D C C B B D A A C B B D D C A A D A C D A D D A C C D A B A C C C D C D A B B C C B C B D C C B D C B A A A D B B B B D B A A D A D D D D C D A D C A D B D C B B A D D B A A B A B B B C B D A B D A A. Start: B. Hop 24 times.,B,A,False,2b1533a2,4,[FINAL]  A [END],8.044568201999937,4,975,False
p_hop,24_hops,Sequence: D C B B B D A D D D C B D C D B A A B D C C C D C C C C A A A C B B C D D B A D C A B D D D A A B D B D A D A C B D D C B A C C A B A D D A B C D D D C A B A C A A A C B B A D B B D A A A A A D D D D C B B C D C A A C D D A A C D A C A C C C D B B D A A D B B D A D D D C D A B C D C A B D C A B A D C B A B A C D C D B C C D B C C A D B B B A B C A A C A A C B C B C B C C C B A B D D D A B D B B D B A B C C B B A C B A C A B B C A C D A C D D B D D B B C D D C B D A D A A C D D A B A D C B B C C A B B C C C. Start: D. Hop 24 times.,B,C,False,cd8d15bd,4,[FINAL]  C [END],7.862240477000341,4,975,False
p_hop,24_hops,Sequence: D B A D B B D C C A D C C D C A D B D D A B C A B B A D C A D B C D C B D D A A C A B A A C A A C B D C D B D A D D B C D A B C B A D B B D A D C C B D B C B C B A A B D A B C C A C B A D A D C D A B B D D D C C C C D A C D D B D C D A B C A A A A D A C C C D B D A C B C D C B D C C D B B B C B C B D C D D D C D C D B A A C D D C D A C A B A A D C D B D B D B A B C D A B A D D B B C D A B A B A B B D D A C A B D B B C B B C D C C B A D C C A A A D A C B A C C D D C B A A D B A D A B D A C C D B A C A D C B. Start: C. Hop 24 times.,A,C,False,6624f235,4,[FINAL]  C [END],7.9473133219999,4,975,False
p_hop,24_hops,Sequence: A C B A B D A A D C D B C A C D A B C A B A C B C D C B C A C C D B D A B B C A B D D D A D C A A A C D C C B C A D D D D D B C B B B D D C C C B D C B B A C C D C C C C B A A C A B A C A B C B B B D D C B A D B C A A A B A C B C C B C D A B C B D C D A D B D A D A A D B A D C A C B B A B A A D C C D A A B B B A C B B A A D B D D B C B C A C D A D D D A A A D B D A D C A B D B A A D B B D C A C A C C B D D A C A B C D A D C D C B D B B B D B D B A B B A A A C D C C B C B A D D B D B C B A B D C C A C D D C. Start: D. Hop 24 times.,C,C,True,6f50e621,4,[FINAL]  C [END],7.8584361769999305,4,975,False
p_hop,24_hops,Sequence: C C A D B C C A A C D D B B D A B D A A C C A D D A D C B B C D B C C A D B A C D B A C A C B D B B B B C D A B C D B C A C B D C B A D C C D B D D C B D A C A B C A B B B C C C A B D B B A C D B A B D B C A D B D B C C A D B C C A D A B B D C A A A D B C C C A D D C D B A C B D B A A A C B A A B C B D D D A D B C B B D A B B C A A C C C D B C D D C D C A B C A B B D D B C A A C A C D A B C C C C B A A C B C D B C A A A D D C B A A D A A B B B B C D A D C A D C C B B C A B C B C C D D D D D A D C D C D C B. Start: C. Hop 24 times.,C,C,True,3664c7a0,4,[FINAL]  C [END],8.277034791000005,4,975,False
p_hop,24_hops,Sequence: C D B D D B C D A B C B A A C D B C A D D D A B C C D D D B A C B A D A B A C C D C C C D D A C A C A D A B B B B B B B A B D B D D D C B C A C C C A A D D B C A C A C A C B D A B A C B D C D D A C C D B C D C A B D C A C B A D A C A A D D A D C A D B C A B C B D D A B B C D A C B C C A B D B A D B A B D C B B D A B D D D B D A A B D A B D D A B D A B B C A A C A C D D A C A C D D A C C B A D D A D A C D D D A D A C C C B A B B D D A A C C B A C D D D A B C A C D D B B A A D A A B C C B D B C B B B D C C A. Start: A. Hop 24 times.,D,ERROR,False,d72ec835,4,Experiment failed: 5 repeated outputs,0.0,0,0,False
p_hop,24_hops,Sequence: B A A A A D A B A A B B D B C B D C A D D A A C B A B C D A D D A D C D B A C C B D A D B B A D C B B D B D C A B D A D A D A A A A A B C B A A A B C D A D D C B C D D B D A A A A A B B B B C C C C D A B C D B B A D D B A D C D A C D C B C A D B D D B B A A B D C C D B B B A D D D A B B C D A B D A C C B D A D D A D C B B D A B B C C C B B C B B C D C B A A B B D D A B B C D D A D C C B A A D C D D A D C B B A D D C D B A D C D D C C D C B D D C B B C C A D A A C A A A A D C A C B B D B B C A C C B C D B B. Start: A. Hop 24 times.,B,B,True,6bb0bd7e,4,[FINAL]  B [END],7.8832181429997945,4,975,False
p_hop,24_hops,Sequence: B C D C B D A C C A A D D A D B C B D B D C D C C C B C C A D B A C D B B D B D D D A D D B D C B C D B B A A B A D A A D B C D D C B B A A C B B D B C B D D D A D D C D A B B B A D D A C A A D B A B B D A D C B C C A D B C B B D A A B B B B D D B B A A A C D B B C D A D A A C B D B A D A B C D D B B C D C C A B B B A D A B B D B A B B B D B A D B A B B A C C D C C C A A A D B A C C D D A D C D C B D A C D D D C A D A B D C D B C C A D A D D B A A C D A B C C B D C C A B A C B B D B A A A C C B C C B A B B. Start: C. Hop 24 times.,D,A,False,1597fb10,4,[FINAL]  A [END],7.8991963759999635,4,975,False
p_hop,24_hops,Sequence: C B C D B A C B B D C D D B B D B A D D C D D A C B D C A D C B A A B D C D D D B D A B B C A D B D A A D D A B B A C D A A C B B D A D B C D B A C D B A D B D D C A A A A A A D C A D B A C B D C A B A D A C A A A B A D B A A A C D B D D D B C D B C A C B A C B C D A B A B B A A B D B B D D C B D D D D D C D D C A A D D B D C D B D B D B C B A B D A A A B A D B A A B B A C C C C D B B B A C D B A C C B A C A A D C B B B C A B A B D A B A B D B A C C C B D D C C D C D A A C D B A D C A C C D D B D D A B C D. Start: D. Hop 24 times.,B,A,False,f5d49d73,4,[FINAL]  A [END],7.914891453999189,4,975,False
p_hop,24_hops,Sequence: A C B A D A C A C D D B B A B C A A A A B C C B C A D D B D C A A A D A C D A D A C C C B A A A A D A D C D B C C D B D B B B B C B B C B D B C C C B B D A C A B A B B A D C D A B B B D D B A C D C B D A B D D B C A D A D C C C D C C A D A C A B B B D A B A B D C C A A B C A D B C A D B D D D B C D C C A B A D C B C B B D C D D B B A A B C A B C D A D D D C B D C C A A B D A A C D B A A A D A C D C C A A D A D C B D A D C D C C A D A B B A C C B D A B B A A B D C D A D C A D B C A A A C D A A B D B A B D C. Start: D. Hop 24 times.,D,A,False,4f8758af,4,[FINAL]  A [END],7.9225014089997785,4,975,False
p_hop,24_hops,Sequence: A D A C B B A C D B A A C D A B B D A D C A A A D D A D C C C A D D C B B C B C B A C C C B D D C A B A C D B B C C D B D A D B D D C B A D D C C B B A D D C A C D B B D C B A A C C A C A B B A C D A A C C D B B A A D A B B B A C B C A A D A C C C C A C D A D C A D B A C C C A A D B B C D D C C A D C C C B D A A A C D C B C B B C B C A A D C B C B C A C B C D C A C B D B B A B C C D A D B D C C B A A D B B C C B C B A B C A D A A D A A B C C A B A A D C D A A D D D D C A B D D D A D B B A B C B B D B B D C. Start: C. Hop 24 times.,D,A,False,fc66285d,4,[FINAL]  A [END],7.866783497000142,4,975,False
p_hop,24_hops,Sequence: B D A B B B B D A B D D D C D B C B B D D A A B C B D B B D C D D B B B C D C D A D B C C C C B D A C B C A A B A B B D A C D B C D C C D C B C C D D B C C C B A D B B B B B A D D B A B A D A C C A C D A B A A A D C A C A D B B A B B A B C C B B A C A B B D D A A B C D D D B B A B D D D D A A B C C B B B B A A B B A D A C B B A D A D A C B A C B D A C D A A C A B D A B B B D A C B A D A D D C A C D A C C B B D D D B D B B B D A B A A A A D B C B C D D A D C D D D C D D A C C C A D C B D B A B D B D B C A B. Start: B. Hop 24 times.,D,C,False,1f6ee617,4,[FINAL]  C [END],8.250753586999963,4,975,False
p_hop,24_hops,Sequence: D B D C D D B B C A A B C A D C A C A C D D A D A A C A C D D B D D A D B A D A D D D B C D C B D B B C D C B A A D C B D D D C B D B B A C D B D C C A B B D A C B B B A C D C B C C B B A B B D D D A D A C D A A A B A A C B B C A B C C B C B C C A B D B D C C C B A D C D B D C C B C B D C A D D C A C A A A D C C A C C C B D B C C B D B D D B A B D D B C B D C A B A C D D B A A C D A A D B D C B C D D A C C D A D A D C A C C D B A D C D B A D A C D C C D B D B A C D C B D D B D B D A B A D B D C C A C D B D. Start: A. Hop 24 times.,D,D,True,fadef8d1,4,[FINAL]  D [END],7.839768988000287,4,975,False
p_hop,24_hops,Sequence: A B C A B C A B B A A D D D A A B D B C B B D C D C A C A A B D B B A B D D B C B D A B A B D D B A D D D D D C B B A C A B D A A B A C B B B C A C A C C B A A C A D B C C A D D C B C B A B B C B A D A B B A B C C B B A A C C D A A C B C C A D B A D A B D B D D A A A B A A B C B D A A D C D C C B D C A C A D A D C A A C A B A C B A A C C D D D D C B A B D D C B B D D C B C D B B A D B B D D D B D A B A B D D C A D C C B A D A C A A A B D C D C D A A B D D C B A B D D B C C D D D D A A A C D D C D C A D C D. Start: C. Hop 24 times.,B,A,False,82bcc224,4,[FINAL]  A [END],7.847948671999802,4,975,False
p_hop,24_hops,Sequence: C B D D D D C B A D C C C B B B C B C B C D C D B B C C C B B D C A A D C A C D B A A B D A B B B A B C C A C C D B C D B A A A A A B C C C B D B D C C C D C D A B C C B B B C A B A D C C D A A C A A A C B C D B D B A D A D A B A A D B A C C B D C B B B B A D A D C C B A B D B D D C C B C C B D D D D A B C B C B C B B B C A D A C B C D A A C B B C D B A B D D A C A D D A B C A D C C C B B A C A B C B B D D A C D D C D B D B B D B C D C A D C B B D B C A B D A A C C D C A B B A D D D C C A D A C A D C C A D. Start: B. Hop 24 times.,C,C,True,fd99b53b,4,[FINAL]  C [END],7.8682111380003334,4,975,False
p_hop,24_hops,Sequence: B B A B D A C D C B C B D B C D A B B D A D C C C B B B A A A C C C A B B B D C C C D D D B C A C D A B B C D B A D B B D A C A D C D B B C A B B A B A C D C C C C A C B D D D D C D A A C D B D B A A B A C C B A B B B D C B D A B A B D B C C D A B D C D D A B C D A B A B B A B B A B D B C A C B D A B C A D D B A D B D B A A C C C D C D D A B B C C A A C C A A B A D C A B B D D D B A A A C D A C B A B C D B C D D A D D A D B B B A D D A D D D C B D D A C B D A C B A B C A A C C B C C B A A B A A D A A C B C. Start: D. Hop 24 times.,D,C,False,521e8bfc,4,[FINAL]  C [END],7.899176220999834,4,975,False
p_hop,24_hops,Sequence: C A D A B B D B C B D B B C C D C B D B B D C C D C A B D D B A A B B C A A D A B A D C B A C B B C C C B A C B D B C A B B A A A B A A C C A B B D C A B D B D B B D C D A A B A D D C A C C C A B C B B D C B C B A C A D A B A C A A D D D B B D C C C B C D B B D D D D B B B C B B B B B D B D D B C D C C A C D C B C C A A B C B A D A D A B C C B D D D D A C B C D C C D D B C A A D D B C D B A A A A C B A D B D D C B B B A B C D C C B C B D C C C B A D B D B D B B B D D B B B B B B D B B A C C D C A A A A A C. Start: B. Hop 24 times.,A,C,False,ce946739,4,[FINAL]  C [END],7.969484712999474,4,975,False
p_hop,24_hops,Sequence: D C A D A A D D A D C C B C B C C B B B B D B D B D D C B A A A D D C A B D A D A D A A C D A A D D D D C B D A B B B D C A C B B D A B B B B A A A D C B A D A B D A C D B A B A B C D D B A B B B D C C C D A D C C B C A B D A C C D A C A D A B C B C D A D A C D A D A B C C A A D B D B D C C B D D C B A D C A C B B A A A B A A A B D A D C D B C B B D B A C C D A C C B B A A A B D A C A D D B D A B C C A A A B B B D C C A D A A C D C D C B A B D C A C A C C B A B D B A A D A A A D B D B B B A D A C B C A A D. Start: D. Hop 24 times.,D,B,False,de13fa0f,4,[FINAL]  B [END],7.896218375999524,4,975,False
p_hop,24_hops,Sequence: A A D C B B C C A B B B C A D C C C B D C C D D B B A B C B B D D A B D D B D D B A C B A B D B B D D D B D D D D B C C C C D D A B D A A C C A B A C B B A A C D C C B A A B D A D D A C C C C B D A C D A D C D A B C D B C D C D D B A D A C B B C C A D C C B C B D D C C C B A D B D B A A C C A B B A A D A D D C B C D A C A B A B C D A C C B D C A C C D B A A C B A A B A C D A C D D C D C A B D B C D D D D B D C B C A D B D D A A B B C C A B D C A D C C A A A A C D B B B D C A A A B B B A B C A D C D A B B D. Start: B. Hop 24 times.,D,B,False,574399d5,4,[FINAL]  B [END],7.83226910600024,4,975,False
p_hop,24_hops,Sequence: C A B C C D C B C A D D C D A A B C B C D C D C D A D D A B C B B A C B B D C C C B B B B D B D A C D A B C B B D D B C B D C B C C A B D C C D C D B A D C B C B B A B A A B C B C A C C B C A C A C A B B A D B B A A B A B C A C C D D B C D C A A C C D B A D D D A D A D D A B A C C D D C A B C D C A D C D C D A A D B A D C A B C C D A D C A C C C A B B C A A D C B B A C C D D A A D D B D C A C B B C D A A A B C C C C A B D C B D C B C C B D D D D D D B B D C B C B B A C D D D B B C B A B B B B A B C B A A A. Start: C. Hop 24 times.,A,A,True,bfed1510,4,[FINAL]  A [END],8.30147047599985,4,975,False
p_hop,24_hops,Sequence: B B D B C D D B C B D C B D A D A B D C A A C B B B A B B D C D B A B B A B A C A B B B C B D C A C C B D D A A D A B D C B D B D C B D D B D B C D A A C B A D D D C B C A D A B D C C D D D C C A B A D B C C B A C C D C D A D D B B D D C A D D C B D D C C C A D B C D C A D C A A C A C C D C D B B A B D B D B A A C A A A A D C D D B D C D A A D C A C A C C A A C C B D C A D A B C B A C C D B A D A B B D D B D C B A C D C D C A C B A D B D B B C A C C D B C B D C A B D D D C D B D B A D B D C C C B C C A A C. Start: B. Hop 24 times.,C,A,False,73eb3223,4,[FINAL]  A [END],7.832406989999981,4,975,False
p_hop,24_hops,Sequence: C A C B B C D A B A D B C A C B D D A C D A B D C D B C A A A B A A C D B A C B C C B C A D A C C B B B C A D A C C C B B B B C B C C B B D A D A B D B C C B C B B A C B B B C D B A C B D B B C C C A D C D C A D D D C D B D B A D D B B D D A D B D C D D D B B A D A A D A B C B A C C C A A D A B B A A B B D C B B D B C B A A A B D D B D D B D C D D D D B A A A D C D C D C A C B C C A B A D B B C C A D A D C D C D A C B B C B C A B A C D B A A C C D C A C D D B C C C B A A D D D D C B A B A D A A A C C B B B. Start: D. Hop 24 times.,B,C,False,cf792ed3,4,[FINAL]  C [END],7.890879223999946,4,975,False
p_hop,24_hops,Sequence: A A D D B B A B D B B C B D D D C B C C A A D B B B A B C C B B A B D D C C C D D B D C D D B C B D C C B D C D D B D B D B A D A B D B A A B B B B C C D D C B B D B A B B C B B D D A A A D C C C D A C A D D A C A A A B C B D A B A D D C C B D B D D A B B A B C B A C A C D A C C C A C A B C C C B D C B C B A B D D C A D C D D A C A C B D A A B C D A C A B B D D B C B C C A B C C B D A B B D B A D A B A B A C B A D D A A B D D C D A B B A C B B A B A B C B D B D C A C A A B A B C A B C A D A D A B D D D C C. Start: B. Hop 24 times.,B,C,False,fadb0b5f,4,[FINAL]  C [END],7.882548220999524,4,975,False
p_hop,24_hops,Sequence: C B A C B A C C D C C A B D B B A B C B D C D D A C A B B D A B D A D D A D A C D C A D B D C B D B D C B B D C A A C B B C C C B C C B A B C A D B B B B B A B A A C D B D A C A A D C C C C D D C A D B C C B D C C D C B C B B A D A A C D C C B C C C C D C A D B C B D D D C B D A A D C A A A D A B B D C A A C B B C A A A D D C B D D D A C B C D C B A A A A A C A D B A A B D B D D B D C B C A D D A C C D B C A B D A B A C A D A C D D C C D D D A A A C B D D A B B D D A B C D A A A B B C D B C D D B B B B D C. Start: A. Hop 24 times.,D,C,False,838f01b6,4,[FINAL]  C [END],7.916422866000175,4,975,False
p_hop,24_hops,Sequence: B D B A B B C B D A B B A B D B D B B D D D C D C C A B C A C B C D A D B B D C D B C B D C C C C B C B D C A B A C B D A A C D A D D A D B C A A A A B D B D C D D B C B A A C C D A D C B B B D D A B D D A D B D B A C C A D A D B D B D C C B B C B A D C C D A A A A D D D D A D B C D B A B D C C D B B B D C D D D C C B D C B D C A A B D C A D A D B A B C C A C C A D C B B D A A D B C C A B D D A D B C A C D D B D D D D C A D C D B A D C C D B A D A A B A B D C B C C D A A A A D D B B A C D C D D D D C C B D. Start: B. Hop 24 times.,C,C,True,f54cbaab,4,[FINAL]  C [END],7.909663774999899,4,975,False
p_hop,24_hops,Sequence: D B D B B A B C B B D B B C A B B A C D D B A A A C C C B B D D A C A B A D B D C C B C B D D C A A D A D C A D C A B B A B D A A D A C A C C C D C A A A A A B D D D A D A D D B A B C C C D A C B C D A C A A B A A D A C D D A B D A B C D A B D A C D B A B D D C B C B B B A A B A D C A B B B D A B C C D C D A B A C C B B C B B B A C C C C A C D A A D B C C A D D B B C A C A C C C B C A C C D D B B C A D A D B B A C B C C D D D D B B D D B C D B D A D D B B C C C C C C B D D C C A C D B A C A A B B C D D D D. Start: D. Hop 24 times.,B,A,False,3204e30c,4,[FINAL]  A [END],7.855164730999604,4,975,False
p_hop,24_hops,Sequence: D A D D C D D B A A D D B A D D C C A D A B B D D A A C D C C B C D B D D A C C C C B C B C C D B D A C B B B A D B B D A D C B B A D D D C D A B C C A D C C D D A A C D A C B A C C A D D C D B A C A D D B C D B A D D D C A B D C B B D C A C A C B D C D A A C D A C B A C C C A D C C C B A C B A B D B D D A A D D C B D B D A D C A D B B A D A A D C A A B A C B B C A C B D B C B B D A A C A B B A D A A B A D D D D C D A C A A C C A D D A C D A B D A C A A A D D C B A B C A A D A C C C D A A A D C D D A B D D. Start: D. Hop 24 times.,D,A,False,4b4323db,4,[FINAL]  A [END],7.85792235200006,4,975,False
p_hop,32_hops,Sequence: C C A D C A B A D A C C B B B B D A A B C C C D A C C A B A A C D B D A D A B A C A A D D B B A B B D B D D D D B C A D B C D B D A C A D B C D C B C A A A C D D A B C B C D C B D B B C A B A A A D C A C B A D D C A B C A B A A A B A D B B B B A B B B C C D C A A C A D C D D A D D A A D B B B C C B D B B D B D A C B D C D B D A C D A A B C D C B B C A C A A A C B A B A B B A C D D C B C B A C B D C A B D D C B D C C C D A D C B A D B C B C D A D C B D D C B D A B C B C D B A A B C C B C A A D A D B D D B D. Start: C. Hop 32 times.,D,B,False,b2dcec9c,4,[FINAL]  B [END],8.246928683999613,4,975,False
p_hop,32_hops,Sequence: B A C B A C D A C D C D D D D D C C D A C D C D D B C B B B C A C C D B B D B D B A D C B B B D D A C A D D B D B B B D B A D D D C C D D A C D A C A C A C C A D C C D D D D B D B A C B A B A A D C A B C A A A C A B A D C A A C B A D A A D D A C C C D C D C D A A D B B C A B C B C A B B C D D A A D A B D B B C C A B D A A B C D A B B A B D A C B D D A C C B C A A C C B A D B A B A D C C B D D C A C D C C D D B D D D C C A D D C A D D D D A B C C C B B A B C A B C A B A A B B D C B D A C D D B D D D D A A D. Start: A. Hop 32 times.,C,C,True,f34c7ecd,4,[FINAL]  C [END],7.801445583000714,4,975,False
p_hop,32_hops,Sequence: B C A A B C A C C D C B C A D C C B C D D D A D B C A B D D D C D D C A A C B A D B C C B C A A C A C C C C B B B D D C C C D B D C A B A D D B C D A D B D B B A A C C D B B A B D C C C B D C B A C A B D B A A A C A D C B A B D A A B B B D A B A B A C C A D D B B D B A B A C C D D A D B B D D C D C A C B D B A B A B A D A B B D B A A B D D B C D D B D C D A D A D B A D B D C B B A B C B C B D A B D A D D B B B C A A B B D B B B C C A A B C A C D C B C C A A D B B B D A A B A C A B C D C C C A C A A C B D D. Start: A. Hop 32 times.,D,C,False,de39541d,4,[FINAL]  C [END],7.8387302000001,4,975,False
p_hop,32_hops,Sequence: C D D B D C B B A B B D D B C B B D C D B C D B C C D D A D A C C C C B A C B C C C B B A A D B D C B A C D C B D C B B D B A D C D D D C D A D B B C B C B A A D C C D D C B A D C A A B A B C B D A D A C C B B A B C B B B C C A D D B B A A A A C C A C D B D B A C A C A D C A A D C C A D B D B C A C C C D A C A D C C C B D D A A A B B A C B D A B A D A C B D A B D A D B A C A D A A A D A B A A B B C A A C B B A C D D C C D A A D B A B B A C C B A D A B D B D B D D A A D C C A D D A D C C C A C A C D C D D D. Start: C. Hop 32 times.,A,C,False,196540a2,4,[FINAL]  C [END],7.863737382000181,4,975,False
p_hop,32_hops,Sequence: B D C D C C B B D B A B B B A B B C A D A C C A C B B C C D D A C C B A A D A B C C D D C A B A A C C C B C C C A C A B C D B B C D A C B C C C B D B B C B B A C B A C C A A D C A A A B D A D A B D B C C A D C B D A C A B B B B D B D B B A A A C C B D C A A A D C D C C B D B B B D B A D B A C B A D A B D D B D A A A A D A C A A D D C D C D C D D B C D D A A B D B D A B D D D A C B A A C D C B B B C A C A A A A B D D C A C B A D D C D C B C C C B A B A C D B B A C A D D A A B C B A A C C A D D B A C A B B D. Start: B. Hop 32 times.,B,A,False,5c56b7aa,4,[FINAL]  A [END],7.923156091999772,4,975,False
p_hop,32_hops,Sequence: D D A D C A A D D C C D D C C D B C C D D D B D A A D B B A C A B A C C B C A D C A A D D C B B B A C B D C B A C D A B C D C B A D C C C D B C B D D C B C B A B A D A A A D A A A C D C D A C B A C A D C A C D C D A A D C B A C B A C A A D B C B C B D B D D D B D D D C D B C A D D A D D D B A A A D A C A C D B B B D B C C A A B B C A D B B D B D A C A C B B B B D D A D C C D A A D A C D C D B B D A B C C B B B D D C C C A D A C A A D D B C D C B C C A A C B C B B B D C D B C A C C D C D A B D A B D C D C B. Start: D. Hop 32 times.,C,C,True,72fe0cf5,4,[FINAL]  C [END],7.868470499000068,4,975,False
p_hop,32_hops,Sequence: C A A D C D D B B A C D A A C C C B C C D D D C D B C A A C D D D C C A A C D A A C D C C A D D A D A D A C C B A A A D D C C B B A D A B A A A D D B D A C D D D A C B A A A C C B D B C B C D B B D B A B B D A D C A A A C B B D B C A C A B D A C B B B C A D C D B C D C A D A D D A A C B C D D A A B C B C D A C D D A D C D C D D A B A A C B B C A A D B D A D A B C B B A C A A B B A D A C C C D B C D A D B A B A D C A D D C D A D B C C B A D A A C A C C C A C D B D B A D C D A C B D B A A B D A A D A D C C C. Start: D. Hop 32 times.,D,C,False,9cd1d8cf,4,[FINAL]  C [END],7.856215541999518,4,975,False
p_hop,32_hops,Sequence: B A B A D B C C C A B A B D A B B B C B D B A B D B D D B D D D A A B C A D C C C A D B C A C B A B D B A A D D B B D D A A A B C A C A C B D D A A D B C C C D D D A B C A B D A A D A C D B D B D C D B B B C D C A C A B A B B A C C A B B A B A C C B A A B D B C C B A B B B D D A D B B A D B C B C C A B D A D B A B C B A B A A A B A B B D B A B B B B B C D D A A C A B B C D D A A D A B C D B A B D A A A B A D D D D B D A A A A C A D C C B C B C B B A B B C C D A C C C B B C D B B B D C C D A D D D D B D C D. Start: D. Hop 32 times.,D,A,False,11611368,4,[FINAL]  A [END],7.886587943999984,4,975,False
p_hop,32_hops,Sequence: A D D B C C D A D B C B C C C D B B A D A B D A A A B B D A C C C A D D A C C C C A C B B C D C D B A D D D B C C B A D D C C A C C B D A C D A A D A C D D D B A B C C A A B D A A B B B A C B C D A B D B C C B A B D A C B A B D B D A A C B D C C A B B B D C D D A A A D B A C C C A D D A A D C C C D C D C C D C C D B A A A A C C B A D D A A C C D D C B B C B D A D D D A B D C A A B B D C A B A D A A A C D A D A A B C B C B C D C B D D B A D B A B D A A C A D C C D B C A A D D A C B B A D B D A C A B B A D C. Start: A. Hop 32 times.,C,A,False,1e6e956a,4,[FINAL]  A [END],7.88667866600008,4,975,False
p_hop,32_hops,Sequence: A B D A B B C B B C D B A B C B A D C A D B A B D D C D C C B B C D C C A C D B B C D C D A B C C A B C C A C A C B D D C B B C C A A D D B A C C B A C B D A A A D C B B C A C B A B B B B C A A D C D B D B B D C C B A A B A A D C B C A C B D C B A C C A A C C A C C C B D B C B D D B D D B A B C D B B D D D C B D D A C D D B A A D C B D B B B C D D B D B B A C A A D B D A B D D C C C D A B D D A C D B B A B B A C B C C C A B D D D C B C D C A B B B D B A C B A D A B B C B D D B D C C A D A C B D C A A B D D. Start: C. Hop 32 times.,D,C,False,95bd7f54,4,[FINAL]  C [END],8.286061013000108,4,975,False
p_hop,32_hops,Sequence: D C C B B B B B A B A D D C A A C A A D D A A D D C C B B C C C C C C D C D D C A B C A C B D A A A C A A D B C B B C C D D A B A D C C D C C D D A B B D A D D D C B A C A C A D D B D D A D A D C C B C A D D B C D B C B D B A D D C C A A D C D D D D C A D D C A C A B C A B C C C D A C D C A C B A A C D D A B C D B D A B D C C A B D A A A D C B C B D B D C B A C A B A C B C C B D B C D C D C B D A D A C B A D B D B C A C D D B D C D B A B B B C C C A A B A B C D D C C C C B B B B C B A B C A B D A B B B C D. Start: B. Hop 32 times.,B,C,False,467731fe,4,[FINAL]  C [END],7.837287805999949,4,975,False
p_hop,32_hops,Sequence: A B C D D D C C C D C C B B B D A A D C D C B D B A A A C A C B B A A D B A A C B B B C B A B C C D C D B A D B A D B C A D C A C B C A D A C C B B D D B A C D B A C B C B B A D C D B D D D A A B B A C A B B C A A B B C A A D B A C B C A C B A B B B C A B D C B D D C D D C A D B C D D A D B D D C C B B C D B B C D A A D A B B D A B B C B D A A A B D C C B C B A D A B C B A D B D C C C A B C B A B C C A D A C B B B B A A C B B A A B A B B C D A C D A D D D B C D A B A C A C D A C B A A C B A C D A D D D A B. Start: B. Hop 32 times.,D,A,False,bbe427c8,4,[FINAL]  A [END],7.844454256000063,4,975,False
p_hop,32_hops,Sequence: C D C B A C A D A A B C C C C D B C B B C A C C C C D A A D A B C B A B D B D B B C B B D B B D A D C C A D B B C D A B B B D D D C A A B D C C D B A B C A D B A A A C A D B D B D C A B D C A D C D D B D D B D C A B C B D A C C C B B D C C C B C B A B A C B D D A C B C B C A B C A D B B A A B C A D C B C A C C C B D A C B B A A B A C A A D C C B D A C A B D A A B C A C A D B C D D D A B B A C B B C B D A C B D B D A B C B A D A A D D C C B B C D D D D A D C B A B A C C B C A A C B B D A B D D D C B C C D A. Start: C. Hop 32 times.,D,C,False,3391b068,4,[FINAL]  C [END],7.924097821999567,4,975,False
p_hop,32_hops,Sequence: C A C A A C A C D B D B B A C C C D C A C C C D B C A C C D C D B C D A B B A A A A B C B A C A A C B B B A C A D C B C C C B B D D D C C C A D D B B C B A C D C C C C A A B C C D D D A A B C B B D D C D C B B A D B A C D D B B A A A A A B C B C D C B B B B B A C C A A C B D B D D C C A C A C C B B C D C B C D D B A A A D D A A D C C B B C C D C A D C C B C D D A B D C A D A A B C C D D B A A B C C A B C B D D A D A C B D A C B C D D D A B B C D C D D D B C C B B C A B B D C D C C A D C C D C C B B C C B A. Start: C. Hop 32 times.,B,C,False,01220576,4,[FINAL]  C [END],7.898351760999503,4,975,False
p_hop,32_hops,Sequence: B D B D D D D A A C C D A C C B C C D B A B C A A C B D D C B B C B A A C D A A A C C A B C B C D B D B B B C B B D C C C D C B A B B D C D D D D C C B A D C B A B A B D A D B A B C A A B A B A D B B B A D C B A C C A A D D A A C A D B A D D C A A B D B C A D C A B C D D B B A D D C B C B A A B B C B A B D D B C D B C D B B D B C A C C C A B A C B C D C B A B B D B A C C A D B A D C A B B B C D A C A D C A D D B A B D A A B D D D A C C D B C B A B D A A D A A A B C A C A A A A D A B C A C A B A C B A D C C. Start: D. Hop 32 times.,C,C,True,d661f262,4,[FINAL]  C [END],7.862782449000406,4,975,False
p_hop,32_hops,Sequence: C B B B A D A B B D C A B B C D D C C D D A C C C C D C D A C A B D C C C B B B C A D D A D C B D D A D B C D B C B A A B D B D D C B B A A C B D B A A B D A D B C D A C A C D A C B A D B B A D A C B C A A A B C B C A B C B A A D C D C D D D A C C C D A D D B B B D D C A D D D D A D D A A D A A D A B B B B B C B C B B B D A A C B D A C D D A B A C B B C A D D A C D A C D A C A B A B B A B B C B A D A B D B A C C C D B D A B A B B A C C C B B D C B D D B A B B B A C A D B A B C B A A C D B B A A D C C A B C. Start: D. Hop 32 times.,C,C,True,bafac3f6,4,[FINAL]  C [END],7.876155671000561,4,975,False
p_hop,32_hops,Sequence: A B B D B B D D D C C B D D D C D D A D B A D A A D C B B A C D B C C B D A B C A B A B D B B A B A C C A A D C C D A C D C A D A B B C D D A C A D B C B D D C C D D C A D C C D B B C A B A A D C D B A B B C B B D C D A C D B A A C C C B A B B A D A C A C A B A A D A B C A D A B B B B C A C C C D A B D A A C B B C D A B D A D C A A A C D B A C B D B D A B D C B B A B D B D D A B C B D D D B D A C A D A A C C B A A A B D C C B A A B D B A D A B A A D D A C C D D D B C A B B C B D C A B C B C D A B C C A B C. Start: A. Hop 32 times.,C,ERROR,False,2ba7c659,4,Experiment failed: 5 repeated outputs,0.0,0,0,False
p_hop,32_hops,Sequence: B B C A D C D D D A D C C C D B A B D D A B C C A D D C D D A D C C D D B A B D C B D D A D A D A A B C B D C A A A A B B C D D B D D D D D B B B D C B A C A B D A B B B D A D B B B B C D B D A B B D A C D B C D C C C D C D C D B D C C A A D D B C B B D D B C D C C A B C B D A B C C A C B A D D A A D D A B A D A C D D B A D C B D A A C C B C A B D C C A B D D C D C D D D D D B C C A D A B C C C A D D B A D C D B A A D C D A C B D C A A B A D D B A D B D C C B D D B D D B B A C A D D A A C D D D D D D C A C. Start: B. Hop 32 times.,A,D,False,353be29f,4,[FINAL]  D [END],8.268368013000327,4,975,False
p_hop,32_hops,Sequence: B C B D D A B D A D A D A C D B C C A A A B B D D A C A A C B D A A D C C A D C A B A A A D A C A C D B B A B A C A D A B A A D A B C B D B B B C A C B C C C B B B B D A A C B A B C D B A C A C A C B B D D B C A C D A A C A B B B D C C A D A C B D D C C B B C D A A B B A B A C C B A D B B C B A C D A A D B D C D D C C C D D A C D D D D D D D B C A D A D C C D D A D D A C C D C A C A D A B D A C B B B A D B A D C B A B A A B C D B B B A D B C C C D B B D C D B D A A D D C C B B B D D C C C B A C A B A D C C. Start: D. Hop 32 times.,B,C,False,52f4f794,4,[FINAL]  C [END],7.872673701999702,4,975,False
p_hop,32_hops,Sequence: D C C B B B B C B A B C C C C C D C C B D A B D A A D C C C A A D B B A A A C D D B D C B C B D A A B A A B A C D A C D C A D C A D D B C D C C D C C B C D B D C A C D D C D C D D A C D B D B D D C D B B D A D B C D C A B A B C B B B B C A B C D D D D B D C B C C B C C D C A D D B C A D C C D C A D D B A A B D A D B C A A B D D D A C D B A D D C C A B A D D B C B D D C D B C D B B C C A D A B B D C B B B A D A B D A C D A D D A A B C D D A A B B C D B A A D A D A B B D B D B D D A D B A B A A A C D C C B B. Start: C. Hop 32 times.,B,C,False,90de8940,4,[FINAL]  C [END],7.8909220129999085,4,975,False
p_hop,32_hops,Sequence: C C A A D B D B C C D C D A C D A B D C A D D C D D A C A B A A C A C C C B A D B A B A D B C A D A D D B B D D B A B B C D C C C D A A B D A D A B C A D C B B A B A C C C B B A A A C D D D A B A A C B D B D D B C D C B A C B B D D C A A C D D C A D C C D C A A C A B D B B C A B C A D D D C B D C A C A B A A B B D A C D D D C A D D D A D D D B B B B D C C D B D C D B C A B C C A A A A A B A C D C A D B C C B A C C B D A B B A D D D C C C C D D C D D A C A A C C B A D C C C C C A C A A B A C C D A A D C B B. Start: C. Hop 32 times.,B,C,False,38ffb707,4,[FINAL]  C [END],7.917190807999759,4,975,False
p_hop,32_hops,Sequence: D A C A B A D B B D A C D D D B A D B C B B D A B D D C B C A D A D A C D C D D D A A B C C C B A C B A A B C A B C B D A D D D C A B D D B B A B C A C D B A B D D B C D B A B B A D C B A D C C D B A D A D C A C C A B B C A B C C D B C A C B D B B A A C A D D C D A B B B C C A A A D A D A D D C C B C D B A A C D C D C D C D B D A C D C A C B D A C B B D B C B D C D B D B B C A C B A C A B C A A A B C D C D C C B C D B A C C C D B B C C A C B B A B C C B C C A A B B A D A A C B D D A C A D D C A B B A D B A. Start: A. Hop 32 times.,A,B,False,b705bd9a,4,[FINAL]  B [END],7.8506275529998675,4,975,False
p_hop,32_hops,Sequence: D A D C B A C B B B C A D A C B C A D C A C B C A A C C D A C B C C D C D C B C A B A A C C A A D B D B D D B D B A D A A D A B B A A D A A A B A C B C D C D D A B A A C B A C A A D A C C C D B A B C D B C B A A D A D D B A A C C A B C A D A A B B B C D C D C B A A C D B C A A A D D B C A C C A B B D B A A B C D B A C C B D A C C B B A D C C A B A C D D A D A C D C C D C D B A B D A C B A B C D A B A B D B C A B B B A A C A C D B B A D C B D D B D D A B B A D A A A A A B B A A B C C C D C B A A B B A C B B. Start: D. Hop 32 times.,A,C,False,4ecf5e9c,4,[FINAL]  C [END],7.852973130999999,4,975,False
p_hop,32_hops,Sequence: B B A C C D C C A D A C D A D B B B C C D C C B A C D C D A B A B C A C C B A B A C D B D C B D D A C D C A C A B D A B B D C B D A C D A D C C C C D D B D D A A D A A B A B B B B C B A B B C C D C A B B B A B C C C A B D C B A B D A B B A A C A A C A D B A B C D B B D C B A B C D B A C C A D C D C B C D B B A D D D C B A B B A D A D B D A D D B B B D B A C C D C C B B C A D C D B B C D B B A C B A D D A D B D B D C C B B C D A C A B D C A C B C B C A B A B B C B D B B D D A B A C D A D C C A D C B C A C C. Start: C. Hop 32 times.,D,C,False,2cee1b2d,4,[FINAL]  C [END],7.876798180999685,4,975,False
p_hop,32_hops,Sequence: C D A A C D C C A C B B B C B A C B A B D C A C D D A B D D D B A A A B D C C C A A D B B B D C A B C D D D B D D B B A B D C C C C A C B B D B B B B B C A D C D D C B D C B B B D D D A A A A D C A A C C C A C D B C B A D D A A C D A A A A D D B C C A A B A C B C C A B C C C B C C A B A C D B C C C D C A C D B A C A D D A A D D C D D A D D D A A C D C A D D B D B B B A C C D C D B C C D B B D D D A B C B C D D D C A C A B D A D B C C B C C C D B A C A A A A B B D D A A C B B C B B C A D B D B C D C A A C C. Start: C. Hop 32 times.,B,C,False,83b3e94c,4,[FINAL]  C [END],7.798775879999994,4,975,False
p_hop,32_hops,Sequence: B B B B B C A C A A B A A B D C A B D B C B D B B B D A C C C D C D A C C B D A D B C A A B B D B A C A A A D C B A B D C A B B A C C B A C C A C B B A C C C D B B B A A C A D A C D D D A D D D A A A C D A A D D D C D D C D B A A C C D A D C B A D B C D A D A C A D B A D C D A B B D B C C B A A D C A C A B D D A B A A B C A C B A A C C B C D D B A B D D C B C C B B C B B D C C B D A A C B A B D A D D C B A C C A A B D C C B C B D A C D A C C A C A C D B A D D A B A D C B C A C B D B C A C B D A B C C A C C. Start: A. Hop 32 times.,C,C,True,45d4ead7,4,[FINAL]  C [END],8.229134026999418,4,975,False
p_hop,32_hops,Sequence: D A B D B D B C B C A C B D D B C C B A A A C A C C C C D A A A B A B B B B A D D D A B C B A C D D C C C B C D D D B B D D C A B D C B A B D B D A D C C B B C A B C D A A B A A B B D D A A C A A A B D A B B D B B D D A A B C B D B A A A D D D B C B A C C C A C A B A C C C C C B A C B A C A D D C D D B C D B C C C C A D B B B A D B A D D D C A A B B A D D C D C C B C D B C D B D D A C A A C C B D A D B D C B B C D A D C C D C D D B A B C A A B C D C C D A B D A D D D A D B D C D C B A A B C A B A A B B C C. Start: C. Hop 32 times.,A,ERROR,False,8689387c,4,Experiment failed: 5 repeated outputs,0.0,0,0,False
p_hop,32_hops,Sequence: B B C A A D B D D D C C C A C A C A D D C A D A C C D C C C C C B A D C A A D A C B C D A C A C C A C C C C A B A D D A B C D B C D A A C A B A A B D B D D A B D A C C B B C D D A C C C C C D B B B C A D B B A A A A A C C C D C D B C D A A A C C C B D D B B D B B C A B B A C C A A C A D C C A A B B C C C C D B C D C A B C B C D A A D C A A A C B C A D D A A A B C B B C A A C C A C B A D C B D D C C C C D B B B D C D B C C C B D D A C C C D D C B D C C A B A B C B D A B D B D D C C D C C C C D D D C A C B D. Start: D. Hop 32 times.,C,ERROR,False,ddd9e262,4,Experiment failed: 5 repeated outputs,0.0,0,0,False
p_hop,32_hops,Sequence: C A B B B D D B A C D B A B B B C C C B B B C C A A A B C C D B A B B D A A D D B D A A B C A A A D C A C D B B D D C D D C B B A C A D C D A D D B A B A A A A D B A D A C A C C B A D D D D C D C C D A C B C D B B D D B B A B B C C D A C B D A D C A C C A B C B A C D A C C C D B D C B A D B A C A A A B B A D C D A A B C B D D D A C B B C A C C C D C D A A A A B B C C B B C D A C C A B B D C D B C A C A A D A D A C D B C A B C D A C A A A D C B D A A D D C C A A D B B D C A A B A B B B C C D D A C A B D C D. Start: C. Hop 32 times.,B,ERROR,False,1031b9de,4,Experiment failed: 5 repeated outputs,0.0,0,0,False
p_hop,32_hops,Sequence: B C B A B D C A C D B B C B A A A B B D A A D C C C B B B C C A D A D D C C B B C C B B D B C C D C D B B B D C B B D C D A B B D C D C C C A D C B A D C A B D C B D B C A A D D D A B C D A D A A A C B A C C A B C D C D D D D B C B B B A A A A C B A A D B D A B A B D D C A A C D A A D C C B B B B B B B D D A A D C A C D B A A B B D C C D D B C A A D D B C B D D D B A A D A B A C B D D A D D C D D D A D C B A D B D A C D C D A A A A D B A D C C B A A B B A A A C C C D A D B C C A A B C A A B B B C D C A C D. Start: B. Hop 32 times.,B,ERROR,False,0b32fb02,4,Experiment failed: 5 repeated outputs,0.0,0,0,False
p_hop,32_hops,Sequence: C C B B C A A A A B A D A A B B A C B C A D B D A D D C C D A B B C B C C D D C C D A D D D C B C C A C C C B D D A B B B A B C B D B A D D C C D C C C A B A D D A D B B A A C C A D D A D A B C C A D D D B D A D A B D C C B D A D C D B C C C A A B D D A B C C D B B B B C C D A A B C A B B D B A B B C A A C C A A B A C B B C C B C D B B A C D C C B A C A A D D D B D B A A D D C A A C C C B C B D A B B A D D C D C B A B D B D C C B D A B D B C A B B A B A C B D A A B C A D A D C D A B B A A C D A D A B A B A. Start: B. Hop 32 times.,B,A,False,20493aea,4,[FINAL]  A [END],7.891130285000145,4,975,False
p_hop,32_hops,Sequence: C A C B C C A A B A A A A D D B D C D D C A D D C C B D C D A D B C A A A D C B D A D D D D C B A B C D A C A D B D B C C D B D A A B C B B D C B C B A C C A D B C A A B B D B A C D C A D C B A D B B C D D B C A A C B B C D C B B D C B B B A B C B D C C B B D B A D C B D C B A A B A A B C B A D C C A D D D B C D A A A A B B D A D D D D A C B D C C D B C C B D C C D D B D C C A D A A D C D A A D C C B B B B D A B A C D B C D B B D D A C D B A C A A D B D C D D C A B B C B B B B D C C A C C A B B B D A A A A. Start: A. Hop 32 times.,D,D,True,ceda3316,4,[FINAL]  D [END],7.884608250999918,4,975,False
p_hop,32_hops,Sequence: B B C D C C A A C B A D C A C A D C A C B A B D B C D D B C A A C B A A B D A D C A A B D A D A A D A C D B B A B A A C D C D C B B D B D B C A B A A D B A C D D D C D D C D A A C A C A A D D B A B B D D D B C B C B C D C D B C C C A B C D B C C D C B D D C A D D A B C B D A B A B C D A D B B B B A B A C B B D D D C D B D D B A D D C D D D D A B B D A D A A C D D A D B C B B B A A B C A B C A D C A C B C A D D A B A C B B C B C B C A B D B A D A D A D B C B B C C D A C B A B B B B C C C C B B B D A A A C B. Start: C. Hop 32 times.,D,A,False,4549e262,4,[FINAL]  A [END],7.798572859999695,4,975,False
p_hop,32_hops,Sequence: B B D C C C C D C D C B B C D D A A A A B C B D B C C C D D C A D C C C C C D A A D C B D B C D D A B A A A A D B C C B A A D C B B C A C D A A A A A A C B B A C D D B D D C D C C B D A A D D A D C C D B A D D C C A D C D D B A B C B B D D B A C C A D B B D D D B D A A B D C D B A B D B A C B C B C C D D A D C C A B C B C B A B A D A C C B C C A C A C A B C B C A C A D C B D B D A B A B A B B C C D B C D C B D C D D B A D C D A C C A A A D B D D A A D A B A D C A C C C C A A B C C C B C D A A B B C B A B A. Start: B. Hop 32 times.,A,A,True,d31dab7c,4,[FINAL]  A [END],8.276329846999943,4,975,False
p_hop,32_hops,Sequence: B C C B C C D D B B D A D C D B D A B A C C B B C C D D D C A C D D C A C D B A C B C A D D D C C A D B D B B C A A C A B B A A D C C B D A D D A C A B D B D A C D A B A D D C D A A C C D C A A D D C D C A D A D A A C B A A C D D B C D C A A B D C D D A A C A C C B D D B D C C B C D A B B D B D A C A B A C A B D C A B B B D B C A B B C A C A C B A C D D C C D A D D A A A D A C A C B B B D B C D B D D C A C A D A A A B A D B B A B B D B D D C C A A B D A D B C B B A B B B B D B C A B C C C B A C A C A A A B. Start: D. Hop 32 times.,A,A,True,c23834e7,4,[FINAL]  A [END],7.820431762000226,4,975,False
p_hop,32_hops,Sequence: C C C A D A C A C C B A B A C C C A A A A C D C A A A C D C A C B D C C A C C C C A C C D C A D D D C D B C D D C B B A B D A D A B C B B D A A B B C A D B C B C A B D A C D B B B C D D A A D A D D C C C D D D B C B C C B A A C A D B C C C A B C C D C A B C D D B D B A B D A B A C D A D A B D B A D B A A A A B D A D B A A B A B D C D B C B D D D A B D D C D C B A A A A C B B C C A A B A A C D C B B C C B B B C C A A D A B C A B D B C B B D B C B C D A D C D C A B D B C A A B A B D D C C D D C B A A A D B A. Start: C. Hop 32 times.,B,A,False,3592658f,4,[FINAL]  A [END],7.839587926000604,4,975,False
p_hop,32_hops,Sequence: A D B A C B C B C D B D A C B A A B D A C B D A A B B C A D C B B A C D C A A D B D A A D D A A C C A D C A B C B B B B A B A B A D B C D A C C A D A A D A D A C D A B A D B B D C C B D D D D A B C A D B D A D B A B C A B C B A A D D D C C C A A D C D A D B B A B A C C D C C B C C C D C C D B B C B B C D B D D A A B D A C A C A D C A A D D D A D B B D B B B D A A C C D B D D D B B B D A D C C C B B A A C D C A B D B D A A A C B D B D D A D A C B D A C C D A D D C A C B D A A C B A D B D D C D C A C C C D C. Start: C. Hop 32 times.,D,ERROR,False,f80741b2,4,Experiment failed: 5 repeated outputs,0.0,0,0,False
p_hop,32_hops,Sequence: C D C C D C B A C A D D D A A D A A C A C D D B B A B D D B A B D B A D C A C D D D D C A B C C B D D D A A A C A A A C B C C D A D A D D B A C A A B A A A D B D A A C D B C A A B D A A D D C B C C D C A C B B D A A A A A B A B D C A D D C B C D A A A A A B A B B B C A C A B C A D C C A B B B C A A B C A B D C D B A C D A C C A A D B D C B A C C B D D C A C D A A A A D C D B A A C B C D B B D A D B C C C B C B A A B B C C B A A B D B D C A C C A D B B C A C D D C B D C C C D C C B A D C B C B A B A D A A C. Start: C. Hop 32 times.,D,ERROR,False,d6aee4b5,4,Experiment failed: 5 repeated outputs,0.0,0,0,False
p_hop,32_hops,Sequence: C A B B A C C C A D D B D D B A A C C A B B A A B B B D C C D A A D C D D A C C A C A A D A D A B A C A C A B B A A C B C D D A C D B D A B A A C D A B A D C D D B B B C D D B D D A C B A A B A D B B C B D C D A B D A C A D A D D A D D A B A B B C C A B B D B B B C A B A A A B B A C D C A A D B D B B C C A B B C A B C D B B A D D D A B C D A D C C D C D C D B C A A D B D A A C B C A A A C C A D B B B C C A C B A D B D A B D B C C C B B C C A D D C C A B C C C A C C C D B A D B A A A B A D C C A A B C B B A. Start: B. Hop 32 times.,A,C,False,ae686b9e,4,[FINAL]  C [END],7.8496979519995875,4,975,False
p_hop,32_hops,Sequence: D D D B D D A D D C A A D C C A B B A C A B C B C D B B C B A C A D C C A C D C B A A A C A C C D A A B D D D D D D A B C C A D A A C A A A C A D A C C C A C A B C A B A C A D A B B C B A D C C B C D A D C C C A A D B C B A C B D A D A D B B A B A B D A B A D A D B C B C C A D C C D B C C D B A B D D B B B C B B B C C C B A D D C C C D D A B B C C B B C D D A A C D D B A A D C D D D B C B C C C D B C C B C D B D D A C B A A A D B A A A A D A B A B A A A C D A A B C B C D C C D B C D A D D A C A D C A C A C. Start: D. Hop 32 times.,A,A,True,e6d3a76e,4,[FINAL]  A [END],7.8396121469995705,4,975,False
p_hop,32_hops,Sequence: A A A C D C B C A A B B A C D D A D A A D B D D B A B C D B C A C A B C A C C B C A D D D C C A A A B A C C B A D C A C D A B B A C D D B D B D C A B B C C C D C C B D C C A C D C A B D D B D B A B A C D A A D B C B D D A A D C D D A A A B D A A D B D B C A C D C C B B D A A B A C D A C A D A A C C B B D D D B D C D C D D A D D B D A A C D A B C A B A C A C B A C B B C D D C D B B A B D B C D A C D B C B C B C D C D B A C C D C D B B D C C A B D A D A B D C D C D D D B A C A A B B C C D C A B B C C C B B A. Start: C. Hop 32 times.,B,A,False,1335a244,4,[FINAL]  A [END],8.231806122000307,4,975,False
p_hop,32_hops,Sequence: B A B A C B A C D C C A A C C C B C B B A C B B B B A A A A C A B B A A C C B A D B D A C A D A B B D A B B D A C A D C C C D A A B A D A A B C C B A B B A A C C C C A C B A C C D C A D B C D C D B B D B C D A C C C B B A C A D D D D C C D A C C B D A D D A B A B B B B D A A D B D B C C D B B C D A A D C B A B C C D B D C D A A A D A C B A A B D B C C A D A A C C B B C C D C B D D B A B C A D B B A B D C C B B A C B B A A C B B D B D C D C A B A B A A C B A B D B A D A D C A A D D C A C B C D C B C C D D A. Start: B. Hop 32 times.,D,A,False,b1da9c2d,4,[FINAL]  A [END],7.813102578000326,4,975,False
p_hop,32_hops,Sequence: A B A A D B B D C A B B C A C B B A D A B D B B D D A A D B B D B D D D B D B D A B D A A C B B B C D A A B B C A B D B C C C D C C C A B B C C C C A D B B C C A C A C D D D A A B D A D B B C C A B C B A D B A A C B A A C A B C B B D C D A D D D A A A C B D A B C D C B D A C A B C D D A D C A A B A B C A A D A B C D D A A C D D C B B C D D A B D B A C B A B C A C A C C B A C B D A B C D D D B A B D C B C C D A B B C B A B C B A C A C B A D D A D B D A D B B C B A A C C A D C D C D C C C D D C A A D C A B B. Start: A. Hop 32 times.,C,A,False,d4b54281,4,[FINAL]  A [END],7.856665973999952,4,975,False
p_hop,32_hops,Sequence: C C C C C D A D B A D A D B B D C D C D D A D A C D B B C B B D B A C B A C A D A A C B D D B B B D D D A C C C C C A C C B A A B C D D B D D D A D A A C C D C B A A D D D A D D A C B C B C B B C D B C C D C A B C C A D B D A C D C A B C D D A D C B A B D A A A A C B D C B A B C D B C A D C B B B D D A B C D C D C D C C A D C B C D A B B A D B C A D B C A B A A C A A B D A B B D D A D C B D A A B A A C A D C C A D D A C C A B C A A A A C A A C D B B A C D C B C D B C A A D D B B B A B B C C A D A B A D C A. Start: C. Hop 32 times.,A,C,False,4c5055f3,4,[FINAL]  C [END],7.8114216459998715,4,975,False
p_hop,32_hops,Sequence: A C C D D B D B D C D C D B B C B B C C C B D B B D B B B A B D C D D D D B C B D D C D D B A A A B A C B A A A B A D A C D C B D D D B B D B C D B C A C A C A D A A A A B A A A B D B D B A B D D C D B C B C C A C C C D B D C B D C C D C C D A D C D A D C B B B B D D B D C C B B A D D A C D B C C C A D A A C D C B A B B C D A D C B B D A B D A C D D B A D D A D D D B B C B A A A B B D A D B C A B C C B D D B B D C D B C C A C B C D D A C D C B A C D C A A D C A D B A D D B C D C A A A D B D C D D D D D B C. Start: D. Hop 32 times.,D,B,False,2ebb838c,4,[FINAL]  B [END],7.840715432000252,4,975,False
p_hop,32_hops,Sequence: A D D C A B C A A C C C B C C C D C D A B B B D C C C C C A C B A A C D B C C A A A B B A A A D B D C B B A D A B B D B A D D B D B D B B A D C D B D C A A C A A A C A C B D C D A C B A A D C B C B A A B D B D C B B D C A B B D B A D C B B A D C D C C A C A D B A D A D A C C D C A A B C C A A C C C B C D C B C D A A A D C C B C A C D A D C C A C D B D A C C B A A B A C A B A A C B A C D D C A D A D A B A A C D B D D A A A C D D B B B D D D B D B C C A D A B C B A D D C A A A B B C B D D A B C D A C B A B C. Start: A. Hop 32 times.,C,C,True,7d578dea,4,[FINAL]  C [END],7.851573475000805,4,975,False
p_hop,32_hops,Sequence: D A A B C B D A C B C D D B A A A C C D B A B C D C A C D C D B B D D B A A B C A D B A B A D D A A A C D C D B B B D C C A B D C B D D C D B C A A A A A A D B D D B A B C D A B C C D C C B A C D D D B D D B D D C B D A B A D B A B A D B A C C C A B C B A C A A C A B B D A A C B A C A D A A B B A A A D B C C C C C A A B B B C B C D A A B B A A C D B A C B C B C A C C C D A C A A B B C A A A C C B C D A D A A D C A D B D B C C B C B C D A A A C B D D B C C C C C A A A A C C A C B A A A A C B B A D B C D C A. Start: A. Hop 32 times.,B,C,False,74a43969,4,[FINAL]  C [END],7.856386057000236,4,975,False
p_hop,32_hops,Sequence: B D A B A D D A C A D B D B B A C D A B B B A B D C B C D A D D B C C D C C D D A D D B B D D D A B D B D C C C C B C D A A B C B A B C B B A B D A D D B A A C B D D D C D B B C B D B A C B C D C C B A B C A A B A B A C D C D D C C A B A C A A A D A C A B D A A A C B B B B A A A A C A A D A A B B C A A D A C D A D A C D A C D A D D B D B D A B D C B C C C D B D D C D D D C A D B A A D B A A A A A D A C D D A C D B B D A A D B A A A C C A D C A A D D A D A B B A A C C B D D D A A B A A D D D A C D A C A A B. Start: B. Hop 32 times.,C,A,False,c7127307,4,[FINAL]  A [END],7.878249960000176,4,975,False
p_hop,32_hops,Sequence: A B A D B B C C A B C A B D C D D A A D A A A D C D D B C A A A A A B A A B A A A D A B B B C A C C A C D C A A A C C D A B B A A A C D C A C A B D D A C D B B D C D D C C C B A D A B B D A C A A B D A D C B C C A B D C C B B A C C B B A A A B D A D D C D A D A C A C A A A D A B C C D B A A D D A C A D D A C B B A A A A A B C C A D A B A A D A A B A B D B A C B C B A D A B D A A A C B A C D A D C A D A C A B B A D D A A D D D B A C D B A A B B D A D D C A D A B D A D C A B C D C A A D B A B B B D C B B B D. Start: C. Hop 32 times.,B,A,False,d924c429,4,[FINAL]  A [END],8.274382435000007,4,975,False
p_hop,32_hops,Sequence: D C C C A C B C D C D C C D D B C A B D C A A C A B B C C C B B B C D C C A C B B B C D C C C C A A C B C A A C C C C D C D A D A C C D A C A A A C B B D D D B B D D C C D A B D C C B B D C B D B B C D C A B D B D C C C C B D C B B B C A B A B C D C D D B B A A B B C B A C A D C B D A B B D D C D C A C B D D B C A D C A B C B A D D B D C A B D D B C B B C B C A D D C C D B C C D C A A D C A C B A A C C D A D A D A B A B B A D A C B A C B A C B A B C D C A B B A B C A D B C B D A B C C B C B B A B A A A A D. Start: C. Hop 32 times.,A,C,False,028ea5fb,4,[FINAL]  C [END],7.86677699700067,4,975,False
p_hop,32_hops,Sequence: B B C D C B C A B C A D B D B C C C A D C D D C D B C B D D A B C B A A A B B A D B D A A A D B D A C B B D A D A B B B C B B A D C A D D A D C C C A A A A D A D A A B D C B B A A A D A D A D D A B A C A D B D C C B B D A A A A A D A B C A B A A D B C D D B B A A B C A A D D D C A C A A C B D D B C C B B A B B C B B C D D B B A B D C C D A A A C B C D A B C A B C D A B D A C C C C B A B B D A C A B B D A B C D B C B B A C D A A C D C C D C A A B B A A C C A B A B D D B D C C B D D C D C B B A C A B C A B C. Start: D. Hop 32 times.,B,A,False,f0bb4149,4,[FINAL]  A [END],7.901168321000114,4,975,False
p_hop,32_hops,Sequence: C C A B B A A A C B D D A B B B C C D C B D B A C B D B C C B B C C C D A D B D A C A B C C C A A B A D B B B B D B C A C C A C A D D A A A C D A C A D C D A C B D C B A A D D C A C B D D B D D B A C C C B B C A D D C B D D C A C C C A D A D B C B A A C D D A B D C D C D B C A C C A A D D A B C B B B B D C D A D B B D C A D B C C B A D C B C A B D A A C A B D C B D B B A B D B B D B B B D D D C B A B C D C D C B B D B B B A D A C B C C D D B D B A A B D B C A B C C D C A C C D A C C B C C B D A D D C B A A. Start: C. Hop 32 times.,D,C,False,b6a3bc29,4,[FINAL]  C [END],7.847877361999963,4,975,False
p_hop,32_hops,Sequence: A B D C D D C C B C B B C B B A C B C D D C A A D B C B D C C C D C A B B C D D D C B C A D C A A B A C D B A B D C C D D A D B C D D A C A C B D A D A A D C A D A B A C D B A B D D B A A B A B C D C B B A A A D D A B C B A C C B A A A B A B A D A C A A D C D A D D D A C B B B D A C C B C A D B D B D C D A D D D D A B C B A D A C B C C A B B D D A D C B D C D C C B C C D A B C B A A B B C A D D C D B A A A D A A C A B D C A C C B B A B D D A D B B D C D B C C A C A C A B B A B A B C A C B C D B A D C C A C. Start: C. Hop 32 times.,C,A,False,5c673b49,4,[FINAL]  A [END],7.8538602039998295,4,975,False
p_hop,32_hops,Sequence: B C C C D B A B A B D A B C C B A A B A A C B B C C B C D C C D C B A D B B A B C C D A B D D B A A D B B D B A D C B D C D D B D C A B D A D A A C C C B C C C D A A D C A C C D A D C A C A D B A B A D A C C A B A C D D A D A B D A B B C C A C D B A B C D B C B D C D A C C A D C D B D B D B C D A B D A D C B D B D A A B B B C C C A C C A D C B A D B D C C B D D D C B B B B D D A A C C D D D C C D A B B C C C C D A A C A A A A C A C A C D C D A D B A C C A C B C B B B B C D D C D B C A B C C D B C D B D C A. Start: B. Hop 32 times.,D,A,False,3c09b76b,4,[FINAL]  A [END],7.841143959999499,4,975,False
p_hop,32_hops,Sequence: B D B B C C C C D B D C C B D D C B B D C D D A D B C B D D C C C A A A B D B C C C B C B D D B C D C B A B B A A A A B A A D B A B B A A C B D D A A B B B D C B D C C C C A D C C A A A A A A B A D C C C A D C B C D C C D A B B B A A C A A A A A C A B C D B D C D D A C B B D D B A B B B A C B B C C D C A D A A B A C D A D D B B D D D D B A D B B B B A D B A D B C D C D D A C A A D A C C A A D A A D A C B D C C C D A D C C D C D D D B A B C B A B D A B A C D A C D B C C D C A A D C D A D D C D C A D B C C C. Start: C. Hop 32 times.,C,A,False,1d6a7258,4,[FINAL]  A [END],7.904481903000487,4,975,False
p_hop,32_hops,Sequence: C D C D B D C B A A A C B B A B B D A D B A D B D B D C D C B D B B D D D C D D B D B C A C C B C A D C A A D A B A A A A A B B B D C B B D D B D A B B D D B B A B A A A C C B D D C D D B A A D A B A D A C D C A C A B B B B B A D A C D C D B B D B A A A D A B B C C B A D A B B B A A B B C A C B A B B D B D A A B C D B D A C C A D A A A C B C C B B D C D D D A D A D C B A D C C B D D B C C D C D D C C D D B C A C B D D B D D B A C D B D D A C C A C D C B C C C B B D D D B D C C C A A C A A A D D A A D D A B. Start: B. Hop 32 times.,A,A,True,ea962027,4,[FINAL]  A [END],7.89966411200021,4,975,False
p_hop,32_hops,Sequence: A C D A C B C A C B C D B D C A C B B A C A D B B B D B B B C C C C C B C B C D B D D D C B A D D D D A B C D C A B B A D A A D C B C D D A A B D D C C A D B D A B C C D C B B D D C C D A C A A C B B B A A D C D D D B C B D C A B C D D D A B D A A D A B C D C D B C A D D C A B B D C C C A C A B B B D A A C B D C D B C C B D B C B C A A A C D B A B B D C A A B D C C C C D C A B B D A B D A D B D D B B B A D D B B B D A C A B D C A A C B A C D A C A B B C B C D B D C B C D C B D A B D C C C D D A C A C D D A. Start: C. Hop 32 times.,D,C,False,c2a8b446,4,[FINAL]  C [END],8.353358614000172,4,975,False
p_hop,32_hops,Sequence: B C C B B C B C B A B D D C D A D C D C C C D A C A B A C A B B A B A B A C C A B D B C C A B C A D B C C B C A B D C A C A A A D D B A C B D C B B A C A D A D B C C A B C C D B B B A D A A B B D D A A A B B D B D C C D D A D B B D B C B C B D C D A A B D B C B C D A B C D A D B D C B D A B A D B C D C B C A C B C C A D C B A B C B D A D B D D D B C A C A D C A D D D B B D A C A A D C D A A C B C B A A B C C A D D C D B B A A D C B C C C D C A D D C A D A D C B A D A B D B D A D A B A A A D C C A B A A B C. Start: B. Hop 32 times.,B,A,False,e29571ff,4,[FINAL]  A [END],7.901808007999534,4,975,False
p_hop,32_hops,Sequence: B C B B C C D C A D C C C A C B C D D D C B D D C D C A B D A B D A B D B D A A C B D C B D C B B A B A C A C A A C A A D C D D B B C C C D B B C B A B D D C B A A B B A A D B B C B B D C D D C B C C C A A C B C D A B C D C D C B D D C B C D B B C C A D A D D C C A A B D C B A B C D C B C D C D D B D D D B C D C C D C C C C B C B C B A C D B C D B B C C B B B D B B D B B D D A A B C C D C B A A C B A C D C A B B B A D B D C A B C A A C A A A A A B B A A D D A B B A B C C A B D D D D A C A C A A A B B B C A. Start: B. Hop 32 times.,A,C,False,fdfada9c,4,[FINAL]  C [END],7.887393887000144,4,975,False
p_hop,32_hops,Sequence: D A C D B A D A D D A A B D A C A A C B D B B A C D C D B D A D B A B C A D A D A C A D B D D B A D A B D C B D D D A C B B A B A C A B A C D A D C B C D D C C B D A D A B D C B B B D D A B C C B D B D A C C C B A D B A C B C B B A C D C B A B C A B A C D D D A C D A B D B B D D C A C A A D B D D A C A C A B A D C A A B D B A A A A A C C C A D B B A D D D C C A D A D C D A A A D A A A A D B D B B A D B A A D C D C C C D D C B C C B C A B A A D C A A A D B D C C A B C C C D B C A A A A D B D C A D C D D C D. Start: A. Hop 32 times.,C,D,False,00ac1393,4,[FINAL]  D [END],7.852350719999777,4,975,False
p_hop,32_hops,Sequence: A C D A B C D A A C A A A C C D A A D B D C D B C B B D A D A C D A B A D A B B B C B A C D C A A D B D C C B B A C A D C B D C C B D A B D C D B A D D A C A D A B C D B B B D B D C D D A C A C B A C B D D A B A C D A A D D A C B B D C B B D C C C D C C B A B A D B C B B D B B D B B A A C C A B A A B B D D A B C D D B C A D D B C D B A C B C C A B A A C A C C C D B D A B C A D D B A C D D D C C D A B B D D A D A B B D A B C B D D B B B D A C C A D A B C C C D C C C A D B C C B C D A D B C D A A D D C B A A. Start: A. Hop 32 times.,A,C,False,54a28fb7,4,[FINAL]  C [END],7.832231497999601,4,975,False
p_hop,32_hops,Sequence: B D C C D C C C C C C A D C A D C B A D B C D C B D D B A D A D C A A A B A D A C A A A A A A A A D B D B B C A A A B B C C B C B C B A C A D D A C D D A C D A A A B A B C C B C A A C A A D D D D C A A D C D D D C D A B D D D A A A C B A C A D B D A B D C A B B D A A B A C C A B B A A C A A B D A C A D A C D B B C B A B D C B B A A A B D D B D A A B D C A D A A C D A D D D C D B D C A C D C B B D D D A A B A B A C D A B B D D C A D C B C B D C C C A B A B A B B B D D C B D C C A B A C A B D B B C B A C A B. Start: A. Hop 32 times.,A,A,True,a01f2155,4,[FINAL]  A [END],7.873409879000064,4,975,False
p_hop,32_hops,Sequence: A C C B B C C A C C B A B D D D D A B D D D C D B C A A D C A A B B A D C D A D D C B B C D C A D D D D D D D C C A A B A A B D C D C C C C A D D B C C B C D C A A A D A B B B D C C D B A B A C B C B B D D A A D B C A B A A A A A C D D D D D A A C A B C A D C B C C D A C B B B D A C B C B C A D A A D C A A D C C C D D A D C C A D B B D D D A B A B D A D A C D C C A C C A D C D C A C B D C B A D D D A B D B B A B D D C C A D D B B B D D D B B B D D D C B C D B C B D D C A C C C D C C A B C D A D B B A C C C. Start: A. Hop 32 times.,C,A,False,4fe190ef,4,[FINAL]  A [END],7.865331920999779,4,975,False
p_hop,32_hops,Sequence: D D C A D A C C A C D A C D C C A D A A A D C C A D D C D B C C C B B B D D C D A D A B B A D A A B A C B D C B D A D C C D C C C C D B A A A A D D B B A D B D A D B B A D A C B C D C D B B D A A D D B B A B B C A D B D D B A C D C A C D A B B D D B A A B A D D D A D D A B D C A A D C B B B B B D D B D D D B D A D C D B C C A D D B D B D C A B B C A A A B A A B D B A A D C D A C C D D D C C A B A C A A B D A A D B D A D C D C D C B A B A D A B D A C A D D D D A A D C C B C A A B D C B B C D C B C B A D A D. Start: C. Hop 32 times.,A,A,True,e179996e,4,[FINAL]  A [END],7.88728115000049,4,975,False
p_hop,32_hops,Sequence: A D C D A C D D B D C B B D A B D A B D A A A B D D D C A A A C B B D D B D D D C C B C C B A D B C A A D D C B C C C C B B A C D A B C C A C C D C D C A C A B B C C B A D D D C C C A D B D C A B A D A C C D C C B A A D C B D A B D A C D A C D A A D B D D C A D C D D A D A B B B A A B A B C A B B B D D A D C A D A D C C C A C C B C A D A C D B D A C C C B A C C B A C D D B B C C C A B C B B C A C D C D B A B B D D A B A D B D B D A A D D C B C C B C D B D A B D B A D D C A A C B C B A D D B A D A A B A D B. Start: D. Hop 32 times.,D,A,False,fd37cfd4,4,[FINAL]  A [END],8.338476621999689,4,975,False
p_hop,32_hops,Sequence: C D A B D C B C D C B C C B D D D C D D C C D A D D D B C B C D C A C D A D A C C B A A C B A A C C D C C B A B D B B C C B A D A D C A A C A A B D A B C B D A D C C B A D A D B B B D C A B D A D C A A B D D D C B D B A B B C D D B D C A C A D B A C B C C B A A C B D D D C A C A C B B A C A A B C B A A C A C A C D A C B A B A A D B D D B B A D C B B D C B D C C D C D C D D B A A C D B D D B D A D C B C D D B B B D D A B B A A A B C D D B C A A D A C D C C B A A B C A C A A D D D A C B B C D A C A C A B D C. Start: D. Hop 32 times.,C,C,True,78c685c8,4,[FINAL]  C [END],7.987382529999195,4,975,False
p_hop,32_hops,Sequence: D B C D A A B C D C C C D A D D C D D C B C A B C C C A D C A A B B B D D C B A C C C D C C C D D C D C C A A B D B B B C C D B C A B C C A C A A D A C B D D C B B A D C C A D D D B D D C D B B D B D D C D D B D C C B A D B C C C B B C A A D C C B B D A C A A B D B B B D A A C A B B D A C A A C B B C D C B D A C D B C C C C A B C A B B C C A D C C B D A C C A D C D B D D A A D D C B C C D D C C D A A A B D A A B A A D B C B B A A D D B C C B D D C A B B B A C D A C A B D C A A C D D B D A D D B A A C B B B. Start: A. Hop 32 times.,D,C,False,9eaac301,4,[FINAL]  C [END],7.999272946000019,4,975,False
p_hop,32_hops,Sequence: A D A C C B B A C B B D B A D C C B C C C B C B B B B C B B C A D A C C A C B C D C B B D B D B C D B B A D B A B B C D C B C C D D C B A B B A B D B A B D A A B D D B B A D C C A C B C A A D A D D C D C C C C A A D A A B B A D B D D D D B A C A A D A D B D C D B D C C C D B C D D A A D A C A D B A B B D D C C B C A B C C A C B D D A D B A B D A A B C B B D B A C D B D A C A C B A C C C A C B D A B D D D B A A C B A A C C A B A A C C D C B C D B A A D C C C B C C D C B B D B D C C B B C A A A D A B C A A D. Start: B. Hop 32 times.,A,C,False,10e7826a,4,[FINAL]  C [END],7.873289712999394,4,975,False
p_hop,32_hops,Sequence: D B A B A A B C A C B C C A C D D A C A B D C B D D C B C A B D D C C D A D D C A C A B A D D C C C B A C D C B C B A C A B B D B D C C D B B B D A B B D B C A D A A A B D A C A A C C C B B D B D D A C B C C B A C D C C D C A A D B A B C A B B B B D B D D A A C D C C C B A D C B A B B A D A B A B C A D C C C D B C D B A D C B D D A A D A A A C B A C A D C A D C B D C D C A B D A B B D C D A C C D C B A C D B B A B A C C A A B A D D B D D C D C B D A A A D B A B A D C C D B A A C D B D C A D A D D D D B D B. Start: B. Hop 32 times.,D,C,False,2ac7a397,4,[FINAL]  C [END],7.815415680999649,4,975,False
p_hop,32_hops,Sequence: C B B B B A A A C C A D A A D B A C A D B A A C C C C A D B A B D C B D A B D A C D D B A A D C A C A A B B B B C B D C A B B C D C A B A C B A A A A D B B D A A C B A D A A B C B C C A C D B D B D D C D B B D A A C A A D B B A B C C C D B D A B C C A A D D D C C B A C A C C A D D B B A C D B A B D D C B D C C A C C A B A B A D C A A A D D B B B D D C B B B B C D C A B A C D D A A D A B A D B A A D C B C D D A D D C C D C C A B A C D C A B B B B C B C D A D B D A D A D B B B C C D C C B C C C D D D B A B C. Start: D. Hop 32 times.,A,ERROR,False,12b5a29c,4,Experiment failed: 5 repeated outputs,0.0,0,0,False
p_hop,32_hops,Sequence: B D B D D A A B B B B B A B B D D A C B D B A C A D D B C C A C B C B C C C B C D B D D C B A A A B A B D C A D D C D A B C A D A D A D D B B D A B C A C D A D C B A B A A B B D A B C D A C B C C C D D D D C C C D C C D D B B C D A A C B B A C B B D B C A C D C B B A A C A A A A D D D C A A C C B C B D A D A D B C D A A C B C B B D D C B B D C D C A B A A D D A D A A D B D D A B C A B B A D B D A D D A D B D D C D B B B A D D D C C C A B C B A A B D A A C C D B A C A D A B B C A B D B A D C B D D A D C D C. Start: A. Hop 32 times.,B,ERROR,False,1b8a98c1,4,Experiment failed: 5 repeated outputs,0.0,0,0,False
p_hop,32_hops,Sequence: A B C A A D A C D A D A A D A C C D C A C B A A D D A D D C B D C D A A C B C D D B D D B A B D A B C D C B A B B A B A D B A C A D D B D C B C A D A D A C A A B A D A B D D D C C B B B D C A D B B B B B B B D A C B D D C A B C D B B A A B C C B B C A A D C D A A D A D C C A A A C B D C A C C B D A C A D C C C A A B C B D A C D B B C B D A B A C D D A D D B B D D C D B B A D C C B C D D D A B C D D B A D A A B C C D D B C A D D A B B D A C B C B A B C A D A A D A B A B C A C D A D A A B D D B A D B C B B B. Start: B. Hop 32 times.,C,A,False,eca6ba33,4,[FINAL]  A [END],7.884513451000203,4,975,False
p_hop,32_hops,Sequence: D C A C C A B D A D A D C C A A D C B C D D A C C A A A B D B A C B B A B B B B D B B B A B B C C C B A B A C C C B A C B D B B C D C D A C A B D D A C C D B D A B B D B C B A A A A D A D B A A D A B B D C C A C A D B A D C C C A B A D B D D C C A A A C D D A B D B C A B C C B A A D D B D A B A B C B D A A A A D B C B D B A C C D B C D D D B C C D C A B A C D B B D A C A B A C A B D A D C D C D D C C D B B B D B A B C C C B B A D D D B A C B D B D B B A D B A C B C A C A D A D D D A B A C C A D A C B C A D. Start: C. Hop 32 times.,D,A,False,a842f443,4,[FINAL]  A [END],7.851102192999861,4,975,False
p_hop,32_hops,Sequence: B D A B A D D B B C A C D C B A D C D B C C D D A B D B B C A B B D B C D B D D B B D D B D D A C C C A A A D C B D D A A A A D B A D C D A C C A D A B A D D B D D C B A A D B A D B B C C B B D B D D D C C B C D C B A B D C A D A C C D C D D D C C B D B C B A D D A C B A B C A D A B C C B C A A A A D B B C A D B A C A A B A D D A C A A D B C A A A B B B D A D D D B C D D C A C A C D D B B D B D A B A B A C B D A D B B B C D A C A D C A C C A C D B C C A A A C C C A D D A C A B C D A B C D B B B A D C B D B. Start: A. Hop 32 times.,A,C,False,82032a62,4,[FINAL]  C [END],8.350976576999528,4,975,False
p_hop,32_hops,Sequence: A D C A A A A D C A C C A C C B C C D C A C C A B C D B D A D C D C C D C A D A D C A B D D D C A A D A A B C D A D A C C B C D A A C A C D B D C A A D D A A B A C C C B D B C B D B D C C C C A D C D B A B C B A B C B A C B C C C B D C C D C C B C B C C D D A B A D D C B B B C B D C A C A B D B D D D A A B C D D D C B B C B A D B C D A B D C C A B B C A C D A D A C A B C A D C C A B C B A A A C C B C A C B B C D B A D C B A A C C C C A A A C A A C A A B A B C C B D A D B B A A B D D B A B C D B D B D A A C. Start: C. Hop 32 times.,A,C,False,fabeb1cd,4,[FINAL]  C [END],7.861847684999702,4,975,False
p_hop,32_hops,Sequence: C B D C C C D B A B B C C D D C C C A D D B A C D B A C C B C D A A B B A A D A C D B B D D B A B C C C C B A D A C A A B C D B C C D C C B A D D A C C B C D B C A D A A D C D C D C D C C C C C B C A A D B B D B D A A A C B C B A B B B C C D C C C C D A D C B A A A B D C B D D C B C D A D C A A B B B B C D C A A A A D C C C C C D A D D D A A C C D B D D B A D C D A D C D A B D A C D C D B D B A A C D B C A D D C A D D C C A C A D D A B C B D B A B C D D B D C B D A B C A A B B C D B A A D D C A D A B A B C. Start: C. Hop 32 times.,D,C,False,2f36dc5b,4,[FINAL]  C [END],7.885792966999361,4,975,False
p_hop,32_hops,Sequence: C B C C B D D B C C A C A D B D A C D C C A A C C B C B A A C D D D C B C B C D A B A C D D C B A B B C B B D D D A A A C C C D D B B B D D B D B D C C D A B B C D B D D D D D A C D B D C B C B D B A C A D B D A D C A B D D B C A D C D A A B C D B B A C A D C A A D B D C C D C C B B C A A C B A D C B C B C D A B D B D B B B C D A C C A A A D C B D C C B C D B C D C C C B D B B B B B C A D B B B D C C D B A A B B D B C D C C B D C C C C D A B C A D B C D B D C C D C D C C D C B D A A C A B A B D C A D C A C. Start: C. Hop 32 times.,D,C,False,9377a6cd,4,[FINAL]  C [END],7.87406032599938,4,975,False
p_hop,32_hops,Sequence: D A B A A C A B C A B B B D D B D C B D B C C A A B D D D B C D D B A D C D A B C B C D C A C D A C D B D C C B B D D B D C D B D B C B A C C C D B A C C B A B A D C C A A A C C D B B B B B D A A B D C B D C D A B C C C A D D B D C B D D D C D B A D B A B B A C D B D A C C D D C C B B A B A D C B B A A B B D C A B D B B C C A C C A A D D B B A B A C B C D A A C C C D B A C A B B B D C B A C B A C B A D C B A C A B D B C A D A B C A D B A D D D D D B B A A B B C A D A B C D C C D D C A C D B C C C D A C B A. Start: D. Hop 32 times.,C,ERROR,False,367792ff,4,Experiment failed: 5 repeated outputs,0.0,0,0,False
p_hop,32_hops,Sequence: B A D A A C D B D D D A D D A C D A A C C A C A B C D B A B D B B C D B A A D B A D C C C D D A C C B B D B B A D A A C A B B A B B C C A D B C D C D C C D A B B B C D C B D C C B A A B C C D B D B A A B C D C B C D B A C A B D A B C D C A B D B D D A D D D A B A C A A A C B A D A C D C D B A A B A B C C B C C A A D D B D D D C B D C D D B D B B A D A D C D D A A A A B D B C D C D A A D A A C B D C B A C D A B C B C D C B C D C B D D C B C C C B B B A D A B C C B A B B D D B B C C A C A D C D C B D C B B B. Start: D. Hop 32 times.,B,ERROR,False,54d56e26,4,Experiment failed: 5 repeated outputs,0.0,0,0,False
p_hop,32_hops,Sequence: B A A A D B C A D C D D A A D A A B A D D D B D C A A C D B A A B D A C B A B A C D C D C A D A A D C A B A D C B B C C C B B A B B D C C A A C D D D D D B B B B A D D A C D B D A A A A A C B A A D A A B B C D A C D D B C C A D C C C C C A C C B A D A A D B C C A A B C B A B B B B B D C D B A A C B D A A B A C C C D D A D B A C C B B D D B D C D C D D B C A A B C C D A C B C C D C C C B A C A B D D A B A C B D A D D B D C A A B C B B A C B B D A D A B B B C C D C A A D D D B A B A A D A D D C D C B B A D D. Start: A. Hop 32 times.,D,A,False,8a0ad3c3,4,[FINAL]  A [END],7.846203176999552,4,975,False
p_hop,32_hops,Sequence: A B B D D C B B B A D A D A D B A C D B D C C C C A A A D D A A D B C A D A B C B A B C D D C C B B B C B D B D D B A B D C D C C A A D A A A A A C A C D C D B A D B C D B C B B A A A D D B B D C D A B C A C C C A A C C C B A B C A C C C D D D B D A B B B C B A C C D B A C A C D C D A B C C C D A C D D C D B B C B B A D B B A B D B B B C B B A D D D D C B D A D A A D D A B C B C C D A B A D B B B C C B A C C B B A D C A B A C B D D A A A C B B A D B B C D B B D D B A A A A D A C C D D C C D A C B B D A B B. Start: A. Hop 32 times.,B,C,False,bd49f7d5,4,[FINAL]  C [END],8.321749132999685,4,975,False
p_hop,32_hops,Sequence: D C A B B C D C B D C C A B B B C C A B B A B A A B B D C C B C B B A C B D B B A C A D C B D D A A D C D A D B C A A C A D C C D C C A C D A B B A D A C C C D A D D D B D C D D C D D A B B A A C A C D C B A B D C C B D C B D A C A A D C A D A C A C D C D A A B C D B A B B D A C D B C C A D B B A A D D A A C A C D C D A A A C C A C A D B C A B B C B D B D D B C C D D C A A A C B C D A D A B C A B B B C C C A B A A C D C D D B C A A A A A B A A D A C A B C A A D B D B A C C C C B A B D B A B D B B B B D C D. Start: C. Hop 32 times.,A,C,False,b07d2c1e,4,[FINAL]  C [END],7.9396996420000505,4,975,False
p_hop,32_hops,Sequence: A C C B D A C D D C A C A B D A A C C B B B D B D A A C A B B B B A C A A D A A A C B A B D A C C D A D C D B A B A C A C A B D B C D C B D D C B D A D C A C A B C A D A A A B A A B C A C B D B B D A C C B A D A B A D C A B D B B B D C B B D D B C B C D C D A C A B C C B A C A C B A A B C B C C C C B A D A D A B B D C A A A B A A C C D A D D B D B B B B B C B C C D C B C A A D C A C B D C A B A B C B B B A B A C B D B B D C A C A B B A A A D A C B D A B C A C D A C D C D A D D D B C D D D C B C A C A C D A. Start: C. Hop 32 times.,A,A,True,1b70b203,4,[FINAL]  A [END],7.871681125999203,4,975,False
p_hop,32_hops,Sequence: C B C A C D B C A B D B A A B D A D B B B C A A D C A A A B C C D C B C B D D C D D B D C B B B A A B D C A A C A D C C A B B C C C C C B B D C A B D A D C C D D A B A B C D B A A D D A A B B B A D B B B D C C D D A B A C B B D D A A B C C D A B B B C D B D A B A C C C C A D A C C D C C C D A D D C A D D A A D C C A D A A D A B C B A D C D C A A C D A D C D A B A B C A B B B C A A C D D B A A B B D C B C B D D B B B B C B B D B A B C D B D B A A D D A A B B B A A C A D B C D B B D C B A A C D A A B C B D B. Start: C. Hop 32 times.,A,B,False,2ae8a276,4,[FINAL]  B [END],7.955854349000219,4,975,False
p_hop,32_hops,Sequence: B B A B C C C B A A C A B A A C A A D B D B C D A D B C D C A C A B A D C D C B A A C C C B C B D A B A A D B C D C B D C D C D D A C A D A C C D D B D A D C A D D A C C D A A D A D B A A B B D C D D B C B B B A D C A C D C C A C C A A D B D D A A A C A C C D C B D D B B A D B B C C B B C D C A D A B D A C D C A D C C A D D D B A A B A C D A A A A D B B A B A A C D C B D B A C D B D B A B C D C B B D D C C C B A C A B B C C B B C D C C B C D B C B D A B D A A C A C A B D B A A A D C B D A D C A D D A A B A. Start: C. Hop 32 times.,A,A,True,9f2cd93a,4,[FINAL]  A [END],7.897859779999635,4,975,False
p_hop,32_hops,Sequence: A B D D C B B A C B A D A B C C C D D D C C A B D A D C A C A C A B B D D C A B D A D B C A A B B C B D B D D B A B B A C D C D A C C B A A B C B B B B C D B B C C C B B D B B C A A B C A A A D C B A B B A D B B B A D B C B D A A A A B A B C A D A D B D B A A C B A B B C C D C C C A D B A C D D A C B D B C C C D A D B D C B D B C D A C C A A B D A A B A B C B D B B D D C C A D A C B B C A B D A A A C A A A D C D A C D D D B C B A D D B C A C A A B A A D B C D C B C C A B C C A C A C D D A C B B A D D A B D. Start: A. Hop 32 times.,B,A,False,f875467f,4,[FINAL]  A [END],7.859996350000074,4,975,False
p_hop,32_hops,Sequence: C B D D B C C A C A D B D A D C B A C D A A B D A A C C A D C B C B D D B A B D D D A B B B A B D C C B C D D A A A B B D D A B B B A B C A C D B B D D B A B A A B B A D C B D D C B B C B A A B C D B C C D B D B B C B D B B D A A D A A D A C A B D D D B B A D C A D C D A B D C C A A A D B C D A B C A D A A A C C B A B D D B A B D C A D A B D C D A A D B D B D A C D C C B A D B B C A C C A D D A C C C C B A A B B B A D C A B B A D B C B C B B D A C B B C A A D B D C A C B D C B C B A C D A C C B B B B C D C. Start: B. Hop 32 times.,B,A,False,d77b7e07,4,[FINAL]  A [END],7.928359754000667,4,975,False
p_hop,32_hops,Sequence: C A A B C C D B B D A D D B D C B A C B C D D A D D C C D D A B D A A B B D B B D C D D B D B D C B B D B A D A B D B A C B D D B C D A B A B D A C C D C B C B A C B C A B B D A A B A D A D C C D D C A C C A A C A B C C D B B A A B C B B B D C D C C B B C B D D A A B C C C B C C A A C D D A C D D D B A C B D B B A D C A C C A C A B B D A B D D A A A A B B D D B C B C C B A B C B C A C A B D D C B B A B D C C C D C A C B C C D C A A B C B D D B C A C A B B C B C A B C B D D B B D D D A D D C C B D C A C B B. Start: C. Hop 32 times.,B,C,False,8e070548,4,[FINAL]  C [END],7.907117715999448,4,975,False
p_hop,32_hops,Sequence: B D B A B C B B D D C D D A A D A D C A A C B D B A B B C C A C C D A C C C A C D B D B D D A B B B D B A D C B D C B D B C D C C C D A B A A D C B D D C B A A D C D D C B A A B C B D B C A A A D C D A C B B D D B A B A B A A D A D C D B A C C C C D D A C C B C A D A A B B B C B A B C B C C B C B D C A C C B D D B C C C A B B A B A D D C A D A A D D B A D A B C D C B B D C C B C B C D D A B A C A D B B B A B D A D A A D C C C A B D B C C C D C D B C C D D D D D B D C A B B B A A A C C A D B B D C C A D C B. Start: B. Hop 32 times.,C,C,True,f230db92,4,[FINAL]  C [END],8.393658074999621,4,975,False
p_hop,32_hops,Sequence: C A C D C B B D A A B C D D C A D A B B A D D A A C B A B D B D B D D C B B A A A B D B D D C A C D B A D C C A B B A B D C D D B C D A A D A B B C C D A B B D B D B A C C D B B D C C C A C A D C A A C A C B C B B B D C D A C A B D B D A C D D C C C C C B A B B D B D B A C D B C B B C A A B D A D D D B C D D C C A D B A B B C C C D C C C C A B B B D C D D B D D C C D C C D D C D C A C D A B D D B D C D B B D A A D D B A B D C B A C D A D B D A B A A D C C D D A C B C A A B C A B B B B B D D C A C B D B A D. Start: A. Hop 32 times.,B,C,False,d2b5e300,4,[FINAL]  C [END],7.837839212999825,4,975,False
p_hop,32_hops,Sequence: A B D C A D C D A D C C B A D C C A C B C A C C C A A C B A C D C D A B A C B B C A D B B C D C A B B D D D C B D C C A D D A C B D B B B B A A B B B C B A A C B D B C C C B B A C D D C B C A D C B D D D D B A C D C D A C D D A C B D B A C B B B C A C D C C B C B C A A B B D C A A C D C B C D B D B D B C A B D D D A D D B B A B C D A B D C C A D A D D D D B A A C A B D B C B A C B B B B C B B A A A D A B B C B B C C D B B D A A C D C D C C C A A C B C B B D C C A C D C A C B D C A A A C D C A D D D B A A C. Start: D. Hop 32 times.,D,A,False,8ddca822,4,[FINAL]  A [END],7.847708885999964,4,975,False
p_hop,32_hops,Sequence: B A C C A B B A A B C A A C C B C A B B A C C D D D B D A A C A C C D B D C C B B A D A A D C A D C C B D A C B A B C C A A A D C C C A C A D B D B D A A A D B C D A D C D D C D B B C A B C D C A B A D A A C C A A D B B A A A B D A B A D D D C C B A A D A B D A D A C A A B C A C B A C C B B C D C B C B D D B D C C A B C B B B B D D A D D A B C C C C B A B A C A B B B C D A C D D A C C D A D A C D C D C B D C D A D D C C C B C A A D D B D B B D C C A A C B A D A B C A D C D B A C D B A D A B B B C A C D D D. Start: C. Hop 32 times.,D,C,False,5a10e42b,4,[FINAL]  C [END],7.9054882420005015,4,975,False
p_hop,32_hops,Sequence: C D D A A D C C C A B D A B D C B B C B B A A B C A B C A D C B C B C C C A D B C D A B A C C A D C B D D B C C B C A D C C D D D A D A D C B A D C D D D C D A B A D B A C B C D C D A A B B A B C A D C C B D A C D D B A B A B B C C A C C C D B D B C B D C A B A A A A A A A C C C A D C D B D B B D D B A A D D B D B B C C C C C D C B D A D C D D A B A A B A B D B A B D B B A A C D D D C C C A A B A C D D D A A D C B B C B C B B D B B A B A B C A C A B A A C D A B D B B A D D D C B C A C C C A D A A A A B D C. Start: C. Hop 32 times.,C,C,True,d76834d8,4,[FINAL]  C [END],7.837854694999805,4,975,False
p_hop,32_hops,Sequence: B A A C A A C B B A C C D D C B D D D C C D B D C C D D D B A A B D D C C B A D D D C D C C D D C D C C C B D D D C B B A A D D D C B A D D D B A D B B A B B A D B C B D D C A B D A D B C D C A B B A A A A B B B D D A A B A B D A C B A A D D A A D B C B C D D A C D B B C D B C A B A D A A C C B A C B C D D A A D B D D C D C B A B B A C D B A C B A A A C A A D A A B D B C C A B D B C C D C C D C D A A C C D A B C A C B C C B A B A C C A A C A B B A D D A B D C A C B D A B B B A A B C B C A C B A C D D D D D. Start: B. Hop 32 times.,D,C,False,f075c7d3,4,[FINAL]  C [END],7.845714878999388,4,975,False
p_hop,32_hops,Sequence: D D A C D D C D A C B B B B C D C B A D D C D D B A B A A C C B D D D C A A D A B C D C C B D A D B C C B D A B D C B D B D D A D A B A B B B C B C C C D B B B B B D A A D C B A A C A B A B C A D D C C C B D D C A B A D C A C C B D B A B B A B B B D D A A C B B C B B C B A D D B B A A B D A C A D C A D C C D D B B A C D D C A A C C A B D B A A B C C A B C C A C B B C D A D D C A D A B B A C A B C D A C B B B A A B D B C C D B A D A B B C C D C B B C A C D D D A C B C A B C B C A B B B C C C B C D C D B B B. Start: C. Hop 32 times.,D,B,False,6ea76c3a,4,[FINAL]  B [END],7.891716195999834,4,975,False
p_hop,32_hops,Sequence: D A B A D C D B A B D A D A C A A C C D A A A C A D D C C B B D C B B A A C D D B D A A C B C C A B D A D B C D C B D B C A A A A B A D B D C B A A D A B A D D B D C D C B B C D B C B B B C B D C A C C C C D A D D D A D A B D B A A C B A B D A B C D D B C A A D C B C A C B D D B A A C B B D C D D C D A D C C A A D D C C A D A D A C D C A D B C A A A B D D A B D C B B B D A A D A C A A C A C B C B D D B A C D B A C D B B C C A A B B C A D D D D A B D B A D B B A B B C A B C B A D A A D B D D C B C C D C D D. Start: D. Hop 32 times.,D,C,False,451c5d40,4,[FINAL]  C [END],7.964820895999765,4,975,False
p_hop,32_hops,Sequence: D B A C C A B D C C C A D D A D A A A C D C C C D D A A A C C B C C A D B D B C A B A A C A D C C C A B B B C A D A C C D B D D B D C C B B D B B C B A B B C D A A B D A B B D D B C C A C C A C C A C D D B D A A B A D D C D B D D A B C B B C D D C B D D C B A B D A B D B A D D B C C C B C C C A B B D C C B A C B D C C C B A C B C D A B A C C C C C C A C D B B A D B C D D B C D B B C A D C C B B B B A C A A D D A D B C B C C A C B A C D A C D A C C A A A D B C C B B D D D B D D A A C D C A B A D B C D B C B. Start: A. Hop 32 times.,C,C,True,4116d26a,4,[FINAL]  C [END],8.373468041000706,4,975,False
p_hop,32_hops,Sequence: D A A B C D B D D B C D B B A D A B C D B A C A C C D C B B D C B A B A A B A C D A A D D D A A D B D D A B A A C B D C A B B C B A C A C C A A C B B B B C C C C B C B A C C A D C B D A A B D C A A A C D A B D D D B C C C C B C B B D B D A D C D D D C C D B A C A B B A C C C B C A B B D C D B B D D A A A A A C A C B A B D B D C B B D C D B D A D B B B C D D B B A A C C A D D C A C D B D D A C B B D B B A A D B C B B A A B C C C A C A A A A A D D D D C A D D B B B B D B B A B D B D C C B A A B B C C B A A A. Start: D. Hop 32 times.,C,C,True,b0f73216,4,[FINAL]  C [END],7.85033633600051,4,975,False
p_hop,32_hops,Sequence: D D A B B D B C B C B A A D D B C A C A A C A D D C D A B A B C C B A A C B A D C B B C A C A C C D D C D B A D C C C A A C B C D A C A C B A C A A C C D D C A D D D D C B C C C D D A C B D B D D B B D D A B C D C C B A A B D B C A B D B C B B A A B C B A D A C C B D C C A D B A D A D D B A B C A C C A B C C C D C B B C A C B D C D C D D A B A B C B C B D B B A B D A B C A B A B A B C A A B D C B C C B C C A B C D B A D C D B D C A B B A D A D C C D D D C C C A D D C B D B C A D D C D C C C A D A C C A C B. Start: C. Hop 32 times.,C,A,False,67a77ab0,4,[FINAL]  A [END],7.8396599190000416,4,975,False
p_hop,32_hops,Sequence: D B B C B B D A A A A A C C D B D C C B B B C A B D D A A C C A A C B B B C D A A C A B B B C C C D C A B C D A B D A B B D A A D A A A A B A C B A A D D C C A C A B A C C D B D A A D D C D B C C C B A A A B A D B C D B B C B A D D A B C C D C D A C C C A B D A D D C B C B A C D A B C A D C A A C A B C A B C A C A D A A A B B A A D D D D C D D C B C C A D B C A A C A A B D C A A C A D C D B C B A B A D C A D A B D C C B D A D C D D C C C A B B A A D C C D D D D B A D A A C D C A B D B C D A B D D A A C C D. Start: B. Hop 32 times.,B,C,False,8705073d,4,[FINAL]  C [END],7.850483209999766,4,975,False
igsm,depth_4_hierarchical_mod_7,Question. I#L := O#I. K#D := C#O + J#M. L#F := L#E - O#I. E#I := I#C. I#I := H#M. F#P := K#D. L#B := C#O. C#O := 5. I#C := 4. J#M := 6. G#B := J#M - J#M. H#M := L#B + K#D. C#L := L#E * O#I. L#E := F#P + F#P. G#F := K#D - G#B. O#I := F#P. N#P := 6. L#F?,4,2,False,c6eec34e,4,[FINAL]  2 [END],10.354234652999367,5,1326,False
igsm,depth_4_hierarchical_mod_7,Question. H#K := 1. J#D := 3. P#K := 5. N#G := C#N. N#E := J#D - M#P. I#M := M#P * J#D. L#C := I#M * C#N. F#P := L#D. I#L := N#E * I#M. D#P := L#D. A#C := L#D. C#N := J#D. L#D := N#G. M#P := 2. J#L := I#L. D#P?,3,1,False,81baee1b,4,[FINAL]  1 [END],10.237394861000212,5,1298,False
igsm,depth_4_hierarchical_mod_7,Question. P#F := A#B - L#I. B#A := L#L. L#M := L#I. L#G := 1. F#M := G#D. F#K := 1. A#N := D#B. D#B := F#M. A#B := L#L. C#F := 2. C#E := A#N. E#O := G#D. G#D := 4. L#L := F#M. L#I := D#B. L#M?,4,2,False,0f2afe40,4,[FINAL]  2 [END],10.214289561999976,5,1286,False
igsm,depth_4_hierarchical_mod_7,Question. B#A := D#A. N#B := O#K - C#D. C#D := 6. F#B := E#C. E#I := E#C - M#D. K#G := B#H - C#D. D#A := E#C. C#A := H#E. K#J := E#I. B#H := 2. E#C := N#B + N#B. M#D := N#B. O#K := 6. H#E := N#B * N#B. P#O := E#I. E#A := 6. K#J?,0,1,False,f5277d5c,4,[FINAL]  1 [END],10.275224433999938,5,1310,False
igsm,depth_4_hierarchical_mod_7,Question. C#J := C#F. C#A := 4. B#K := M#B. H#J := A#H. G#H := C#F + G#D. N#F := N#J. N#J := A#H + J#F. I#N := B#K * G#D. A#H := 6. M#L := 3. J#F := 1. C#F := N#F. P#B := G#D + B#K. M#B := N#J - H#J. D#B := H#J - N#J. G#D := D#B. C#J?,0,1,False,23d35b55,4,[FINAL]  1 [END],10.261557096000615,5,1314,False
igsm,depth_4_hierarchical_mod_7,Question. H#N := 6. O#L := L#P * L#P. C#N := O#L. G#G := E#J - E#J. P#I := O#L. A#B := E#J. I#N := H#N. P#M := K#G. E#J := P#I. B#A := 0. D#G := 0. H#C := C#N. K#G := K#P. K#P := D#G * L#P. A#P := H#C. G#L := H#N. L#P := 5. A#B?,4,0,False,dfa6baac,4,[FINAL]  0 [END],10.715620878000664,5,1310,False
igsm,depth_4_hierarchical_mod_7,Question. O#P := 0. K#P := H#C. G#H := 0. I#E := 0. J#N := G#L * G#L. F#E := G#H. C#F := H#C * A#G. F#L := 2. A#G := G#L. H#J := F#L. E#K := J#N * H#C. I#N := J#N + J#N. H#C := G#L. H#G := B#E. B#E := I#E - O#P. G#L := B#E - F#E. I#N?,0,0,True,9adbe9b2,4,[FINAL]  0 [END],10.319359791000352,5,1314,False
igsm,depth_4_hierarchical_mod_7,Question. P#A := H#N + H#N. P#M := B#P. K#I := I#D. L#G := B#D. C#E := N#K. B#D := 0. B#P := H#H + D#I. D#I := 1. I#D := C#E. F#J := P#A - K#I. K#D := P#A * P#A. M#L := G#G. P#H := B#D. H#H := 5. G#G := H#L. H#N := B#P. J#E := K#I. N#K := 4. H#L := L#G. M#L?,0,2,False,fc16ede1,4,[FINAL]  2 [END],10.316143949000434,5,1330,False
igsm,depth_4_hierarchical_mod_7,Question. E#B := K#M * P#I. N#M := C#J. O#N := H#E. I#H := 3. O#O := E#H. E#H := 1. C#B := C#J + L#O. H#L := L#O. C#J := H#E + H#E. K#O := 6. H#E := P#I. K#M := K#O. H#H := 0. C#C := K#I. P#I := E#H. K#I := K#M. L#O := K#I. H#L?,6,0,False,42cf5617,4,[FINAL]  0 [END],10.303441375000148,5,1310,False
igsm,depth_4_hierarchical_mod_7,Question. K#G := O#E. N#A := K#D. A#N := O#E. O#E := M#P * M#P. J#B := K#L * K#L. M#P := K#D. G#C := G#G. K#L := G#C + G#C. E#E := 1. I#G := 1. H#M := 2. K#D := E#E + H#N. E#D := O#E * A#E. A#E := G#C * G#C. G#G := I#G. H#N := 6. D#I := G#C + M#P. K#G?,0,2,False,1f4114cb,4,[FINAL]  2 [END],10.266710135999347,5,1326,False
igsm,depth_4_hierarchical_mod_7,Question. B#E := J#C. C#I := J#I. O#N := 2. P#D := E#J + C#E. E#J := A#I. M#O := E#J. J#C := N#M. C#D := 4. F#P := J#J. J#J := 6. J#I := N#A. C#E := D#H. D#H := F#P. N#M := C#D. N#A := J#J. F#I := 3. A#I := N#M. K#H := C#E. P#D?,3,2,False,4e37cba9,4,[FINAL]  2 [END],10.199110432000452,5,1310,False
igsm,depth_4_hierarchical_mod_7,Question. A#C := H#F * H#F. F#M := N#A - C#I. N#A := A#C. E#P := P#G. H#F := G#L. L#N := G#L. G#G := H#F * N#F. N#F := C#C + G#L. F#L := N#P. C#C := 6. C#I := A#C + F#L. I#L := N#A + N#A. N#P := D#I. D#I := 1. G#L := 3. F#C := 6. P#G := G#G * G#G. F#M?,6,1,False,08b061ca,4,[FINAL]  1 [END],10.225988637000228,5,1326,False
igsm,depth_4_hierarchical_mod_7,Question. C#F := A#C + A#C. L#H := 4. E#J := N#P + H#C. M#F := 0. K#B := C#F. I#N := K#B. L#C := 5. N#P := A#C. A#C := L#H * L#C. H#C := A#C + A#C. P#P := A#C - A#C. P#N := 0. D#O := K#B * K#B. H#N := H#C. C#G := L#C. D#O?,4,1,False,9ab4439a,4,[FINAL]  1 [END],10.276903865999884,5,1306,False
igsm,depth_4_hierarchical_mod_7,Question. G#A := F#B. E#B := F#P. K#G := F#P + F#P. F#P := I#K - C#J. F#B := E#B. F#D := D#D + N#A. I#J := C#J + O#E. D#D := E#B * N#O. I#K := 4. O#E := 5. F#C := E#B. N#O := P#A. P#A := D#G. B#M := I#J. D#G := 5. N#A := E#B. C#J := 3. G#A?,1,2,False,b4988cac,4,[FINAL]  2 [END],10.806393570999717,5,1318,False
igsm,depth_4_hierarchical_mod_7,Question. C#L := 6. C#D := F#I - I#C. A#G := H#C. H#C := 3. M#C := K#N - L#F. L#F := H#B * H#E. H#B := H#C - H#C. K#G := 1. A#J := L#G. L#G := 2. F#I := K#N + L#F. G#E := M#C. I#C := K#N - L#F. F#N := I#C - F#I. K#N := H#B. L#P := M#C + F#I. H#E := K#G * C#L. L#P?,0,2,False,828a2c79,4,[FINAL]  2 [END],10.291319422000015,5,1334,False
igsm,depth_4_hierarchical_mod_7,Question. N#L := J#E + A#D. E#O := I#D. J#E := 1. M#P := B#L * B#L. F#E := C#F. N#E := 6. I#D := B#L. E#K := 1. C#F := N#L. O#P := K#K. H#A := F#E. A#D := 5. E#F := E#O + O#P. K#K := B#L. F#D := F#E. L#H := I#D. B#L := E#K. E#F?,2,2,True,1978eb2d,4,[FINAL]  2 [END],10.173697125999752,5,1310,False
igsm,depth_4_hierarchical_mod_7,Question. F#K := L#N. F#D := P#M * K#D. D#P := P#C. D#I := G#A + P#J. G#C := D#I + D#P. P#M := G#C. J#K := 2. H#G := J#K. L#N := P#J + G#A. G#P := D#I + D#I. K#D := G#P. P#C := 0. G#A := 3. O#N := G#P * G#C. I#K := G#P * G#P. A#O := O#N. P#J := 2. A#O?,1,1,True,211d90f5,4,[FINAL]  1 [END],10.214009008000176,5,1326,False
igsm,depth_4_hierarchical_mod_7,Question. O#A := E#A - E#A. N#D := H#J. N#O := 4. H#J := A#A. A#A := 4. A#A := 2. I#K := A#A. A#B := O#D. D#C := H#J. H#H := A#A * A#A. M#E := A#B. F#E := 6. M#J := A#B. E#A := D#C. N#M := H#J. O#D := H#H * H#H. M#E?,2,2,True,085df96e,4,[FINAL]  2 [END],10.201176587999726,5,1302,False
igsm,depth_4_hierarchical_mod_7,Question. G#H := J#O * L#B. E#G := H#I. J#O := E#G. L#B := C#H. E#P := C#H. D#A := H#A. F#H := 1. H#A := E#P + L#B. F#F := H#A * H#A. H#L := E#P * J#O. G#B := 5. E#C := E#G. C#H := F#H. H#I := 6. I#K := 3. A#N := L#B. D#A?,2,2,True,ecc97cfb,4,[FINAL]  2 [END],10.220977680000033,5,1306,False
igsm,depth_4_hierarchical_mod_7,Question. M#P := C#D. I#I := C#J + B#I. H#P := C#D. N#G := B#F. F#F := E#I - J#H. I#J := H#J. A#L := 2. C#D := C#J - I#J. B#F := 1. E#I := 6. P#K := C#D - C#D. B#I := H#J. O#D := I#J. C#J := H#J. H#J := E#I. J#H := 1. H#P?,0,2,False,e247cee0,4,[FINAL]  2 [END],10.274646291999488,5,1306,False
igsm,depth_4_hierarchical_mod_7,Question. K#I := J#B. P#F := 3. E#A := G#E. I#B := P#F. C#P := I#B. M#P := 3. M#I := M#P. H#E := O#D. G#E := K#I * K#I. F#C := M#I. O#D := 2. L#D := G#E - G#E. J#B := M#P. C#J := K#I. N#M := I#B + M#I. G#F := 4. E#A?,2,1,False,56f81eda,4,[FINAL]  1 [END],10.729368467000313,5,1302,False
igsm,depth_4_hierarchical_mod_7,Question. J#A := K#F * L#N. P#E := 6. A#J := C#K. M#D := 3. C#C := O#G. F#G := M#C. L#N := 1. O#G := A#E + A#E. M#C := M#D. I#B := O#G * O#G. E#O := J#B. J#B := F#O. K#F := 0. B#F := L#N. C#K := M#C. K#P := O#G. A#E := M#C. F#O := B#F. C#C?,6,2,False,d39cc8c1,4,[FINAL]  2 [END],10.23199567300071,5,1318,False
igsm,depth_4_hierarchical_mod_7,Question. P#J := H#G - F#O. E#O := K#O * A#N. M#P := H#G. A#N := 4. A#L := J#A. E#I := B#I. L#G := G#K + F#H. O#C := F#H. H#G := K#E - K#E. F#O := A#L * A#L. B#I := K#E * A#L. K#O := 0. G#K := 4. J#A := G#K. K#E := J#A. F#H := 1. D#L := A#L. M#P?,0,2,False,4ada7cd9,4,[FINAL]  2 [END],10.22523500599982,5,1322,False
igsm,depth_4_hierarchical_mod_7,Question. I#M := C#E. P#D := N#I + N#I. M#A := P#D - I#E. C#E := M#A. I#E := N#I. P#G := 0. K#A := 1. G#M := 3. I#J := P#D. H#I := M#A. A#D := H#I + C#E. L#A := H#I. N#I := 6. I#M?,6,2,False,1bc20822,4,[FINAL]  2 [END],9.876028680000672,5,1278,False
igsm,depth_4_hierarchical_mod_7,Question. I#D := L#F. L#G := C#I. N#I := J#A. G#F := G#O. J#A := 6. C#C := N#E. O#F := I#O. G#H := L#G * L#F. I#O := 0. G#O := C#C. H#A := L#G. O#O := 0. E#J := O#F. I#G := N#E * O#O. M#H := O#F + C#C. K#K := G#G. G#G := G#O - M#H. N#E := 4. C#I := I#G. L#F := E#J + E#J. K#K?,0,2,False,bf4751a0,4,[FINAL]  2 [END],10.257019438000498,5,1342,False
igsm,depth_4_hierarchical_mod_7,Question. O#L := 3. L#F := E#H. I#N := E#H - O#L. M#M := N#E. J#B := 5. M#C := N#E. F#A := N#E. P#J := O#L. P#C := N#E. E#H := 6. M#L := I#N. G#O := 5. N#E := L#F. I#M := M#M + M#C. J#K := J#B. C#L := M#C. C#L?,6,ERROR,False,8f32083b,4,Experiment failed: 5 repeated outputs,0.0,0,0,False
igsm,depth_4_hierarchical_mod_7,Question. P#H := J#B + J#B. G#E := L#B. B#O := P#H. B#P := 5. A#O := G#K + P#H. J#B := I#B * I#B. K#G := 3. I#B := A#G + B#P. F#O := E#J. G#K := J#B. O#P := P#H. E#J := 0. L#B := E#J - A#G. O#G := G#K - G#K. F#N := I#B. A#G := 1. D#N := F#N * G#E. O#P?,2,ERROR,False,320a5e07,4,Experiment failed: 5 repeated outputs,0.0,0,0,False
igsm,depth_4_hierarchical_mod_7,Question. N#B := L#D. E#J := L#D. J#N := C#I * L#D. O#A := 6. K#B := N#B * N#B. G#H := 4. G#C := D#G. P#L := J#N. D#G := N#B. C#I := O#A. L#O := D#G. C#G := 4. P#P := 3. A#F := P#L. L#D := P#P. E#B := E#J. A#F?,4,3,False,fb1548be,4,[FINAL]  3 [END],10.19637063800019,5,1298,False
igsm,depth_4_hierarchical_mod_7,Question. B#K := 6. I#G := L#M - J#O. C#D := P#G. B#L := J#O - J#O. A#G := H#K. P#G := 2. L#F := A#G. J#O := L#N + G#B. N#B := 1. L#N := C#D. H#K := 2. L#M := G#B. F#N := B#K. G#B := P#J + C#D. P#J := P#G. J#J := O#L + L#M. O#L := L#N. E#H := J#O + J#O. E#H?,5,1,False,b14fb905,4,[FINAL]  1 [END],10.738175881000643,5,1330,False
igsm,depth_4_hierarchical_mod_7,Question. E#H := E#A. B#A := 5. N#B := 2. H#A := F#P - E#E. O#P := H#A. L#E := 2. C#A := F#P. K#H := H#A. I#F := 1. O#G := E#A. E#E := L#E. I#E := K#H - K#H. F#P := I#F. E#A := H#A * H#A. H#F := K#H. H#L := E#E. E#H?,1,1,True,f18194a8,4,[FINAL]  1 [END],10.210241273000065,5,1302,False
igsm,depth_4_hierarchical_mod_7,Question. D#K := C#H. L#J := K#I. J#G := 3. E#G := J#O. J#O := J#G. K#I := 0. M#F := A#J + J#H. F#D := A#L. J#I := A#L. C#H := K#I. M#L := 0. L#H := A#J - J#H. A#J := E#G. J#H := D#K. K#I := 3. A#L := L#J - C#H. M#F?,3,2,False,1ce0a607,4,[FINAL]  2 [END],10.248800335000851,5,1302,False
igsm,depth_4_hierarchical_mod_7,Question. N#B := 0. C#I := A#M. L#F := N#I. H#K := H#D. B#H := O#J. E#G := O#M. O#M := C#I. O#J := 5. H#D := B#H. A#M := P#D * N#B. N#I := H#D. P#D := 6. P#F := 2. E#G?,0,2,False,c2dc4780,4,[FINAL]  2 [END],9.899462473000312,5,1270,False
igsm,depth_4_hierarchical_mod_7,Question. A#F := D#E. A#J := G#M * G#M. G#M := 3. F#A := 0. H#J := K#A. E#G := A#F. P#K := H#J. K#A := A#F. D#P := K#G * F#A. D#E := 1. G#A := H#J - H#C. H#C := E#G. K#G := 5. P#K?,1,2,False,1d62bb01,4,[FINAL]  2 [END],9.903426885999579,5,1278,False
igsm,depth_4_hierarchical_mod_7,Question. F#A := A#P. O#N := D#L - D#L. I#H := P#C + D#L. P#C := 0. D#G := 2. A#P := K#L. H#A := 5. A#C := K#L + K#L. H#M := P#C * H#A. K#L := H#M + O#N. E#O := A#C. J#I := H#A. A#D := I#H. D#L := 2. E#O?,0,2,False,f80e158a,4,[FINAL]  2 [END],10.212204512000426,5,1294,False
igsm,depth_4_hierarchical_mod_7,Question. A#J := G#N. E#I := G#N. N#E := H#J + D#D. P#M := 4. E#H := F#M * J#C. F#M := C#N. C#N := D#I. B#J := F#H. J#C := B#J. D#D := F#M. D#N := H#K. F#H := 2. H#K := 0. L#C := E#H * G#N. D#I := 6. G#N := F#M. H#J := J#C. L#C?,2,ERROR,False,bc7f61a7,4,Experiment failed: 5 repeated outputs,0.0,0,0,False
igsm,depth_4_hierarchical_mod_7,Question. N#B := 2. D#A := O#E - J#H. D#I := 3. K#P := J#H. A#B := K#P * I#C. I#C := M#M + M#M. K#F := I#F. O#G := 4. E#P := D#A. L#B := 1. M#M := D#I. I#F := D#A + I#C. J#H := D#I. E#D := I#F. N#I := D#I - O#G. O#E := O#G. E#D?,0,1,False,2ab54db1,4,[FINAL]  1 [END],10.180478418999883,5,1310,False
igsm,depth_4_hierarchical_mod_7,Question. G#A := P#K. B#B := P#M. P#J := P#K. P#K := F#D. C#G := H#K * P#P. E#L := C#G * C#G. P#P := 1. E#G := B#B + C#G. P#M := 4. L#P := 2. I#I := F#D. K#E := P#K. F#L := P#K. F#D := C#G. L#C := C#G. H#K := 2. G#A?,2,2,True,d7beb6db,4,[FINAL]  2 [END],10.24053196999921,5,1302,False
igsm,depth_4_hierarchical_mod_7,Question. H#K := F#E. A#K := P#H + J#F. L#H := A#E. F#E := 4. P#H := H#K. P#C := P#P. G#E := F#E. F#O := J#F. M#P := F#O + A#K. P#P := G#E. D#D := 3. J#F := G#E - H#K. E#I := 6. A#E := G#E. B#N := 3. N#C := P#C. N#C?,4,2,False,577ac85b,4,[FINAL]  2 [END],10.724187936999442,5,1302,False
igsm,depth_4_hierarchical_mod_7,Question. N#N := 3. G#G := L#E * F#N. D#P := F#J * F#J. A#K := H#H. D#L := P#O. F#H := C#B. F#N := 5. K#A := P#O * C#B. O#F := 4. C#P := H#H. H#H := L#E * N#N. F#J := N#N - N#N. L#E := 2. C#B := C#P - A#K. P#O := A#K - D#P. D#L?,6,1,False,36b7e83b,4,[FINAL]  1 [END],10.369706269000744,5,1310,False
igsm,depth_4_hierarchical_mod_7,Question. F#K := 6. D#O := E#E. J#M := E#H * P#P. A#N := A#L * J#M. E#E := J#M + A#L. A#L := P#P. O#M := 4. H#K := A#N * A#N. N#E := 4. E#C := 1. G#G := I#G. I#G := A#L. P#P := F#K. B#C := J#M. I#N := F#K + F#K. E#H := F#K - N#E. H#I := E#E + A#N. G#G?,6,1,False,a3005c66,4,[FINAL]  1 [END],10.251470711000366,5,1326,False
igsm,depth_4_hierarchical_mod_7,Question. O#M := 1. N#G := C#B * C#B. N#D := C#K - P#P. C#D := M#H + D#J. C#B := O#M. M#H := N#G. C#K := 0. I#K := P#P + P#P. D#I := I#K - C#B. F#F := D#J + M#H. D#M := M#H * D#J. C#P := I#K - N#D. E#F := C#B + I#K. G#G := D#J * D#J. P#P := 5. O#P := 4. D#J := D#I + D#I. D#M?,4,2,False,87035681,4,[FINAL]  2 [END],10.268513762001021,5,1342,False
igsm,depth_4_hierarchical_mod_7,Question. B#L := E#I * G#N. O#D := E#I. H#K := 0. K#H := 4. J#G := J#C. L#L := H#K - K#H. J#C := 5. G#N := H#A * J#B. G#B := B#L. E#I := H#A. G#M := D#I * K#A. H#A := H#K. J#B := H#K. A#G := 1. J#A := O#D. K#A := G#N - G#N. D#I := E#I - G#N. J#A?,0,2,False,9e25b923,4,[FINAL]  2 [END],10.204241392999393,5,1322,False
igsm,depth_4_hierarchical_mod_7,Question. M#F := 6. M#G := G#H. K#P := E#D * E#D. C#F := I#C. H#E := J#M. H#P := 3. P#K := 3. G#C := I#C. G#H := G#C + G#C. C#P := 1. I#C := H#P * M#F. J#M := P#K. E#D := C#F * H#E. K#P?,4,1,False,42532f80,4,[FINAL]  1 [END],10.120089752999775,5,1282,False
igsm,depth_4_hierarchical_mod_7,Question. O#B := H#G - O#O. N#B := F#A. F#F := O#I - F#A. C#F := 5. N#G := F#F. H#B := O#I - F#A. A#J := O#O. F#A := O#B. H#G := 2. J#M := 1. B#I := F#F - N#B. G#O := H#N - F#A. H#N := A#J. O#O := 0. M#I := F#F. O#I := A#J. K#G := J#M. G#K := F#F. G#K?,5,2,False,ea2e969d,4,[FINAL]  2 [END],10.293300663000991,5,1326,False
igsm,depth_4_hierarchical_mod_7,Question. F#G := C#H. G#M := F#E. L#K := C#H * O#F. A#J := 5. M#N := A#J + H#F. K#E := L#K * F#G. F#E := 4. P#D := G#M. O#A := 6. N#A := L#K * F#G. O#F := M#N + G#M. H#F := 1. C#H := M#N. D#M := F#G. D#M?,6,2,False,e855fc09,4,[FINAL]  2 [END],10.221645972998886,5,1294,False
igsm,depth_4_hierarchical_mod_7,Question. I#K := G#F. M#I := 6. D#K := F#G * D#L. M#M := D#K. N#N := 4. K#M := N#N. D#L := K#H * K#M. K#H := B#M. G#F := K#H + K#M. I#B := D#L. L#E := A#N * A#N. D#N := M#I + M#I. A#B := I#K. I#D := D#L. A#N := 2. F#G := D#N - K#H. B#M := 4. C#A := I#B. M#M?,2,2,True,7732a75a,4,[FINAL]  2 [END],10.720311232000313,5,1330,False
igsm,depth_4_hierarchical_mod_7,Question. K#A := G#A + G#A. G#A := 4. B#J := K#D. J#G := B#J. O#M := 5. P#M := O#K. J#O := 3. K#D := P#C. A#C := K#D. E#B := O#M. L#H := G#A. D#J := O#K. P#C := C#E + G#A. C#E := 0. O#K := K#D * K#D. N#J := E#B + L#H. J#G?,4,2,False,232013cc,4,[FINAL]  2 [END],10.216753919999974,5,1306,False
igsm,depth_4_hierarchical_mod_7,Question. G#F := L#M * L#M. J#O := E#N. H#D := L#M. F#M := 2. N#J := M#I. A#L := 0. E#N := K#O * F#M. F#M := 6. P#N := J#G * M#I. K#E := E#N. C#A := N#J - N#J. L#M := K#E. M#I := F#M * K#O. O#L := L#M. J#G := F#M. B#I := L#M. K#O := 1. B#I?,2,ERROR,False,6263b504,4,Experiment failed: 5 repeated outputs,0.0,0,0,False
igsm,depth_4_hierarchical_mod_7,Question. N#N := I#O. G#M := 5. N#L := I#O. O#G := G#F. B#C := O#G * O#G. L#M := N#L. I#O := 4. G#F := N#L. A#P := O#G + A#A. A#A := L#M + G#F. F#N := 3. B#M := 5. B#C?,2,ERROR,False,6aaf6e71,4,Experiment failed: 5 repeated outputs,0.0,0,0,False
igsm,depth_4_hierarchical_mod_7,Question. D#D := 0. E#I := M#H + P#P. F#M := D#D. P#P := F#M - K#P. A#L := B#I * G#A. J#E := 3. O#F := E#I - E#I. M#H := K#P + K#P. F#N := M#H. K#P := J#E + J#E. F#O := K#P. G#A := M#H. B#I := P#P. C#I := 2. J#D := 2. O#F?,0,0,True,bf411fc8,4,[FINAL]  0 [END],10.1389520419998,5,1306,False
igsm,depth_4_hierarchical_mod_7,Question. L#I := 0. N#J := C#J. O#H := M#I. M#I := N#J + G#K. A#L := 6. B#I := G#K - C#O. G#K := M#G. P#G := 3. G#A := L#I. H#C := M#G. L#N := M#I. M#G := P#G + P#G. C#O := H#K. H#K := P#G + C#E. C#E := 1. C#J := A#L - C#E. O#H?,4,2,False,e98c13dd,4,[FINAL]  2 [END],10.173572751999018,5,1310,False
igsm,depth_4_hierarchical_mod_7,Question. B#D := K#K * E#F. K#L := 2. E#F := M#P - O#D. A#F := H#A. L#I := 1. N#P := E#F * E#F. H#N := M#E. L#E := K#L. B#N := 3. D#F := P#L - K#K. O#D := H#A. M#E := M#P. H#G := B#C. K#K := O#D - C#I. P#L := C#I. B#C := 5. H#A := L#I - B#C. M#P := H#G. C#I := H#A. B#D?,0,2,False,7f40a0b8,4,[FINAL]  2 [END],10.321142430999316,5,1338,False
igsm,depth_4_hierarchical_mod_7,Question. K#N := G#D - N#K. N#K := A#B. M#B := C#N. L#I := 2. I#A := M#G. F#L := B#E - L#M. J#M := 3. B#E := N#K - M#B. L#M := N#K + M#B. B#G := B#E * B#E. L#K := F#L. D#N := K#N + B#E. C#N := 5. A#B := 2. G#D := J#M * C#N. M#G := K#N * K#N. L#K?,4,1,False,ee13d6cb,4,[FINAL]  1 [END],10.277107723000881,5,1322,False
igsm,depth_4_hierarchical_mod_7,Question. E#H := E#M. B#P := D#N * D#N. C#D := O#H + O#H. O#M := A#A + M#D. A#A := 2. M#D := 3. K#N := E#M. H#J := D#N * E#O. N#N := 3. J#I := A#A. O#H := 0. E#M := D#N. E#O := O#M - O#M. D#N := J#I. K#N?,2,2,True,61650849,4,[FINAL]  2 [END],10.650357828999404,5,1294,False
igsm,depth_4_hierarchical_mod_7,Question. P#C := 6. C#A := M#B + P#C. M#B := 1. A#E := O#I. J#K := P#C + P#C. A#F := L#M. B#M := 0. E#M := B#H. K#G := A#F * B#H. M#I := 3. O#I := P#C. L#M := C#A. A#C := L#M - A#E. B#H := A#E. E#M?,6,0,False,342e2969,4,[FINAL]  0 [END],10.181763114000205,5,1290,False
igsm,depth_4_hierarchical_mod_7,Question. M#O := L#A. M#J := L#A. E#P := I#J + H#P. L#C := 2. D#A := G#J. D#E := H#G. G#D := G#J + G#J. G#J := I#J. I#J := 0. K#M := H#G. N#C := G#J * G#J. H#P := 2. H#J := 4. H#G := N#C * N#C. K#A := H#J. L#A := N#C. M#O?,0,2,False,e13e60c8,4,[FINAL]  2 [END],10.232612314999642,5,1306,False
igsm,depth_4_hierarchical_mod_7,Question. E#O := 2. B#K := K#P. M#O := P#M. I#H := L#I + A#L. L#I := E#O. B#J := K#M. J#I := I#H - K#M. K#P := I#B - K#M. K#M := A#L. K#I := J#I. A#L := M#A. C#F := 4. M#A := 4. P#M := 0. A#M := E#O * P#M. A#N := J#I + B#J. I#B := M#O. B#K?,3,2,False,e5f4a2d3,4,[FINAL]  2 [END],10.241021613001067,5,1318,False
igsm,depth_4_hierarchical_mod_7,Question. L#H := 3. E#D := K#B. D#B := L#M. A#F := E#H. H#H := F#K * F#K. E#H := 4. H#J := E#D + E#D. G#M := M#N. M#N := A#F * H#A. H#K := H#J * H#H. K#B := L#H. F#K := D#B. K#J := E#D. K#G := K#J. L#M := 5. M#P := G#M + G#M. H#A := L#H. E#A := 5. H#K?,3,2,False,a12fbcb9,4,[FINAL]  2 [END],10.298602140001094,5,1326,False
igsm,depth_4_hierarchical_mod_7,Question. H#P := L#H. E#H := N#C. E#G := 2. E#F := F#N. F#N := 1. M#P := 6. L#H := G#B. N#C := E#F. K#A := H#P. H#J := H#P. F#P := 1. G#B := E#G. A#B := H#P. H#J?,2,2,True,c5dd84b6,4,[FINAL]  2 [END],9.826409057001001,5,1266,False
igsm,depth_4_hierarchical_mod_7,Question. M#F := F#M. F#M := M#P. O#I := I#F. O#L := 6. L#B := F#L - M#F. P#M := H#K. D#E := F#M. E#H := M#F - F#L. J#G := I#F - I#F. F#L := J#G. B#H := E#H. I#F := 4. E#A := 1. M#P := 3. H#K := M#F. G#I := O#I. H#A := O#L. B#H?,3,ERROR,False,02da7b8a,4,Experiment failed: 5 repeated outputs,0.0,0,0,False
igsm,depth_4_hierarchical_mod_7,Question. A#B := 0. I#K := 4. M#O := P#B - F#L. N#I := 0. A#E := 2. F#L := N#I. P#B := N#I - I#K. G#E := M#O - M#O. P#O := M#O. B#N := G#E. B#E := P#O - G#E. B#H := P#B. B#E?,3,ERROR,False,39d12412,4,Experiment failed: 5 repeated outputs,0.0,0,0,False
igsm,depth_4_hierarchical_mod_7,Question. H#N := G#B. F#J := 6. K#M := G#O - G#B. G#B := F#J. E#B := J#C. G#O := M#N. O#M := 4. A#J := P#I. M#I := 5. M#F := J#C. M#N := 6. G#J := K#M. M#M := K#M. J#C := K#M * K#M. P#I := H#N. A#J?,6,1,False,9c7f7786,4,[FINAL]  1 [END],10.61488741500034,5,1290,False
igsm,depth_4_hierarchical_mod_7,Question. B#N := E#F. K#O := O#E. I#G := I#C. B#H := P#C * P#C. M#N := 6. L#A := 2. J#D := 4. P#C := O#E. J#C := B#N * O#E. E#F := 3. O#E := M#N - L#A. E#J := I#C + I#C. O#K := B#H - B#H. I#C := K#O. E#J?,1,1,True,5589aede,4,[FINAL]  1 [END],10.1207504970007,5,1294,False
igsm,depth_4_hierarchical_mod_7,Question. F#B := E#E. L#F := 1. N#K := M#M. I#O := N#D. O#F := E#E * E#E. L#D := I#O. E#E := 5. B#A := N#D - F#B. I#P := 1. O#C := M#M. G#D := F#B. B#F := M#M + P#B. C#P := O#F. P#B := G#D. J#A := 1. N#D := L#F. M#M := C#P. O#C?,4,1,False,fec57f27,4,[FINAL]  1 [END],10.168872751999515,5,1310,False
igsm,depth_4_hierarchical_mod_7,Question. J#F := K#G. G#C := G#O. H#M := F#J. G#O := H#M + H#M. D#N := 1. H#G := G#O * G#O. K#A := B#P. D#H := 1. M#P := K#A + G#C. F#J := 6. B#P := K#G. M#L := C#C. G#I := H#M. C#C := G#I. K#G := F#J. D#H := 0. G#F := G#C. G#F?,5,1,False,13e38c4b,4,[FINAL]  1 [END],10.179615654000372,5,1310,False
igsm,depth_4_hierarchical_mod_7,Question. F#P := H#E + H#E. C#H := O#K * C#C. B#C := J#A. O#K := M#G * B#M. K#I := O#K + O#K. M#G := P#D + B#C. J#A := 0. L#D := 0. P#D := B#P. H#E := E#K. C#C := B#M. B#P := 2. E#K := P#D. I#G := 5. G#N := P#D. A#G := B#M. B#M := B#C. D#L := C#C. F#P?,4,2,False,f7110646,4,[FINAL]  2 [END],10.310661007999443,5,1326,False
igsm,depth_4_hierarchical_mod_7,Question. K#E := 5. A#J := G#O - J#D. I#H := A#D. K#M := N#L - N#E. C#M := 5. G#O := K#M. A#D := 0. N#L := C#M. J#D := K#M - F#B. N#E := K#E. H#G := G#O. F#B := N#E - N#E. N#B := 2. G#C := J#D * G#O. H#G?,0,1,False,a8acdb4c,4,[FINAL]  1 [END],10.21889332000137,5,1294,False
igsm,depth_4_hierarchical_mod_7,Question. B#D := A#L. B#B := M#E. A#L := M#M. P#J := 5. J#C := H#E. I#B := 5. H#D := B#B. F#D := M#M + J#D. J#D := B#B + C#O. M#E := 3. A#P := C#O. C#O := P#J. H#E := A#P. E#G := 3. M#M := B#B. E#P := F#D. E#P?,4,2,False,e82ba5a6,4,[FINAL]  2 [END],10.21210114600035,5,1298,False
igsm,depth_4_hierarchical_mod_7,Question. D#G := 1. A#N := D#G * D#G. I#F := 1. D#P := O#M. B#M := B#J * E#A. J#F := L#L - I#F. E#A := F#L. F#L := 6. O#F := B#P * B#P. O#M := A#B. B#J := F#L * I#F. A#B := A#N. B#P := A#B. L#L := 0. J#M := B#M - A#B. D#P?,1,1,True,a0d5d3bc,4,[FINAL]  1 [END],10.656618304999938,5,1306,False
igsm,depth_4_hierarchical_mod_7,Question. I#A := K#C. O#A := K#C. C#A := B#O. G#H := I#A. E#J := 5. M#J := I#A - I#A. K#A := I#A - O#A. B#O := K#A. E#N := K#A - G#A. E#D := 1. A#P := E#N + B#O. G#A := O#A. K#C := 6. P#H := 1. A#P?,1,1,True,70434bca,4,[FINAL]  1 [END],10.206100322000566,5,1290,False
igsm,depth_4_hierarchical_mod_7,Question. O#N := 0. I#F := P#N. L#B := C#E. E#J := A#K - A#K. E#G := D#H - L#B. A#K := E#D. K#M := A#K. C#E := 6. I#L := 6. D#H := I#L. A#O := I#F. E#D := D#H * L#B. P#N := L#B. N#O := L#B. B#D := P#N - P#N. P#H := 6. A#O?,6,0,False,3ef0b843,4,[FINAL]  0 [END],10.212589972001297,5,1306,False
igsm,depth_4_hierarchical_mod_7,Question. I#P := N#K. O#H := P#C * P#M. A#I := O#H. A#N := A#D + A#D. N#B := A#D. M#F := A#A. P#C := 0. N#K := A#A. E#E := A#D. B#F := A#I * N#P. P#M := 4. M#B := P#M - P#C. F#I := 0. A#A := 0. A#D := N#P. N#P := O#H. A#N?,0,0,True,7eb5cc3f,4,[FINAL]  0 [END],10.243662740000218,5,1306,False
igsm,depth_4_hierarchical_mod_7,Question. L#F := J#H. M#F := H#G * H#G. O#H := J#O. K#P := J#O. H#G := O#P + O#G. J#H := O#O - C#P. D#A := C#P. G#H := O#O. J#O := D#A * D#A. O#O := 6. F#M := 1. A#G := F#M + J#M. O#P := D#A. J#M := 6. C#P := 5. A#D := K#P. O#G := D#A. A#D?,4,2,False,fd528017,4,[FINAL]  2 [END],10.262524194000434,5,1318,False
igsm,depth_4_hierarchical_mod_7,Question. P#O := N#J * N#J. M#C := J#K. G#N := J#K. J#P := F#B. E#C := 4. M#P := J#B * F#B. H#J := 1. J#B := G#N. J#K := H#J. I#L := F#B. N#J := O#I + F#H. F#H := 0. O#I := 3. F#B := P#O * M#C. M#P?,2,2,True,115a6c4b,4,[FINAL]  2 [END],10.19848866800021,5,1290,False
igsm,depth_4_hierarchical_mod_7,Question. D#H := K#B. I#L := D#K. K#I := 6. K#B := 1. P#P := D#H - B#P. D#K := P#A + D#H. N#I := 1. J#J := D#K. P#A := K#I. O#K := N#I. K#M := I#L. L#O := D#H * D#H. B#P := J#B - K#I. J#B := 0. I#G := J#J + I#L. A#L := J#J. A#L?,0,2,False,adfb91a1,4,[FINAL]  2 [END],10.239773788000093,5,1310,False
igsm,depth_4_hierarchical_mod_7,Question. A#C := I#H + I#M. I#M := 3. I#H := 6. H#E := G#F. C#G := 6. D#L := J#E. C#L := A#C * G#F. L#L := 1. F#C := H#E * C#L. D#C := G#F + A#C. G#F := L#L + I#H. J#E := C#L. F#P := M#B - J#E. M#B := H#E. F#P?,0,1,False,80553adb,4,[FINAL]  1 [END],10.222911626000496,5,1298,False
igsm,depth_4_hierarchical_mod_7,Question. D#N := H#H. H#F := 0. A#G := A#C. B#J := A#G. F#K := H#H. E#B := H#H. E#D := A#M + H#F. C#L := 3. D#A := 4. A#M := 1. G#E := C#L + C#L. A#C := H#F + A#M. B#H := H#H. H#H := L#G - L#G. L#G := E#D. F#K?,0,0,True,2328b3e7,4,[FINAL]  0 [END],10.61684609400072,5,1298,False
igsm,depth_4_hierarchical_mod_7,Question. H#L := I#G. G#D := 2. O#O := J#N. J#N := J#F. J#F := 0. P#D := D#K. I#G := J#F. D#K := O#C. G#L := N#B - N#B. O#C := J#N * I#G. D#G := D#K. C#D := I#G. I#M := N#B. N#I := 0. N#B := H#L + C#D. L#K := 4. P#D?,0,2,False,035a97b5,4,[FINAL]  2 [END],10.203544470999987,5,1302,False
igsm,depth_4_hierarchical_mod_7,Question. P#L := J#M. B#J := 3. N#J := M#O + M#O. B#A := 4. K#M := 2. H#J := 0. G#K := M#J. M#N := N#J. A#K := A#O. M#P := M#O. J#M := M#P + G#K. A#M := A#K * A#K. M#O := K#M * H#J. M#J := H#J * K#M. C#L := B#A * B#A. A#O := C#L. A#M?,4,1,False,d0563442,4,[FINAL]  1 [END],10.262167113000032,5,1314,False
igsm,depth_4_hierarchical_mod_7,Question. I#M := 2. J#H := N#F * F#B. J#E := 5. G#C := I#A. D#H := 6. F#M := P#F. N#F := M#E. P#L := D#H. N#B := I#M. K#K := N#J. I#A := 2. M#E := N#B + P#L. J#A := G#C - G#C. H#B := F#B. N#J := F#M * F#M. K#N := F#B - N#J. F#B := J#A. P#F := I#M. K#K?,4,2,False,e6427c1b,4,[FINAL]  2 [END],10.373909067000568,5,1326,False
igsm,depth_4_hierarchical_mod_7,Question. O#A := F#O - D#C. I#C := L#D + F#D. J#E := L#K - E#K. O#B := L#K - F#D. G#H := N#O. K#M := P#A * F#O. O#M := P#A. F#O := J#E. P#A := I#C. M#A := E#K - E#K. L#D := 4. H#O := O#A - O#M. F#D := 5. J#N := O#M. D#C := M#A. N#O := D#C. N#E := O#M. L#K := 6. E#K := 0. N#E?,2,2,True,042dc817,4,[FINAL]  2 [END],10.324918352000168,5,1342,False
igsm,depth_4_hierarchical_mod_7,Question. F#C := G#N * G#N. F#P := 6. K#B := F#C. I#F := 0. A#C := F#C. G#N := F#P. O#F := M#J + K#B. E#C := I#N * I#N. P#M := G#N. I#N := 1. E#J := K#B. O#I := K#B * M#J. L#B := K#B - K#B. N#D := P#M - F#C. M#J := P#M. M#D := I#F * F#P. I#I := F#P * D#C. D#C := 0. O#I?,6,0,False,b9ae2795,4,[FINAL]  0 [END],10.247704978000911,5,1338,False
igsm,depth_4_hierarchical_mod_7,Question. D#M := B#G - B#G. H#I := K#O. D#F := 2. B#M := 1. C#J := F#G. G#B := C#L + B#G. L#A := B#M. K#C := F#G - D#F. G#P := 6. K#O := B#G. C#L := F#F - L#A. P#J := D#M. F#G := 1. B#G := L#A. N#I := D#P - D#P. D#P := C#L + B#G. F#F := F#G * G#P. N#G := D#P. N#G?,6,2,False,75ba142f,4,[FINAL]  2 [END],10.231591743000536,5,1334,False
igsm,depth_4_hierarchical_mod_7,Question. D#M := J#J. I#K := C#B. G#N := A#N. D#D := 6. M#E := M#A. G#P := D#M. M#A := D#M. A#N := J#J. N#G := D#D. E#H := G#N - G#N. N#I := J#J. J#J := 0. C#B := G#N. H#G := A#N * A#N. B#H := 2. O#G := E#H - M#E. I#J := 2. I#K?,0,2,False,c4657872,4,[FINAL]  2 [END],10.203061215999696,5,1310,False
igsm,depth_4_hierarchical_mod_7,Question. D#B := L#E. D#N := G#H. A#M := G#H. B#G := A#M. D#F := G#H. G#H := K#N - D#B. K#L := G#H. I#K := D#F * D#N. H#I := D#B + D#B. L#E := 0. M#H := A#I. I#I := 1. A#I := 1. K#N := J#E. L#G := M#H + M#H. M#N := K#N. J#E := 6. B#G?,6,2,False,00fb163b,4,[FINAL]  2 [END],10.243408747001013,5,1314,False
igsm,depth_4_hierarchical_mod_7,Question. C#I := 6. G#E := H#D. H#M := C#G - P#L. C#G := B#B. P#M := 2. B#B := J#F. H#D := 3. O#J := I#H. P#N := P#L. I#H := C#I. L#F := H#D. C#H := 4. P#L := O#J. J#F := P#M + C#H. A#O := O#J. P#N?,6,2,False,5b4725b0,4,[FINAL]  2 [END],10.63188835999972,5,1290,False
igsm,depth_4_hierarchical_mod_7,Question. I#A := P#O. L#I := M#G. J#H := I#A + I#A. P#P := 5. D#B := 0. D#O := O#J + M#O. I#D := M#O - O#J. D#H := M#O. G#G := I#K + I#K. M#G := I#A. O#J := 5. P#O := O#J + O#J. I#K := P#O. M#O := 4. D#M := M#G. L#I?,3,ERROR,False,00c06ebf,4,Experiment failed: 5 repeated outputs,0.0,0,0,False
igsm,depth_4_hierarchical_mod_7,Question. F#C := 0. L#E := 2. J#O := E#K. F#E := H#E + H#E. H#E := C#J. C#J := 4. N#A := I#N. N#P := 0. I#N := J#D + J#D. B#F := J#D. J#D := H#E + H#E. F#F := I#N. C#H := L#E * C#J. E#K := C#H + C#N. C#N := N#P. N#A?,2,ERROR,False,75db258a,4,Experiment failed: 5 repeated outputs,0.0,0,0,False
igsm,depth_4_hierarchical_mod_7,Question. E#B := 6. O#C := 0. D#C := L#H. A#I := F#H + F#H. G#A := D#G * D#G. N#N := E#B + O#C. B#P := D#C - D#G. C#C := D#C + N#N. I#F := 5. D#G := E#B. H#I := G#A - M#B. F#E := G#A. M#B := D#C + D#G. H#M := F#E. L#H := 1. F#H := M#B. A#I?,0,1,False,58db3327,4,[FINAL]  1 [END],10.305755171999408,5,1318,False
igsm,depth_4_hierarchical_mod_7,Question. F#B := N#E. O#M := 3. B#E := D#G - O#M. A#K := 4. E#E := F#N. A#I := B#E. L#K := 2. D#G := 4. M#A := A#B. A#B := F#B + F#N. F#G := P#L. F#N := I#A. I#A := D#G. N#E := D#G * A#K. P#L := I#A * I#A. K#B := E#E. M#A?,6,2,False,e85c6c17,4,[FINAL]  2 [END],10.188175884000884,5,1306,False
igsm,depth_4_hierarchical_mod_7,Question. K#B := A#E - E#H. E#H := 5. O#H := 2. L#E := K#N * N#K. A#E := 2. M#J := K#B + K#B. O#I := K#B. N#K := P#O - P#O. G#M := K#N + N#K. P#O := I#B + K#B. I#B := A#E. B#D := K#B. K#N := O#I. A#L := 3. G#M?,4,1,False,5cad7ecb,4,[FINAL]  1 [END],10.180081151000195,5,1298,False
igsm,depth_4_hierarchical_mod_7,Question. O#C := E#A * A#P. D#P := P#A * P#A. J#B := P#A. H#D := 6. L#K := P#A - O#C. E#B := 2. F#B := P#A * J#P. O#P := 0. P#O := H#H. G#C := H#D. J#P := A#P - E#A. E#A := P#O. H#H := 4. P#A := A#P. F#L := E#B + H#D. A#P := G#C + F#L. J#B?,0,1,False,b916f78f,4,[FINAL]  1 [END],10.238989612000296,5,1318,False
igsm,depth_4_hierarchical_mod_7,Question. F#K := P#N. D#I := 3. B#I := F#K. P#N := 3. O#M := A#N - P#O. F#J := A#E * K#C. J#O := O#N. E#M := G#A. F#I := F#K. G#A := B#I * F#I. O#N := B#I. K#C := F#K - F#K. G#J := F#I. A#N := 5. A#E := E#H. E#H := D#I. P#O := 3. E#M?,2,2,True,df7acfc8,4,[FINAL]  2 [END],10.25075575899973,5,1314,False
igsm,depth_4_hierarchical_mod_7,Question. C#B := P#D * P#D. G#K := D#B. H#E := A#P. D#I := H#C. D#B := D#I. A#E := M#N. M#N := A#P * A#J. J#D := A#E * K#O. P#A := D#B * J#D. P#D := 5. A#J := 3. C#J := H#E - H#E. I#N := 3. H#C := P#D. K#O := M#N. B#M := J#D. A#P := 1. G#K?,5,2,False,5b9a6ad0,4,[FINAL]  2 [END],10.78586895800072,5,1318,False
igsm,depth_4_hierarchical_mod_7,Question. M#H := K#O - A#H. K#O := B#I. A#H := C#F + C#F. M#A := 5. H#P := 2. P#F := G#P. G#P := 2. L#E := P#F - P#F. O#J := J#O + P#F. B#I := J#O - J#O. C#F := J#O. M#M := 3. J#O := H#P - M#M. L#C := M#M. O#D := A#H. M#H?,2,1,False,affbc685,4,[FINAL]  1 [END],10.313412477000384,5,1306,False
igsm,depth_4_hierarchical_mod_7,Question. B#C := F#G. C#G := B#C. D#C := 4. G#D := M#C. N#P := 1. A#L := B#C. A#O := H#L. M#C := B#C. J#B := H#L - J#D. J#D := 0. M#F := A#L * C#G. J#G := A#O. H#L := 6. D#H := A#L. F#G := H#L * J#D. D#H?,0,2,False,ec9f6c5f,4,[FINAL]  2 [END],10.20930436799972,5,1294,False
igsm,depth_4_hierarchical_mod_7,Question. K#J := G#C - G#C. A#K := C#I. J#A := 5. D#J := M#C - C#I. C#J := C#I. C#I := J#F. M#C := O#D. E#J := A#K. C#K := C#J. J#F := 5. N#J := 1. O#D := 1. G#C := J#A. G#M := C#K. K#G := A#K. D#D := C#J. K#P := C#K. K#P?,5,2,False,dcdf7d1d,4,[FINAL]  2 [END],10.170458328999302,5,1306,False
igsm,depth_4_hierarchical_mod_7,Question. B#E := N#A + H#I. N#A := A#F - A#F. J#I := C#A. P#B := B#K - E#G. A#G := 0. E#G := F#A * F#A. H#K := 2. G#C := 3. O#F := B#E. B#K := N#A - F#A. D#P := O#F. C#A := E#G. A#F := 6. H#I := A#F. M#G := P#B - C#A. N#H := A#G. F#A := G#C. M#G?,0,1,False,7e091582,4,[FINAL]  1 [END],10.146447062001243,5,1322,False
igsm,depth_4_hierarchical_mod_7,Question. L#M := O#G. N#H := E#N * E#N. K#H := 2. I#M := 4. A#G := O#I. B#C := L#M. A#D := 0. E#A := A#G - A#G. A#N := I#M. D#P := I#M * E#N. D#O := O#I. N#B := E#N. E#N := 6. O#I := D#P * N#H. O#G := A#N. E#A?,0,1,False,f49210b6,4,[FINAL]  1 [END],10.180379671999617,5,1298,False
igsm,depth_4_hierarchical_mod_7,Question. A#O := 4. F#H := H#A. H#A := O#K. O#E := 1. I#J := 0. E#F := B#N. F#D := E#F * E#F. B#N := 3. D#G := I#J. F#F := N#F + N#F. O#K := E#F. N#F := F#D * F#D. N#O := E#F. F#P := H#A. G#L := N#F. F#P?,3,1,False,36ad9a6e,4,[FINAL]  1 [END],10.277858265999384,5,1294,False
