task_type,ut_steps,accuracy,std,n_samples,accuracy_pct
igsm,2,0.13,0.3379976689896312,100,13.0
n_ary,2,0.256,0.43685889184353965,500,25.6
p_hop,2,0.21666666666666667,0.4126619137653291,300,21.666666666666668
