ut_steps,is_correct,generation_time,effective_depth,depth_efficiency,accuracy_pct
2,0.2288888888888889,4.375977130348887,48,0.004768518518518518,22.88888888888889
