ut_steps,main_accuracy,primitives_accuracy,main_accuracy_pct,primitives_accuracy_pct,gap
2,0.2288888888888889,0.8566666666666667,22.88888888888889,85.66666666666667,-62.777777777777786
