ut_steps,is_correct,model_size_b,param_efficiency,accuracy_pct
2,0.2288888888888889,1.4,0.1634920634920635,22.88888888888889
