ut_steps,perplexity,avg_loss
2,0.2431130440747763,1.2752127647399902
