depth,variant,ut_steps,accuracy,std,n_samples,accuracy_pct
0,code,2,0.95,0.21904291355759034,100,95.0
0,equation,2,0.93,0.2564323999762428,100,93.0
0,math,2,1.0,0.0,100,100.0
1,code,2,0.7,0.4605661864718382,100,70.0
1,equation,2,0.79,0.4093601807403322,100,79.0
1,math,2,0.77,0.4229525846816507,100,77.0
