ut_steps,is_correct,generation_time,generated_tokens,tokens_per_sec,accuracy_pct,accuracy_per_sec
2,0.2288888888888889,4.375977130348887,6.072222222222222,1.387626589752789,22.88888888888889,0.05230577813157814
