ut_steps,perplexity,avg_loss
2,0.6313709340635654,1.8801864385604858
