ut_steps,perplexity,avg_loss
1,7.265079021453857,1.9830792166969993
