ut_steps,perplexity,avg_loss
4,1.5199631452560425,0.4186861135742881
