ut_steps,perplexity,avg_loss
2,0.601602704163979,1.8250415325164795
