ut_steps,perplexity,avg_loss
2,0.6055259591599078,1.832215666770935
