ut_steps,perplexity,avg_loss
4,0.4408877508639752,1.5540862083435059
