ut_steps,perplexity,avg_loss
2,0.6184391446805868,1.8560287952423096
