ut_steps,perplexity,avg_loss
1,0.29160711689394636,1.3385770320892334
