ut_steps,perplexity,avg_loss
5,0.2358464269898272,1.2659798860549927
