ut_steps,perplexity,avg_loss
4,0.5341067371852987,1.7059236764907837
