ut_steps,perplexity,avg_loss
1,2.208072704341995,9.098164558410645
