ut_steps,is_correct,generation_time,effective_depth,depth_efficiency,accuracy_pct
2,0.2288888888888889,4.375977130348887,48,0.004768518518518518,22.88888888888889
3,0.27,6.029577916571109,72,0.0037500000000000003,27.0
4,0.10111111111111111,21.227995010211135,96,0.0010532407407407407,10.11111111111111
6,0.2966666666666667,10.409227298945568,144,0.0020601851851851853,29.666666666666668
7,0.23444444444444446,11.254305132177754,168,0.0013955026455026455,23.444444444444446
8,0.14666666666666667,32.341033691135564,192,0.0007638888888888889,14.666666666666666
12,0.1334723670490094,47.47786369601563,288,0.0004634457189201715,13.347236704900938
