ut_steps,is_correct,model_size_b,param_efficiency,accuracy_pct
2,0.2288888888888889,1.4,0.1634920634920635,22.88888888888889
3,0.27,1.4,0.1928571428571429,27.0
4,0.10111111111111111,1.4,0.07222222222222223,10.11111111111111
6,0.2966666666666667,1.4,0.21190476190476193,29.666666666666668
7,0.23444444444444446,1.4,0.16746031746031748,23.444444444444446
8,0.14666666666666667,1.4,0.10476190476190476,14.666666666666666
12,0.1334723670490094,1.4,0.0953374050350067,13.347236704900938
