ut_steps,perplexity,avg_loss
1,0.3015336644014212,1.3519306182861328
2,0.2431130440747763,1.2752127647399902
3,0.2410782402749798,1.2726205587387085
4,0.2360599046596564,1.2662501335144043
5,0.2358464269898272,1.265979886054993
6,0.2333978355732834,1.2628837823867798
7,0.2361637764967086,1.2663817405700684
8,0.2361707079022119,1.2663904428482056
