ut_steps,perplexity,avg_loss
2,0.2431130440747763,1.2752127647399902
3,0.2410782402749798,1.2726205587387085
4,0.5035916287127168,1.6555002331733704
6,0.2333978355732834,1.2628837823867798
7,0.2361637764967086,1.2663817405700684
8,0.4587431885884493,1.58208429813385
12,0.5043491296161031,1.655907392501831
