ut_steps,is_correct,generation_time,generated_tokens,tokens_per_sec,accuracy_pct,accuracy_per_sec
2,0.2288888888888889,4.375977130348887,6.072222222222222,1.387626589752789,22.88888888888889,0.05230577813157814
3,0.27,6.029577916571109,6.338888888888889,1.0512989427448476,27.0,0.044779253827694654
4,0.10111111111111111,21.227995010211135,11.492222222222223,0.5413710629145244,10.11111111111111,0.004763102264838221
6,0.2966666666666667,10.409227298945568,6.487777777777778,0.6232717944813229,29.666666666666668,0.028500354363163765
7,0.23444444444444446,11.254305132177754,6.437777777777778,0.5720280108072778,23.444444444444446,0.020831534394258822
8,0.14666666666666667,32.341033691135564,10.746666666666666,0.3322919968885301,14.666666666666666,0.004535002438925349
12,0.1334723670490094,47.47786369601563,5.652763295099062,0.11906102876261984,13.347236704900938,0.002811254691314396
