ut_steps,perplexity,avg_loss
1,7.036341190338135,1.9510882876136086
