ut_steps,is_correct,generation_time,effective_depth,depth_efficiency,accuracy_pct
8,0.14666666666666667,32.341033691135564,192,0.0007638888888888889,14.666666666666666
