ut_steps,is_correct,model_size_b,param_efficiency,accuracy_pct
8,0.14666666666666667,1.4,0.10476190476190476,14.666666666666666
