ut_steps,perplexity,avg_loss
8,0.45874318858844937,1.58208429813385
