ut_steps,is_correct,generation_time,generated_tokens,tokens_per_sec,accuracy_pct,accuracy_per_sec
8,0.14666666666666667,32.341033691135564,10.746666666666666,0.3322919968885301,14.666666666666666,0.004535002438925349
