ut_steps,perplexity,avg_loss
4,0.4716011068200714,1.6025580167770386
