ut_steps,perplexity,avg_loss
2,0.5788196502091005,1.7839314937591553
