ut_steps,perplexity,avg_loss
2,0.6460621882021714,1.9080126285552979
