ut_steps,perplexity,avg_loss
8,0.47382504318718155,1.6061259508132935
