ut_steps,perplexity,avg_loss
2,0.6143743313884814,1.8484996557235718
