ut_steps,perplexity,avg_loss
4,1.6939375400543213,0.5270557539029554
