ut_steps,perplexity,avg_loss
2,0.6265306071979199,1.871107578277588
