task_type,ut_steps,accuracy,std,n_samples,accuracy_pct
igsm,7,0.17,0.3775251680686369,100,17.0
n_ary,7,0.28,0.4494485599220806,500,28.000000000000004
p_hop,7,0.18,0.38482937191039607,300,18.0
