ut_steps,is_correct,generation_time,effective_depth,depth_efficiency,accuracy_pct
7,0.23444444444444446,11.254305132177754,168,0.0013955026455026455,23.444444444444446
