ut_steps,is_correct,model_size_b,param_efficiency,accuracy_pct
7,0.23444444444444446,1.4,0.16746031746031748,23.444444444444446
