ut_steps,perplexity,avg_loss
7,0.23616377649670864,1.2663817405700684
