depth,variant,ut_steps,accuracy,std,n_samples,accuracy_pct
0,code,7,0.99,0.09999999999999999,100,99.0
0,equation,7,1.0,0.0,100,100.0
0,math,7,1.0,0.0,100,100.0
1,code,7,0.96,0.19694638556693242,100,96.0
1,equation,7,0.92,0.27265992434429076,100,92.0
1,math,7,0.95,0.2190429135575903,100,95.0
