ut_steps,is_correct,generation_time,generated_tokens,tokens_per_sec,accuracy_pct,accuracy_per_sec
7,0.23444444444444446,11.254305132177754,6.437777777777778,0.5720280108072778,23.444444444444446,0.020831534394258822
