ut_steps,perplexity,avg_loss
2,0.7176877124883544,2.0496883392333984
