ut_steps,perplexity,avg_loss
2,0.5693788376294627,1.7671689987182617
