ut_steps,perplexity,avg_loss
2,0.6246415158522036,1.8675763607025146
