ut_steps,perplexity,avg_loss
2,0.6021757311805392,1.826087474822998
