ut_steps,perplexity,avg_loss
12,0.23747162539478317,1.2680389881134033
