ut_steps,perplexity,avg_loss
1,8.130904197692871,2.0956722389567983
