ut_steps,perplexity,avg_loss
4,0.41134050598012994,1.5088390111923218
