ut_steps,perplexity,avg_loss
2,0.6243902631350404,1.8671071529388428
