ut_steps,perplexity,avg_loss
4,0.46635783409282017,1.5941773653030396
