ut_steps,perplexity,avg_loss
2,0.5735334347725202,1.7745261192321777
