ut_steps,perplexity,avg_loss
1,8.38121223449707,2.1259925582192163
