ut_steps,perplexity,avg_loss
2,0.6324839430468597,1.8822802305221558
