ut_steps,perplexity,avg_loss
2,0.5396293094264084,1.715370774269104
