task_type,ut_steps,accuracy,std,n_samples,accuracy_pct
igsm,12,0.18,0.38612291966536916,100,18.0
n_ary,12,0.038306451612903226,0.19212883629499874,496,3.8306451612903225
p_hop,12,0.25068870523415976,0.43400781564776764,363,25.068870523415974
