ut_steps,is_correct,generation_time,effective_depth,depth_efficiency,accuracy_pct
12,0.1334723670490094,47.47786369601563,288,0.0004634457189201715,13.347236704900938
