ut_steps,main_accuracy,primitives_accuracy,main_accuracy_pct,primitives_accuracy_pct,gap
12,0.1334723670490094,0.8866666666666667,13.347236704900938,88.66666666666667,-75.31942996176574
