ut_steps,is_correct,model_size_b,param_efficiency,accuracy_pct
12,0.1334723670490094,1.4,0.0953374050350067,13.347236704900938
