ut_steps,perplexity,avg_loss
12,0.5043491296161031,1.655907392501831
