depth,variant,ut_steps,accuracy,std,n_samples,accuracy_pct
0,code,12,0.96,0.1969463855669324,100,96.0
0,equation,12,0.86,0.34873508801977704,100,86.0
0,math,12,0.88,0.3265986323710904,100,88.0
1,code,12,0.8,0.4020151261036848,100,80.0
1,equation,12,0.88,0.32659863237109044,100,88.0
1,math,12,0.94,0.23868325657594205,100,94.0
