ut_steps,is_correct,generation_time,generated_tokens,tokens_per_sec,accuracy_pct,accuracy_per_sec
12,0.1334723670490094,47.47786369601563,5.652763295099062,0.11906102876261984,13.347236704900938,0.002811254691314396
