variant,ut_steps,accuracy,std,n_samples,accuracy_pct
code,12,0.88,0.3257769992899003,200,88.0
equation,12,0.87,0.3371473590413289,200,87.0
math,12,0.91,0.28689990900825446,200,91.0
