task_type,ut_steps,accuracy,std,n_samples,accuracy_pct
igsm,6,0.32,0.46882617226215073,100,32.0
n_ary,6,0.292,0.45513767214020256,500,29.2
p_hop,6,0.2966666666666667,0.4575515273966042,300,29.666666666666668
