ut_steps,is_correct,generation_time,effective_depth,depth_efficiency,accuracy_pct
6,0.2966666666666667,10.409227298945568,144,0.0020601851851851853,29.666666666666668
