ut_steps,is_correct,model_size_b,param_efficiency,accuracy_pct
6,0.2966666666666667,1.4,0.21190476190476193,29.666666666666668
