ut_steps,perplexity,avg_loss
6,0.23339783557328345,1.2628837823867798
