depth,variant,ut_steps,accuracy,std,n_samples,accuracy_pct
0,code,6,0.98,0.14070529413628968,100,98.0
0,equation,6,1.0,0.0,100,100.0
0,math,6,1.0,0.0,100,100.0
1,code,6,0.95,0.21904291355759034,100,95.0
1,equation,6,0.98,0.1407052941362897,100,98.0
1,math,6,0.94,0.23868325657594203,100,94.0
