ut_steps,is_correct,generation_time,generated_tokens,tokens_per_sec,accuracy_pct,accuracy_per_sec
6,0.2966666666666667,10.409227298945568,6.487777777777778,0.6232717944813229,29.666666666666668,0.028500354363163765
