ut_steps,perplexity,avg_loss
2,0.5376859549085777,1.7120405435562134
