ut_steps,perplexity,avg_loss
1,7.389362812042236,2.000041593204845
