ut_steps,perplexity,avg_loss
4,0.4487590752206004,1.566367268562317
