ut_steps,perplexity,avg_loss
1,7.883125305175781,2.064724412831393
