ut_steps,perplexity,avg_loss
4,0.2360599046596564,1.2662501335144043
