ut_steps,perplexity,avg_loss
4,0.5035916287127168,1.65550023317337035
