depth,variant,ut_steps,accuracy,std,n_samples,accuracy_pct
0,code,4,0.35,0.4793724854411022,100,35.0
0,equation,4,0.39,0.4902071300001973,100,39.0
0,math,4,0.27,0.4461960433384737,100,27.0
1,code,4,0.32,0.46882617226215056,100,32.0
1,equation,4,0.35,0.4793724854411021,100,35.0
1,math,4,0.36,0.48241815132442184,100,36.0
