task_type,ut_steps,is_correct,step_count,has_final,response_length,accuracy_pct
igsm,4,0.19,0.0,1.0,17.7,19.0
n_ary,4,0.026,0.0,0.986,20.034,2.6
p_hop,4,0.19666666666666666,0.0,1.0,44.663333333333334,19.666666666666664
